,0,1,2,3,4,5,6,7,8,9,10,11,12,13,14,15,16,17,18,19,20,21,22,23,24,25,26,27,28,29,30,31,32,33,34,35,36,37,38,39,40,41,42,43,44,45,46,47,48,49,50,51,52,53,54,55,56,57,58,59,60,61,62,63,64,65,66,67,68,69,70,71,72,73,74,75,76,77,78,79,80,81,82,83,84,85,86,87,88,89,90,91,92,93,94,95,96,97,98,99,100,101,102,103,104,105,106,107,108,109,110,111,112,113,114,115,116,117,118,119,120,121,122,123,124,125,126,127,128,129,130,131,132,133,134,135,136,137,138,139,140,141,142,143,144,145,146,147,148,149,150,151,152,153,154,155,156,157,158,159,160,161,162,163,164,165,166,167,168,169,170,171,172,173,174,175,176,177,178,179,180,181,182,183,184,185,186,187,188,189,190,191,192,193,194,195,196,197,198,199,200,201,202,203,204,205,206,207,208,209,210,211,212,213,214,215,216,217,218,219,220,221,222,223,224,225,226,227,228,229,230,231,232,233,234,235,236,237,238,239,240,241,242,243,244,245,246,247,248,249,250,251,252,253,254,255,256,257,258,259,260,261,262,263,264,265,266,267,268,269,270,271,272,273,274,275,276,277,278,279,280,281,282,283,284,285,286,287,288,289,290,291,292,293,294,295,296,297,298,299,300,301,302,303,304,305,306,307,308,309,310,311,312,313,314,315,316,317,318,319,320,321,322,323,324,325,326,327,328,329,330,331,332,333,334,335,336,337,338,339,340,341,342,343,344,345,346,347,348,349,350,351,352,353,354,355,356,357,358,359,360,361,362,363,364,365,366,367,368,369,370,371,372,373,374,375,376,377,378,379,380,381,382,383,384,385,386,387,388,389,390,391,392,393,394,395,396,397,398,399
0,51,31,55,46,41,94,29,3,32,37,96,1,30,91,47,4,39,37,44,94,54,82,4,74,74,80,25,58,32,32,71,80,95,53,7,18,77,77,74,19,90,92,81,2,45,8,8,70,69,74,90,56,78,82,5,55,89,9,33,26,91,55,70,12,99,11,18,41,59,8,83,37,92,54,18,1,92,99,51,83,84,75,21,61,25,61,88,76,26,23,51,35,44,85,31,98,79,44,60,48,93,71,82,68,49,17,93,15,14,11,1,95,60,27,50,52,61,41,47,60,27,61,13,82,21,60,61,10,33,58,49,85,54,39,52,49,41,81,44,41,33,50,14,19,4,56,14,1,91,45,23,94,8,46,69,92,92,82,69,97,77,19,73,62,52,41,20,55,14,15,12,25,43,88,36,62,72,72,54,38,90,62,61,4,14,67,71,21,94,67,9,51,28,20,17,71,10,68,56,21,16,5,43,36,33,73,21,69,40,22,15,58,1,89,44,99,50,83,42,89,13,6,28,8,15,72,25,32,15,59,39,3,8,95,39,18,27,87,63,74,51,12,85,74,70,48,4,71,9,93,49,61,10,89,94,13,17,91,81,10,87,67,49,56,13,43,48,3,53,5,44,30,74,93,38,18,32,25,74,39,44,7,60,69,14,6,80,82,78,75,51,83,35,47,47,78,43,9,21,42,1,28,2,99,69,14,79,67,38,89,11,19,49,49,12,23,78,91,11,4,35,58,93,11,57,38,47,10,65,70,36,2,18,69,48,78,81,72,55,88,2,56,34,75,9,38,21,17,74,34,68,27,63,11,85,9,20,35,73,37,48,30,5,4,47,4,79,91,43,87,54,79,13,36,81,54,51,32,37,59,87,62,54,97,65,46,1,35,98,96,90,42,22,16,92,92,21,64,98,72
1,97,55,72,81,48,58,68,78,31,94,96,95,67,38,99,81,76,32,62,48,8,6,22,7,80,38,51,63,53,22,55,9,73,61,95,7,5,29,10,62,41,13,50,90,60,34,93,1,49,41,68,88,50,5,92,76,67,56,50,75,74,65,6,25,85,62,82,57,45,22,62,84,83,31,69,76,71,66,60,75,64,35,84,81,38,88,6,29,75,54,85,58,68,38,48,12,92,90,43,21,15,36,9,7,1,99,7,2,23,90,76,76,9,94,76,52,60,11,91,71,20,78,36,55,25,92,15,72,53,55,28,80,9,27,71,47,72,10,24,63,69,7,26,32,37,31,82,44,4,42,76,98,63,79,87,91,82,21,22,90,77,30,68,81,47,83,75,52,23,84,33,80,67,78,86,11,10,18,48,95,30,73,80,30,50,27,34,86,32,4,11,58,60,81,9,95,84,35,20,22,19,87,3,61,16,22,38,59,54,78,59,64,51,42,70,12,79,97,87,99,63,94,86,60,71,85,46,1,59,13,25,3,98,59,72,76,86,84,2,66,23,38,52,37,56,95,17,96,37,50,59,5,5,96,84,95,16,55,98,97,47,52,68,42,7,63,44,67,68,40,20,9,93,5,15,55,75,28,29,55,19,19,8,34,52,29,37,2,34,9,65,32,36,47,56,97,79,49,31,38,83,94,8,89,8,20,50,41,76,59,84,95,96,71,30,11,50,32,98,54,61,79,64,63,45,30,83,89,13,70,49,68,78,48,22,11,20,98,10,20,69,51,70,83,20,98,51,47,16,37,37,99,29,59,15,34,59,64,32,40,77,19,54,22,68,16,7,84,59,29,98,10,61,80,14,13,1,22,8,31,88,7,82,65,2,5,39,38,43,19,57,42,34,27,68,56,99,78,4,43
2,83,35,17,76,78,94,45,34,68,88,52,61,79,61,86,68,68,55,47,24,91,41,82,27,21,82,86,70,65,37,19,22,33,88,86,17,16,67,72,31,66,19,8,7,37,9,90,99,25,80,76,99,74,17,59,63,42,20,14,7,81,16,14,45,70,87,96,11,36,52,92,28,93,63,67,35,85,38,29,6,35,57,41,83,74,73,9,4,5,31,32,58,62,87,70,39,12,35,41,88,60,84,48,99,3,33,47,77,37,74,16,72,55,55,80,58,33,77,96,81,68,62,50,22,20,99,42,75,1,85,51,38,23,9,54,22,15,28,7,92,98,34,5,4,45,88,57,90,82,74,11,9,20,53,21,28,64,1,32,97,18,7,51,22,6,33,17,62,84,60,53,91,31,71,43,88,10,17,33,84,21,30,43,57,40,17,38,87,30,68,60,47,42,98,25,97,45,24,28,3,67,51,42,36,31,69,30,81,55,35,25,59,1,28,8,28,9,28,50,95,1,6,44,65,39,82,73,21,12,51,30,97,32,48,36,34,38,51,19,96,40,27,23,34,22,20,88,3,17,98,38,50,60,92,73,78,5,70,4,57,66,11,84,10,36,63,27,37,50,85,15,62,23,43,82,43,77,23,54,45,76,49,81,32,36,2,33,48,86,56,91,60,99,27,49,41,60,75,6,83,25,62,71,58,18,21,16,83,35,36,97,16,95,22,37,26,1,44,49,92,22,67,7,78,4,22,72,99,43,2,37,27,52,31,80,5,85,78,36,83,49,63,5,64,88,10,64,27,11,82,82,89,46,30,78,72,43,44,85,15,25,61,99,91,44,62,67,13,83,19,58,53,89,94,19,88,10,23,42,21,56,75,28,39,48,58,48,41,62,48,35,48,54,82,51,1,15,61,5,93
3,46,59,29,57,42,91,10,19,18,44,35,75,74,17,36,38,62,25,25,76,79,33,27,73,99,90,61,39,41,9,42,86,48,16,45,65,35,95,9,28,57,6,50,60,18,66,65,63,9,41,81,79,98,6,69,8,10,41,18,90,44,61,71,74,37,45,53,57,10,30,58,54,78,18,6,55,85,64,37,84,45,88,95,75,80,27,49,32,25,71,33,49,57,2,41,2,13,69,87,95,59,1,69,80,38,58,12,8,47,36,97,4,19,44,90,10,25,56,67,83,27,68,16,76,22,25,40,43,62,68,69,19,49,72,37,22,85,50,62,26,24,76,47,72,77,44,33,81,10,66,75,91,77,8,7,71,1,31,96,85,89,65,52,30,76,75,51,77,52,74,78,6,80,86,35,21,1,50,5,5,53,24,15,83,17,58,43,15,55,34,91,20,64,83,86,85,67,7,15,64,48,45,4,64,99,69,71,88,76,99,14,8,61,19,52,75,26,64,88,45,47,48,99,80,26,97,33,14,34,33,68,37,93,35,30,5,78,37,76,19,32,90,87,11,14,5,43,27,54,81,34,42,54,26,79,62,53,79,27,55,74,24,58,3,30,49,84,12,24,80,56,5,39,36,38,12,42,71,54,50,53,2,28,16,67,65,4,67,44,81,27,59,80,15,31,48,85,77,13,93,37,58,6,41,83,70,99,32,45,82,64,90,36,49,8,46,93,59,64,47,75,8,82,24,53,34,39,89,23,76,49,83,3,78,8,12,2,15,53,92,39,78,78,15,28,11,67,73,22,71,64,75,7,85,19,25,75,90,66,6,87,64,77,83,11,88,41,85,41,1,36,65,85,34,19,48,22,5,48,7,38,69,43,2,10,25,21,5,90,83,25,52,84,65,54,15,10,66,1,74
4,7,23,65,59,52,3,66,24,14,6,47,20,22,27,28,79,2,48,32,48,43,55,21,79,11,97,66,87,94,72,10,37,69,87,60,84,31,16,43,38,30,90,45,6,60,68,15,51,17,59,46,65,96,77,69,68,35,37,95,73,77,34,52,56,48,96,79,3,48,20,2,32,62,70,75,54,97,23,20,24,44,23,79,14,86,54,53,95,15,48,46,54,81,50,4,19,6,45,51,17,24,9,25,52,11,39,92,64,25,83,47,54,70,80,31,16,2,95,29,95,38,40,14,32,24,19,27,28,21,85,6,6,67,55,68,78,76,50,93,18,3,72,48,90,92,1,99,88,96,57,38,83,24,5,13,51,66,16,78,20,91,54,12,44,26,14,35,58,38,4,72,11,25,25,50,64,56,26,40,16,55,81,89,90,53,12,22,35,44,49,27,44,94,5,16,93,34,2,62,1,88,53,96,43,10,81,56,18,11,88,97,67,73,2,86,67,95,16,98,18,55,78,99,83,67,13,98,65,54,28,73,95,4,66,27,49,90,71,11,10,81,57,14,4,31,14,61,73,18,48,30,78,69,39,27,68,2,79,3,35,62,69,42,41,58,15,1,3,10,74,89,6,95,24,88,78,91,59,50,72,66,88,81,73,24,80,55,82,71,24,60,42,22,13,50,61,3,51,32,8,4,22,19,85,50,84,49,76,27,3,11,60,61,95,23,31,65,76,95,15,18,90,32,26,16,95,3,91,1,62,41,91,59,18,46,36,47,55,92,93,36,95,82,43,33,74,79,3,91,8,85,11,64,17,48,66,44,20,69,81,87,8,35,24,86,70,55,63,41,76,50,18,1,29,92,65,14,27,9,45,24,4,22,81,83,51,62,85,9,74,37,6,7,3,71,8,11,27,10,54
5,42,67,94,60,11,72,72,16,47,32,11,35,57,14,90,65,99,98,28,68,6,57,66,26,31,8,18,25,63,61,27,16,93,60,10,7,91,25,95,98,4,21,8,89,84,34,94,64,43,35,44,94,79,58,40,31,95,27,36,10,92,23,27,37,95,59,56,17,4,75,42,56,40,2,45,93,54,81,27,22,17,66,81,34,83,90,76,45,17,18,91,90,18,59,57,5,30,94,31,48,44,62,22,31,92,51,65,52,3,54,27,33,74,64,54,26,72,33,87,36,78,13,76,49,55,44,43,87,8,72,98,52,49,19,3,98,48,78,71,48,60,72,74,40,61,40,38,75,37,77,15,64,77,20,96,67,54,45,95,68,70,34,13,75,69,86,3,27,44,50,22,75,51,10,27,65,78,61,20,68,66,30,94,71,58,28,56,82,71,59,93,73,45,13,36,46,73,83,13,22,65,18,90,33,69,34,80,68,99,76,34,63,39,96,9,88,96,64,83,2,63,96,26,46,38,38,88,12,2,28,93,86,93,37,54,63,73,65,54,49,47,25,89,75,17,8,81,22,50,65,72,29,75,54,13,67,36,36,36,60,99,56,2,44,98,9,8,33,50,9,11,32,4,96,13,6,18,41,40,76,24,72,12,21,90,9,27,22,59,37,58,29,16,41,84,43,85,9,5,1,3,8,61,19,39,76,86,36,88,56,49,74,73,15,17,71,61,59,69,26,5,13,13,23,79,49,29,67,62,92,17,24,15,12,27,25,77,36,48,81,85,15,19,90,28,22,9,87,69,13,89,93,96,74,24,34,97,49,69,94,28,44,80,91,44,10,73,97,30,32,32,87,16,40,42,70,95,36,80,69,90,5,42,81,2,13,98,19,20,20,94,64,4,74,8,66,39,73,12,94
6,26,11,74,38,21,61,32,1,90,18,36,20,60,6,67,56,55,19,55,7,84,62,32,75,56,53,19,92,28,41,68,23,19,50,13,25,3,16,84,7,45,30,30,69,8,41,93,71,13,90,70,28,88,73,18,24,88,96,4,88,77,5,26,48,3,86,42,65,55,7,34,90,2,68,66,38,11,52,64,60,40,30,54,20,68,57,15,71,85,39,35,69,43,64,72,92,64,79,94,31,75,31,8,76,88,72,34,58,91,84,80,57,86,32,56,46,70,74,32,99,15,53,50,63,26,20,44,31,35,11,60,62,25,34,87,29,45,77,45,89,31,56,90,9,26,50,46,55,21,89,43,46,85,14,27,29,98,21,88,59,73,9,57,15,93,80,79,94,76,20,74,24,45,84,20,98,63,83,45,82,21,88,43,12,48,55,94,3,20,81,79,81,36,99,65,56,15,70,28,30,58,90,9,76,47,15,41,20,45,37,73,11,19,63,41,57,76,51,7,84,19,22,15,68,25,63,43,69,32,8,34,9,13,64,80,27,10,81,99,88,15,82,11,65,6,5,25,80,17,55,67,26,62,35,2,36,52,42,51,46,48,15,87,33,24,81,63,89,40,42,77,72,61,85,98,5,72,7,44,12,84,38,29,89,68,59,7,43,85,20,63,51,44,66,46,10,86,9,75,71,27,78,45,86,35,76,4,15,30,67,1,71,21,97,31,63,49,41,2,55,54,56,23,38,60,82,44,7,68,81,71,2,60,13,60,46,55,24,6,36,9,29,81,73,10,37,33,78,27,14,67,29,95,85,68,11,7,97,92,33,35,58,36,75,83,49,10,90,5,22,37,48,83,1,95,63,78,38,50,9,35,20,61,84,80,24,16,20,43,43,93,16,87,91,46,82,72,35,30,50
7,68,98,99,70,12,55,72,71,86,55,72,99,88,35,8,53,17,24,38,3,81,49,96,63,9,15,56,48,59,58,42,7,10,33,62,27,70,30,56,61,33,35,20,55,85,56,61,97,49,25,78,6,79,15,61,23,61,8,9,43,13,77,39,45,51,40,16,6,5,49,97,76,94,86,20,8,30,40,38,63,66,54,63,25,26,46,27,85,22,9,42,3,26,69,24,55,38,13,69,9,16,56,88,25,56,4,45,67,5,22,51,75,99,66,50,67,46,80,36,81,65,30,55,97,38,99,53,97,46,1,35,96,60,27,59,16,79,7,6,49,59,78,92,78,75,44,67,39,11,78,93,38,91,82,54,11,69,79,80,33,16,36,24,23,61,88,60,17,85,61,56,61,83,99,19,42,39,84,66,41,90,70,23,31,4,47,82,78,52,60,88,93,3,9,96,77,59,61,7,86,71,59,78,2,30,39,73,16,21,59,37,73,66,91,74,84,82,53,1,69,35,44,97,64,13,31,15,95,74,85,85,84,24,20,8,22,57,32,25,51,16,75,19,87,17,53,20,72,49,79,47,90,74,4,61,71,10,93,76,88,85,37,48,6,47,3,35,37,90,99,13,91,44,13,37,29,45,99,71,30,23,77,50,73,54,12,39,94,4,62,18,30,87,14,77,75,40,24,6,49,35,64,16,61,11,15,32,19,39,8,61,56,48,82,51,71,81,28,43,11,2,69,17,40,81,23,83,40,52,55,47,64,30,68,90,14,55,28,14,14,37,51,21,89,58,58,68,13,83,66,25,59,43,46,8,87,17,31,96,41,85,54,56,6,99,11,26,60,85,2,86,64,27,16,69,57,5,23,95,63,12,57,1,41,20,25,24,35,47,3,95,92,72,43,1,72,90,15,88,6
8,34,8,68,72,48,92,13,97,78,2,24,60,89,63,5,4,71,22,66,6,88,78,21,5,71,78,12,52,78,98,1,83,44,96,37,85,13,91,58,41,57,38,97,97,22,44,48,90,24,89,85,96,26,39,9,58,22,67,29,30,62,44,58,99,74,83,6,63,64,20,52,75,52,15,14,51,22,41,67,22,89,42,2,38,38,36,6,90,24,5,97,41,41,89,36,69,12,91,33,55,81,96,55,98,63,62,68,22,61,65,41,64,3,58,71,23,64,57,23,96,40,39,1,94,49,75,98,7,72,45,63,62,80,63,14,99,68,74,89,29,63,48,85,1,16,45,96,83,23,7,27,34,15,50,67,22,59,57,5,77,54,47,76,61,12,47,70,3,37,21,23,24,89,17,92,9,38,99,8,16,20,5,42,65,29,78,18,86,98,85,59,13,58,65,62,51,18,85,38,47,44,15,67,96,46,48,4,34,18,3,80,11,13,11,81,92,14,83,15,94,74,44,9,46,80,26,40,65,5,85,90,57,79,96,28,97,56,87,93,44,99,24,96,4,57,16,24,72,11,97,29,40,79,82,56,99,73,76,5,26,86,84,34,72,75,16,59,56,17,85,41,83,58,28,17,75,46,68,2,8,80,86,27,36,6,54,42,16,64,67,36,81,85,89,73,7,57,64,64,42,22,72,36,44,84,95,71,5,69,5,72,15,46,64,96,50,31,61,12,45,39,32,42,36,15,33,56,14,70,98,87,90,38,94,86,13,98,37,57,54,4,49,86,1,76,36,1,1,12,11,11,90,91,54,9,39,22,33,87,46,85,25,53,12,64,29,76,51,54,83,50,87,1,83,68,34,97,39,25,16,53,35,1,39,85,93,82,38,64,23,66,10,86,5,38,84,30,16,69,10
9,85,76,61,56,19,46,60,17,50,51,15,43,89,56,57,39,79,54,83,92,64,81,19,72,12,99,24,73,34,25,40,45,87,66,29,39,30,96,86,3,97,72,56,31,14,23,86,52,91,76,65,68,97,58,48,19,97,94,67,37,6,78,71,61,61,93,59,80,3,33,40,26,54,64,64,70,38,9,26,61,9,64,58,89,58,18,35,48,66,69,20,73,49,11,44,8,80,19,13,17,41,56,72,61,23,81,23,73,19,44,32,18,49,74,87,37,7,27,72,24,72,39,84,78,98,1,40,15,89,49,29,94,55,53,63,96,44,10,7,36,77,9,94,38,96,96,84,10,51,79,40,25,62,5,8,49,49,87,39,25,98,32,20,58,13,46,11,71,95,15,78,84,69,12,77,30,44,43,1,42,99,77,61,41,8,77,32,4,5,64,78,2,11,24,96,5,72,58,85,89,8,27,90,83,73,93,48,53,58,42,11,32,24,24,42,77,94,87,65,67,52,12,39,51,53,48,6,11,37,25,33,5,4,85,55,91,15,84,40,5,12,61,37,80,26,8,75,17,39,93,40,86,40,68,60,76,20,66,63,24,20,98,15,6,44,70,70,79,17,88,57,18,19,69,40,29,73,22,44,50,31,98,78,39,4,92,60,44,87,74,58,82,56,38,32,89,19,62,22,45,33,55,22,74,52,26,94,28,72,99,79,6,10,65,46,74,60,78,26,67,72,58,89,26,33,86,12,59,28,14,19,24,13,39,78,75,78,48,51,59,11,3,52,20,64,63,12,40,83,59,98,51,27,28,21,75,4,55,31,88,79,79,71,96,9,70,84,95,99,59,34,20,47,46,41,62,22,33,45,5,92,97,41,75,46,35,26,53,34,37,98,48,82,75,76,30,3,67,7,88
10,78,97,59,9,86,84,45,50,29,92,43,67,8,8,83,49,26,81,44,57,25,92,74,31,97,26,64,16,3,84,67,50,48,69,43,87,16,33,18,48,74,17,35,21,74,47,47,2,4,37,97,95,25,20,26,92,84,18,38,78,88,30,15,32,18,12,50,29,51,34,94,15,40,11,75,91,59,37,26,46,56,26,27,20,26,76,53,20,59,20,28,59,7,9,29,79,79,80,20,63,80,17,62,6,34,75,39,76,89,72,87,94,62,58,66,41,3,95,54,66,66,89,28,95,62,30,67,80,47,55,46,91,77,58,84,53,80,59,61,21,53,93,22,45,80,52,27,18,92,33,13,84,43,23,67,20,31,79,65,22,6,8,77,38,51,1,27,68,58,64,48,98,81,62,34,86,23,9,26,27,89,64,65,63,37,45,12,10,56,18,37,38,1,40,49,87,39,95,32,72,75,87,9,23,94,98,40,4,26,29,66,15,65,53,75,73,77,35,91,61,31,15,30,55,54,42,76,49,65,93,74,3,64,96,81,12,22,2,10,94,54,88,67,31,37,43,49,31,6,56,82,49,33,58,99,91,79,79,46,26,46,89,58,38,27,74,49,13,79,3,62,37,57,87,83,15,90,78,42,80,19,13,72,95,2,57,53,72,4,71,64,97,68,98,52,65,68,69,92,95,72,12,87,48,80,1,85,70,40,92,28,68,30,8,75,12,87,12,18,30,2,49,93,44,83,45,1,88,19,35,60,13,27,8,85,74,27,99,81,52,65,70,24,24,5,42,39,99,85,51,43,95,84,62,45,80,57,9,68,94,29,65,84,8,15,29,30,35,60,63,96,13,6,22,3,63,32,94,86,20,34,10,88,79,31,6,33,32,66,62,34,24,64,42,67,48,61,6,23,60
11,64,59,22,93,15,64,18,75,82,91,68,86,97,18,10,17,3,15,17,89,80,51,92,78,69,53,66,16,49,50,78,60,5,29,98,97,29,35,78,41,17,98,63,39,97,80,86,19,17,70,54,25,28,53,2,26,94,87,1,52,29,46,80,51,68,69,57,26,1,49,19,6,7,92,78,88,11,46,68,4,92,20,2,81,78,2,36,32,70,75,63,53,65,84,9,50,31,11,13,57,49,50,92,95,52,17,40,19,95,4,86,5,2,59,55,97,44,36,63,51,95,35,95,66,40,2,63,25,96,76,83,57,52,58,88,69,72,18,21,27,38,94,99,26,62,44,56,9,4,42,82,45,73,71,42,29,81,52,41,2,1,58,57,16,68,35,74,7,33,83,19,39,25,4,41,47,60,14,30,46,53,59,53,18,75,13,77,40,29,37,84,43,75,57,63,20,60,48,34,71,29,67,56,68,90,1,86,8,7,93,37,76,48,43,47,76,75,40,45,79,52,33,42,19,70,76,15,32,76,92,78,33,20,95,82,90,93,49,44,84,58,45,58,59,99,58,44,85,99,54,13,94,70,26,73,34,69,26,37,37,97,51,78,75,80,9,3,39,40,31,17,93,40,90,1,93,8,47,17,90,43,62,41,54,50,13,50,38,24,87,47,73,45,25,43,91,31,42,18,4,4,88,49,21,87,45,40,47,21,37,50,66,93,9,13,10,91,45,82,46,15,89,9,39,38,63,65,27,45,11,93,90,38,38,67,74,40,89,21,97,51,59,90,50,92,17,44,87,94,77,93,17,76,8,81,29,10,53,50,47,48,55,5,15,61,14,74,22,18,84,54,25,79,24,87,97,85,90,58,94,29,18,80,27,4,95,87,44,18,40,7,1,11,38,64,1,57,2,87,15
12,57,51,49,5,82,76,16,70,55,96,57,59,19,34,62,53,3,59,25,36,65,59,52,7,71,11,79,96,25,83,11,80,19,19,94,85,48,64,34,16,34,61,61,75,52,2,20,92,48,84,30,53,30,83,47,93,61,67,30,46,51,55,26,9,97,5,44,96,28,46,95,13,69,8,63,89,93,21,72,22,39,35,27,81,67,83,56,92,21,54,53,21,75,46,38,89,99,15,19,83,63,23,33,79,16,10,6,42,79,79,60,86,82,4,92,15,80,59,75,76,52,20,16,28,76,51,86,84,13,71,46,13,71,58,34,48,71,74,39,60,71,34,94,73,91,67,57,49,49,20,14,48,95,35,8,49,64,78,82,58,29,80,89,71,11,75,32,48,11,76,1,3,30,23,31,81,88,15,36,8,88,11,77,43,6,27,41,29,47,70,14,6,58,39,19,88,77,4,57,57,34,31,85,82,98,69,29,8,3,48,34,40,83,31,15,77,98,1,93,48,20,85,32,11,22,78,71,67,17,2,67,9,22,23,59,88,26,55,71,67,54,11,48,25,96,55,49,9,12,34,39,11,78,61,21,88,71,12,98,97,74,85,56,72,33,71,76,66,20,97,95,52,22,30,32,25,37,11,92,57,13,15,52,31,10,92,36,46,14,53,51,17,73,25,46,26,47,19,59,99,93,88,90,62,61,83,66,93,72,12,79,28,36,46,3,77,14,33,32,44,67,90,25,98,77,61,4,10,86,79,72,57,8,93,15,36,13,45,2,70,18,99,57,93,90,3,68,74,74,38,95,31,44,33,53,40,74,33,24,71,73,47,92,4,31,2,41,25,81,26,53,53,46,15,53,45,17,67,29,39,37,39,28,44,42,56,86,3,40,40,40,40,94,13,64,41,2,95,90,22
13,97,41,54,67,60,20,18,18,45,15,63,75,15,15,17,89,65,34,7,64,73,12,44,11,56,16,96,32,67,3,39,46,24,40,65,47,91,82,53,6,71,1,82,54,13,82,89,41,49,14,31,57,85,2,12,52,71,88,90,29,62,36,25,54,97,11,35,44,99,90,51,88,36,49,56,58,18,38,22,77,93,72,77,50,98,69,40,93,34,66,6,12,19,34,93,50,41,26,3,18,22,56,20,87,10,3,79,28,26,34,88,66,20,49,78,57,75,65,82,78,21,77,67,74,44,78,84,28,22,56,20,37,63,49,12,74,79,34,51,80,5,15,92,88,34,86,1,80,61,47,69,86,53,38,97,90,51,81,58,81,34,26,3,59,88,77,46,8,98,91,26,52,81,99,6,54,65,72,72,12,81,95,22,64,71,32,83,49,60,59,56,78,58,65,34,12,60,42,60,90,4,43,65,50,60,41,80,18,4,44,35,63,67,33,31,44,43,81,91,60,53,41,59,40,17,44,48,23,47,49,43,18,90,30,88,2,94,98,48,54,99,78,2,80,60,82,36,40,51,78,74,30,96,40,62,38,66,2,61,29,99,59,89,42,44,30,59,13,6,24,4,14,18,20,18,39,6,52,20,83,2,5,18,85,3,18,17,41,46,26,31,19,72,38,69,92,22,22,80,70,97,49,3,87,64,4,65,59,55,58,49,39,5,52,49,82,87,65,68,45,88,13,90,92,45,31,47,52,30,24,41,76,55,55,55,83,89,5,11,53,17,34,68,75,49,65,20,97,34,52,52,87,3,11,23,85,26,91,84,85,36,48,66,66,26,65,30,30,55,26,66,83,47,85,98,62,65,50,57,50,53,80,95,30,30,88,80,39,90,23,32,45,12,38,13,52,33,9,11,80
14,75,9,24,91,22,88,16,3,7,94,24,6,47,47,91,30,37,49,24,24,60,54,16,89,24,18,61,70,57,15,89,7,53,98,63,37,66,71,6,62,15,81,4,85,68,15,44,94,99,23,16,20,50,68,49,14,33,95,81,89,20,79,90,92,37,89,38,87,82,73,59,65,12,87,87,1,81,57,92,21,72,19,79,2,78,72,46,41,79,99,59,26,15,33,53,57,63,44,77,95,84,77,90,75,9,29,50,41,4,41,59,45,49,52,51,56,97,34,73,47,18,74,86,89,40,56,30,39,88,16,84,65,60,78,13,78,58,43,28,44,26,36,31,80,25,73,60,36,85,92,63,76,30,90,50,37,76,21,14,2,81,28,90,28,99,36,99,50,5,50,11,71,30,46,74,33,91,38,8,56,70,82,87,79,53,88,56,64,55,36,9,24,80,51,12,52,36,47,98,72,20,80,92,66,18,72,3,27,32,93,21,87,42,34,67,61,72,99,87,7,39,19,68,76,68,49,77,25,16,25,98,73,17,75,27,84,41,70,80,24,48,70,69,24,74,78,25,87,72,62,29,40,50,5,6,73,71,27,15,33,40,30,47,10,52,56,69,54,19,96,76,39,22,97,63,89,13,35,68,1,15,68,70,17,15,37,95,12,73,3,85,93,16,1,25,38,22,10,84,5,59,9,54,36,99,75,64,13,41,6,74,94,67,95,31,63,10,22,33,6,61,44,28,10,14,29,17,40,12,44,20,9,91,25,63,22,13,66,45,55,28,29,98,70,4,65,70,36,76,7,41,99,57,72,16,1,26,3,85,7,8,7,84,36,32,62,52,83,49,17,88,47,21,61,45,36,55,13,64,98,31,70,57,59,10,24,83,75,97,78,61,96,19,36,56,65,52,60,27,38
15,61,28,84,54,96,21,81,76,55,63,34,96,61,14,84,86,6,31,47,20,28,80,87,48,42,64,17,91,77,71,62,81,36,54,3,84,97,82,29,43,42,4,56,26,95,67,19,47,29,46,54,89,36,96,95,74,64,61,77,36,89,72,52,15,32,15,45,60,73,42,83,74,64,24,71,52,63,17,81,53,57,37,99,85,56,27,70,62,86,38,52,77,66,97,60,53,42,61,49,76,35,38,81,15,58,13,39,10,91,14,42,11,92,44,70,72,9,61,29,18,42,30,33,35,43,98,90,5,61,45,13,46,7,7,86,72,30,1,5,20,50,32,39,76,60,69,66,84,14,21,42,5,30,88,77,80,8,14,31,36,22,2,8,23,1,30,69,74,42,23,29,96,22,65,28,12,73,44,22,38,49,29,8,3,1,15,14,57,81,36,19,8,43,80,69,56,62,62,21,56,3,95,38,1,56,27,63,47,20,99,69,72,82,83,16,54,46,30,70,75,96,82,86,54,1,44,35,15,61,48,16,11,41,51,90,60,44,87,72,35,35,11,47,63,91,14,78,52,30,24,2,48,60,71,43,85,9,54,81,61,70,7,7,37,29,72,63,31,54,30,62,20,89,2,81,93,98,17,84,10,2,55,23,17,66,18,59,13,18,29,20,29,42,93,37,93,1,66,79,47,95,13,85,44,67,79,63,97,84,27,56,74,68,78,46,70,43,93,55,35,8,9,87,14,19,92,86,62,78,3,42,59,34,57,18,76,52,84,34,7,97,27,77,80,59,58,30,68,44,68,63,20,23,3,35,19,27,35,76,75,74,2,72,15,63,37,24,29,79,98,3,13,85,43,92,87,36,33,38,1,47,79,35,87,6,54,22,96,73,84,31,5,7,58,44,85,81,2,90,31
16,12,40,82,65,7,18,66,78,1,45,83,97,31,7,90,26,69,35,35,51,90,52,54,58,78,6,39,50,84,23,78,50,53,87,99,35,25,92,82,20,57,18,76,69,24,45,64,21,36,64,77,66,80,38,86,14,10,29,91,9,1,45,13,7,58,85,52,62,61,37,28,24,78,53,17,66,59,4,60,71,23,43,79,4,34,88,99,82,40,70,80,7,45,36,9,70,94,48,56,34,34,19,43,40,8,98,67,21,57,75,71,71,12,67,42,6,89,45,49,92,51,78,93,41,87,17,18,64,57,26,10,33,90,78,80,49,6,54,83,24,71,95,45,18,14,36,64,82,94,85,19,85,46,46,59,93,92,97,3,58,7,72,71,39,95,85,20,68,7,84,97,15,92,34,91,87,28,29,95,51,55,82,73,53,20,7,20,83,70,53,2,19,79,41,14,59,25,96,91,37,24,32,55,88,26,94,32,8,94,33,25,96,42,63,39,4,38,6,27,15,70,59,49,37,20,28,10,92,5,23,61,66,26,7,7,70,50,71,28,38,54,58,97,81,36,65,47,44,97,25,18,96,86,35,76,59,94,36,28,62,64,76,62,62,72,77,15,18,68,23,92,30,48,33,52,62,43,52,91,61,97,9,39,31,98,75,85,9,13,61,46,63,11,56,48,38,81,9,60,21,44,40,64,17,46,71,5,2,81,42,79,12,65,99,64,30,95,87,17,72,61,40,45,51,4,49,56,40,71,3,5,58,66,96,52,13,1,76,11,30,17,68,88,43,14,68,33,84,65,98,79,71,92,8,50,65,97,10,66,40,24,32,85,83,13,80,25,67,56,46,95,1,21,68,95,47,36,48,91,84,46,9,26,39,81,1,76,66,36,48,39,39,58,39,5,40,55,97,66,92
17,74,34,16,27,11,91,29,17,72,2,68,89,5,44,77,84,54,30,55,31,80,58,34,7,59,76,38,32,95,71,38,30,62,78,14,93,42,57,18,86,70,31,1,60,86,43,43,38,35,45,75,15,69,33,85,79,37,55,74,20,65,36,66,48,10,43,42,25,56,1,45,82,95,27,33,68,19,53,1,4,93,39,38,36,64,63,66,72,14,58,58,11,65,77,56,99,60,14,3,28,78,39,35,35,34,29,99,25,91,8,31,8,86,62,65,63,66,70,88,27,87,47,5,50,91,58,37,1,98,41,82,60,62,3,24,87,82,14,18,34,35,65,89,98,19,19,25,6,83,20,90,78,13,57,37,84,21,82,74,18,45,22,48,99,97,2,81,33,19,66,94,83,65,68,59,58,59,44,8,15,21,14,11,17,74,99,23,56,72,31,97,34,68,74,36,18,54,2,41,72,21,52,37,48,67,36,6,79,89,64,30,4,81,6,79,61,67,7,42,3,52,10,47,59,2,18,30,8,80,38,26,45,96,64,8,51,31,43,74,88,50,58,38,84,68,3,7,85,62,53,99,89,76,62,40,35,15,64,26,97,44,88,1,25,95,52,25,78,91,32,8,68,18,36,12,40,76,68,32,45,49,77,10,86,56,12,68,16,95,45,98,57,46,82,65,37,78,85,6,27,60,3,33,12,6,26,31,22,63,84,75,60,19,42,62,74,55,23,22,46,77,16,28,81,97,33,21,94,19,95,35,83,47,78,34,71,96,77,10,37,29,51,98,98,93,93,96,25,45,80,40,63,22,56,27,51,34,91,26,18,36,30,79,58,35,92,4,91,21,96,26,41,94,23,32,81,37,47,22,18,82,7,52,3,85,91,50,84,11,30,26,13,62,91,20,85,16,89,10,51
18,96,4,94,48,14,96,91,52,29,5,23,13,19,79,98,80,4,79,32,35,32,33,94,33,9,78,30,50,78,54,39,73,54,36,6,51,72,5,81,58,87,83,10,76,49,90,46,6,29,46,79,68,69,50,96,17,77,17,75,12,11,88,23,26,38,95,66,44,92,23,92,3,59,92,64,32,76,81,82,64,62,29,77,5,13,83,33,45,33,94,84,88,28,71,41,56,19,87,7,84,31,62,93,2,66,60,66,12,81,78,28,26,26,35,56,42,80,27,23,24,30,51,63,95,57,28,96,24,50,43,49,96,65,96,64,19,50,14,5,68,34,65,71,93,49,12,52,94,72,99,3,61,69,92,86,13,19,80,78,48,99,58,76,81,24,99,27,64,34,77,58,19,40,82,42,80,92,36,16,82,66,50,28,53,11,69,26,65,62,75,39,3,43,82,10,48,34,75,57,63,52,29,19,32,29,91,52,64,50,48,1,89,70,98,59,42,78,89,38,69,23,12,76,82,33,36,9,60,69,73,41,81,98,13,38,65,65,31,86,89,5,52,84,27,56,86,86,13,3,23,57,47,83,91,32,77,49,4,72,33,44,93,37,83,22,95,15,38,26,55,43,12,39,8,75,7,68,18,47,33,41,96,79,41,82,74,46,57,11,10,26,34,91,86,58,79,44,33,81,76,60,51,86,58,97,48,66,74,8,85,65,72,93,21,18,35,31,7,81,41,18,35,90,33,13,23,53,9,66,84,35,42,34,9,29,76,70,16,9,87,6,85,23,39,66,96,42,71,74,19,31,14,48,23,49,40,9,49,8,27,26,59,15,24,85,82,54,73,9,48,96,14,50,69,60,26,68,24,21,77,63,89,34,85,7,23,89,89,35,77,89,92,16,57,62,8,84,21,92,33
19,32,81,70,97,10,29,7,39,59,27,73,9,69,38,24,57,53,42,87,26,88,43,53,95,82,60,37,66,73,70,38,25,26,47,75,80,90,84,42,82,3,40,90,69,21,64,19,29,42,62,27,71,31,5,75,58,28,50,20,28,70,84,66,92,75,24,79,18,68,34,4,77,13,13,58,38,25,60,1,13,1,63,11,86,22,73,91,86,4,68,47,84,29,85,98,1,77,77,5,86,26,63,89,17,71,5,23,14,36,93,4,5,68,34,39,39,30,63,75,26,61,80,6,79,39,27,30,60,70,98,52,91,84,3,8,98,94,42,64,96,62,87,44,32,6,25,14,52,22,46,59,92,44,24,62,42,57,74,48,64,45,75,74,95,85,72,54,20,93,2,49,53,76,34,82,29,25,36,53,4,45,73,4,5,43,18,47,52,5,76,30,59,21,76,68,56,20,62,6,95,69,8,42,49,53,30,75,53,39,6,6,97,36,55,23,28,83,46,72,23,78,3,35,81,53,94,77,5,6,91,38,90,30,72,94,98,42,80,73,15,74,5,99,72,27,59,34,94,7,21,79,34,46,35,96,44,91,53,67,16,8,23,2,65,67,53,44,68,93,78,36,2,50,33,68,18,39,73,41,74,80,56,50,98,44,49,49,19,62,47,4,53,67,35,51,25,31,51,12,69,99,19,24,95,54,28,25,28,97,51,17,50,53,15,52,34,60,37,31,45,69,29,97,10,86,65,38,25,11,8,67,45,81,16,46,72,24,19,64,66,61,62,72,40,42,29,7,76,61,17,90,24,77,79,33,85,95,69,51,35,8,12,86,69,56,99,51,78,4,2,9,48,51,29,67,69,18,59,23,92,82,21,39,83,46,14,83,15,55,49,36,3,50,57,47,23,91,76,22,30
20,16,67,60,56,92,30,93,15,67,36,17,14,89,44,80,14,65,77,76,66,87,7,29,39,6,47,20,19,25,36,95,10,66,76,52,30,24,74,19,17,79,57,75,53,23,53,92,32,73,17,92,52,88,50,42,26,73,85,7,43,72,81,71,26,50,94,98,84,66,72,9,34,40,74,55,92,30,61,6,88,61,3,66,73,74,10,29,5,94,44,48,23,82,92,44,56,29,1,55,35,60,55,16,14,58,8,50,68,12,78,88,40,88,94,25,70,47,55,35,33,12,37,53,73,21,78,2,43,49,64,40,67,11,56,36,5,28,53,96,38,7,70,14,72,53,23,90,28,83,86,89,32,93,74,41,80,75,2,84,19,60,89,45,63,99,86,48,4,15,76,47,17,76,76,53,81,99,72,25,26,16,22,12,23,62,78,46,40,17,79,13,47,37,16,15,78,49,35,56,7,65,68,18,92,42,32,94,28,40,29,18,11,98,51,38,33,68,13,76,86,58,81,35,31,54,59,80,75,57,23,31,3,79,48,31,93,17,9,59,67,71,75,75,88,28,85,53,62,67,92,66,40,37,96,66,74,25,34,88,80,40,85,83,92,24,57,68,91,48,49,72,57,53,97,60,89,30,54,83,39,55,27,96,98,50,30,97,81,93,44,44,95,56,49,16,52,23,46,79,21,63,14,41,20,82,74,98,1,33,59,34,33,68,87,95,12,80,99,55,95,5,21,55,72,64,59,55,11,17,97,57,10,40,71,51,91,63,69,80,13,70,13,42,96,40,33,70,35,32,42,43,95,4,95,71,85,43,41,3,30,73,4,88,19,5,52,92,54,89,53,23,83,42,2,29,41,85,49,96,90,81,80,36,37,46,2,37,87,66,62,86,76,77,13,39,79,36,15,87,92
21,89,62,13,67,24,19,25,78,47,92,86,78,86,46,54,3,48,16,18,8,59,38,6,27,66,57,28,97,18,21,11,25,23,16,91,20,69,67,82,49,23,58,61,58,61,38,42,24,72,12,53,85,27,63,50,57,90,79,95,88,33,52,84,73,22,98,87,19,75,25,83,17,13,99,45,15,92,6,19,95,67,20,25,36,62,34,52,7,33,55,53,65,40,48,54,82,85,43,88,60,46,9,2,41,84,73,67,91,19,83,63,43,19,49,3,48,89,60,5,48,37,16,42,19,55,22,56,52,79,96,89,70,49,59,2,22,93,74,93,42,20,8,10,40,78,6,30,65,34,4,42,79,52,37,25,17,63,97,29,90,73,68,2,50,66,68,8,4,65,70,36,26,92,91,68,1,12,71,6,10,65,55,11,19,58,76,69,17,64,86,70,28,45,13,38,81,39,73,81,41,11,26,38,31,16,4,8,53,8,43,37,53,42,80,97,34,83,71,5,62,48,79,67,67,98,29,33,27,79,3,12,1,10,1,30,35,48,82,6,35,82,64,91,43,89,41,8,12,25,99,86,48,56,13,48,49,26,8,77,69,65,59,63,2,98,14,38,42,51,92,51,38,46,4,87,65,35,11,96,37,15,6,58,92,66,18,40,63,38,96,66,81,30,84,35,71,73,90,19,92,85,60,16,72,37,68,15,46,33,20,6,21,97,11,90,15,21,84,1,42,15,51,68,48,35,97,73,76,54,83,75,32,18,35,29,66,91,99,93,1,55,83,22,48,25,6,15,43,32,48,83,27,17,4,40,79,77,21,98,59,46,45,2,60,23,34,40,1,71,68,33,38,19,78,49,15,36,33,70,14,29,97,67,88,41,52,76,70,31,97,75,20,78,73,87,37,31,1,5,40
22,76,9,19,82,9,62,61,68,19,56,43,53,60,69,82,4,54,26,38,67,14,99,96,71,87,81,3,61,2,60,81,36,87,83,17,37,36,93,46,89,41,25,7,16,12,45,90,73,76,60,84,42,8,66,7,31,50,93,30,40,92,31,27,77,20,55,97,92,67,33,44,90,61,33,44,82,59,62,63,80,8,41,61,97,52,16,86,68,80,49,85,9,36,51,99,47,39,43,2,32,64,85,6,99,40,79,58,90,2,86,47,69,15,52,70,91,41,66,40,42,51,72,93,34,37,95,92,54,69,24,4,49,95,97,62,31,16,44,50,79,99,6,26,34,40,94,60,34,45,11,18,62,86,98,64,12,17,78,64,61,70,1,11,33,40,24,6,16,38,22,47,34,78,19,66,13,3,81,68,27,55,57,37,37,11,52,53,35,51,75,87,40,46,91,34,63,86,94,14,40,73,91,3,49,62,33,94,25,95,36,33,37,78,11,90,91,28,88,65,74,24,56,65,77,51,53,76,61,19,72,15,99,3,59,81,91,79,12,81,27,20,23,56,80,19,73,66,60,39,22,88,53,28,28,33,92,55,3,40,62,38,81,63,56,36,77,18,21,11,55,3,15,80,6,38,88,96,43,36,86,49,94,34,58,43,76,96,13,8,96,8,2,72,85,23,37,93,18,8,47,31,96,55,28,11,40,30,58,28,22,74,98,71,89,79,46,83,41,75,90,43,92,78,76,73,47,80,84,54,70,21,76,47,75,37,2,71,70,18,7,75,28,4,71,40,77,61,65,41,12,91,55,20,10,85,70,38,96,72,51,81,57,24,15,16,72,11,86,26,89,4,39,2,67,28,16,22,41,35,35,55,54,92,45,41,15,73,10,31,56,6,8,14,74,38,5,68,12,78,6
23,42,74,29,45,52,87,59,89,13,29,96,9,51,66,69,14,42,34,32,24,78,41,34,71,37,93,45,46,71,30,70,53,71,68,35,32,80,21,10,90,3,12,34,3,53,53,57,77,59,84,70,55,15,25,66,33,5,64,84,7,37,74,27,35,89,10,66,89,50,88,9,51,88,98,19,15,59,6,15,88,83,18,63,7,52,94,75,34,82,58,86,66,59,71,26,37,11,82,5,96,96,41,98,71,10,54,51,66,22,32,94,34,62,35,16,2,8,68,65,92,49,34,63,10,44,93,89,80,64,92,92,60,61,88,97,79,49,78,37,12,4,7,39,16,19,48,48,80,22,52,76,29,5,74,89,49,45,97,58,91,94,25,2,95,95,98,36,33,33,21,23,78,5,27,9,88,48,47,65,45,84,93,79,39,54,88,27,69,69,5,12,52,28,36,74,20,39,86,56,44,31,28,11,14,77,51,69,62,29,36,71,52,70,72,56,28,65,75,12,43,26,49,9,21,13,5,68,84,1,87,40,58,6,69,93,40,96,43,2,81,98,58,83,10,56,33,26,83,59,16,97,63,39,45,50,99,72,51,79,62,56,35,16,41,39,94,45,11,41,69,97,67,4,55,22,77,76,15,39,13,39,24,55,43,57,53,2,95,8,90,19,91,58,75,85,86,17,74,55,10,62,38,56,98,62,56,70,71,52,56,38,74,65,16,21,20,75,80,99,52,29,76,89,67,90,12,96,16,25,67,74,55,98,46,30,57,43,54,5,83,82,1,81,38,6,28,45,58,4,89,74,6,85,23,32,16,29,19,10,80,7,1,64,28,20,53,47,20,98,41,69,92,42,98,64,2,60,34,45,19,52,94,95,42,56,57,18,28,2,67,35,35,82,93,75,90,38,12,52,14
24,78,81,95,42,67,21,90,41,32,91,82,34,98,87,89,32,79,62,32,96,43,65,85,20,95,4,49,99,85,5,99,77,7,4,23,59,36,13,40,14,15,53,39,12,46,9,59,36,45,37,64,50,13,91,43,52,32,64,31,27,94,8,79,50,99,1,7,90,51,43,38,68,17,87,89,36,4,59,18,88,54,72,24,94,10,23,94,1,90,37,31,47,10,42,76,7,53,80,29,81,76,16,65,43,32,54,92,51,25,1,48,50,44,94,72,22,95,48,53,27,64,82,21,45,50,98,57,92,69,19,54,43,12,17,26,82,64,48,26,48,10,45,86,4,80,14,57,1,41,72,71,77,59,2,49,36,62,91,59,53,76,11,90,63,20,5,2,80,54,84,18,73,47,58,42,20,79,26,63,33,4,46,58,13,65,18,88,30,21,46,75,3,90,79,34,99,76,7,61,47,33,34,48,26,7,37,72,77,32,16,35,49,17,12,32,89,3,4,67,70,12,86,70,65,28,69,42,5,28,73,16,87,5,16,10,49,4,38,40,81,93,6,40,62,16,99,51,92,37,16,63,31,84,52,33,2,35,56,88,1,18,79,60,56,49,13,71,54,41,74,79,83,58,59,43,91,23,43,95,40,33,35,72,52,53,88,32,50,84,55,90,43,99,84,15,89,96,7,32,16,34,18,8,30,99,24,43,83,71,42,43,54,67,52,30,46,7,87,15,58,90,14,25,87,78,30,57,77,49,74,71,81,10,14,94,32,70,43,68,53,6,45,75,72,81,7,48,24,55,6,56,65,55,6,53,9,5,72,83,29,94,90,56,61,90,10,34,31,62,12,23,14,54,82,85,32,79,6,80,86,83,13,69,94,77,92,70,45,80,38,91,23,28,74,24,28,60,47,16,76
25,5,18,67,41,63,64,29,40,69,87,65,44,31,72,44,48,38,97,59,23,76,71,94,9,43,66,35,57,70,11,44,61,47,34,8,10,36,90,98,36,88,22,9,76,27,80,11,75,14,43,65,72,4,65,39,79,62,8,87,83,33,37,22,22,19,66,31,3,83,70,59,25,59,19,13,42,9,69,64,41,12,2,53,45,61,58,16,65,60,54,59,32,4,5,91,91,81,82,52,7,78,22,54,8,69,56,14,21,76,65,25,32,20,60,41,7,92,52,28,97,69,46,35,60,10,62,90,27,48,77,85,29,69,65,17,77,5,20,20,90,55,57,20,39,96,8,86,91,70,53,83,55,30,13,42,88,70,43,13,80,38,37,75,53,56,81,9,20,4,80,94,47,41,42,3,98,79,15,51,62,76,39,15,53,34,18,30,10,63,92,74,99,75,1,34,72,94,31,76,5,41,92,66,59,76,18,20,34,8,22,61,88,14,43,72,27,99,37,47,96,95,19,28,97,73,81,63,86,44,18,91,71,51,38,69,87,6,24,79,40,2,64,94,34,86,48,65,85,52,48,98,98,53,66,92,95,63,45,96,43,76,67,88,49,83,50,58,84,23,87,9,47,77,19,94,93,3,56,16,45,23,80,28,18,86,56,45,29,69,61,5,18,99,8,6,56,53,6,28,19,99,71,50,23,41,19,87,50,91,19,11,1,67,60,90,47,34,65,82,73,97,25,57,88,22,53,15,85,25,49,72,14,52,7,2,48,26,38,86,3,99,8,49,42,40,2,41,28,72,38,22,16,22,55,3,64,80,58,39,46,94,13,77,12,1,20,92,46,39,74,88,24,49,45,11,98,30,59,14,27,63,35,52,66,8,7,98,48,12,13,75,74,1,87,92,11,38,2,33,84
26,22,78,22,52,28,31,47,9,20,26,25,49,31,30,46,61,48,75,68,90,7,80,43,84,91,68,62,7,77,52,2,93,30,41,11,3,79,78,14,19,48,77,51,13,84,19,51,80,99,30,45,4,91,68,50,87,83,18,27,72,78,21,16,62,35,20,45,56,55,35,77,71,68,2,24,75,35,5,26,74,58,65,3,68,98,16,23,59,46,43,61,52,65,25,11,79,40,37,54,12,76,66,64,55,38,29,56,66,72,57,84,46,10,22,96,49,5,56,7,33,20,37,48,81,26,44,75,5,79,79,82,22,20,26,42,86,10,7,73,20,90,84,50,27,88,93,69,41,58,93,40,39,84,45,67,7,44,35,19,79,27,10,67,63,36,23,53,12,10,3,12,84,87,79,6,58,56,82,90,91,89,70,45,10,29,85,33,25,49,10,29,11,4,83,92,17,30,14,70,40,5,71,90,75,53,62,93,5,14,11,7,13,2,15,11,71,4,81,9,60,50,66,35,30,85,1,83,38,98,78,24,31,42,60,58,31,72,2,21,85,79,54,48,35,68,92,38,49,62,10,24,31,75,71,53,6,84,10,12,14,98,42,44,10,57,45,12,80,97,9,76,18,4,25,19,25,41,82,46,87,89,57,95,13,21,6,75,89,43,10,43,25,82,32,99,17,88,95,70,57,49,40,70,95,95,53,4,17,41,18,2,44,28,32,22,60,67,19,23,54,19,22,60,8,79,78,59,90,57,92,52,32,49,17,19,57,78,70,54,55,50,54,29,82,48,88,73,67,33,57,36,48,46,16,98,57,64,93,95,62,40,48,94,39,53,52,27,62,60,54,35,58,61,81,31,20,61,53,32,89,65,25,18,83,44,22,26,39,97,21,54,75,91,85,25,93,64,75,25,64
27,70,32,97,23,42,26,72,73,16,14,51,22,71,84,82,44,4,26,30,43,75,96,88,98,91,20,12,78,50,15,73,51,8,60,80,28,34,23,70,34,22,8,57,89,84,8,41,62,76,55,24,5,22,53,3,57,65,9,64,97,62,1,31,43,21,90,68,30,71,3,75,28,51,14,52,30,45,45,37,78,31,48,85,25,11,76,81,24,7,32,72,47,15,9,18,83,95,51,77,83,21,35,30,98,59,20,18,19,27,46,82,29,65,76,91,71,17,62,47,3,74,94,63,14,39,56,37,89,13,55,34,77,99,83,27,69,86,81,56,31,2,86,86,67,5,70,24,89,18,70,70,77,82,85,40,87,55,48,74,95,8,95,63,34,31,1,96,35,91,71,60,15,21,8,17,69,75,85,18,34,6,56,16,75,88,80,93,60,34,72,23,61,15,3,12,5,66,26,67,3,73,56,18,90,32,21,29,49,98,41,31,53,13,92,96,98,43,83,48,30,35,82,61,36,72,85,73,69,49,38,45,12,73,47,84,50,66,68,83,63,15,7,32,42,51,93,96,87,98,58,72,8,61,41,54,60,2,57,22,2,78,72,29,37,75,34,99,84,33,63,19,63,13,20,34,70,26,79,94,98,80,73,63,34,24,34,57,97,53,42,96,53,51,21,12,74,21,23,77,36,37,4,39,76,90,88,55,57,86,81,10,79,81,84,42,88,36,46,56,31,31,2,79,55,91,57,78,30,27,70,30,13,8,95,48,56,26,72,68,74,13,45,47,68,75,75,40,54,23,32,48,44,19,84,41,57,95,49,4,6,63,21,16,82,43,8,42,4,54,69,48,31,84,10,88,36,61,38,2,87,37,18,80,36,85,4,16,4,17,62,42,69,61,80,21,1,99,42,31,21
28,70,21,74,90,50,14,27,77,16,21,20,67,9,92,66,44,82,31,87,70,22,87,29,11,1,54,21,20,60,71,66,63,21,26,71,96,23,77,23,45,12,20,80,39,29,5,46,68,62,43,4,91,40,97,97,56,52,52,10,34,99,46,6,77,76,1,31,34,82,8,13,48,3,93,38,17,21,97,67,10,51,98,67,26,99,11,40,78,9,37,87,85,48,52,73,77,46,83,98,84,12,96,62,50,62,80,73,28,69,29,80,40,15,68,99,5,61,60,25,90,27,46,83,31,73,90,5,80,41,56,29,9,95,78,24,44,2,65,79,39,9,63,35,44,79,45,32,10,22,39,30,77,6,40,1,58,10,23,15,94,39,51,53,74,82,10,59,47,95,35,75,54,35,35,28,83,13,91,51,69,10,67,13,91,52,81,7,34,55,58,76,90,63,40,38,62,53,55,11,33,80,5,9,59,30,23,37,57,53,61,29,59,42,36,25,77,91,86,21,92,38,59,68,46,81,8,88,75,77,11,63,22,14,50,33,24,82,66,90,52,29,82,59,18,57,73,48,83,70,23,14,75,94,49,59,44,79,76,88,15,28,44,54,76,16,70,35,83,1,89,63,36,77,63,2,97,11,95,37,39,25,35,64,80,21,55,38,42,73,36,46,19,54,26,83,44,27,42,57,2,80,10,60,38,86,43,83,96,8,45,9,99,47,38,49,65,64,26,92,95,14,47,21,14,14,83,84,45,5,15,83,90,46,43,6,9,70,38,28,99,66,28,11,83,74,43,13,41,89,68,98,12,28,6,83,58,2,66,27,62,82,33,74,41,84,17,67,15,74,13,88,58,81,61,70,8,27,27,44,93,78,32,8,51,6,30,52,6,61,66,73,32,53,3,53,90,4,42,72,86
29,95,22,62,8,62,29,73,83,44,43,77,77,27,34,87,76,55,70,2,9,1,73,69,69,1,76,27,82,1,49,80,59,25,45,63,63,15,82,66,8,37,30,23,78,19,91,89,14,67,19,84,59,30,80,30,4,2,90,54,63,22,72,42,3,74,36,43,30,47,29,93,1,11,98,1,80,95,10,1,9,6,9,51,13,98,87,13,49,71,60,88,74,32,55,65,73,21,35,84,91,47,6,15,33,71,63,74,76,39,6,87,56,7,89,70,45,83,15,77,51,40,72,52,66,12,26,71,69,20,15,50,30,59,49,34,58,9,85,52,90,45,85,37,19,24,46,75,2,19,39,44,78,50,49,90,58,33,67,31,40,43,81,46,49,66,28,25,93,16,25,57,22,26,20,91,84,29,1,7,21,23,65,87,99,74,45,31,88,57,88,18,13,88,43,23,40,78,19,88,81,2,33,74,20,44,50,23,37,27,94,84,25,20,86,39,29,84,32,87,90,30,20,32,62,34,25,57,2,75,82,56,4,84,10,39,45,96,49,2,72,95,34,97,59,99,59,93,13,24,36,54,10,92,51,94,84,34,82,17,56,8,90,38,24,78,29,98,39,36,76,28,73,92,62,57,42,86,39,61,75,40,75,65,14,27,96,22,69,56,63,67,29,31,39,52,28,51,78,56,30,47,22,85,89,38,95,53,30,58,29,75,70,80,96,30,59,17,59,76,53,37,56,36,24,8,51,74,19,13,22,45,67,37,61,60,29,98,80,20,98,14,1,2,19,33,51,42,16,27,17,73,24,13,69,21,51,81,40,65,5,34,25,90,85,72,30,2,74,21,72,67,23,22,68,42,30,15,6,79,44,94,48,64,47,93,60,56,59,9,75,58,51,16,47,47,86,26,38,49,86
30,98,64,15,85,69,59,60,13,35,30,49,52,98,31,82,75,41,25,38,95,52,37,99,96,74,89,15,35,76,3,84,34,88,85,71,28,6,20,58,88,26,23,65,85,17,75,71,74,34,72,21,41,66,62,47,51,77,85,27,45,8,34,53,63,14,19,27,41,47,87,75,93,30,59,95,4,3,53,38,86,31,86,32,93,64,79,51,13,18,11,49,84,40,50,62,41,6,79,28,35,84,34,20,75,76,11,45,49,28,78,93,25,19,62,80,13,36,16,82,44,65,81,37,35,51,37,52,40,13,4,92,23,52,95,25,96,7,54,56,30,56,42,78,66,36,92,15,84,31,9,36,85,89,8,48,63,21,25,48,85,68,43,84,30,23,35,39,73,7,41,36,31,45,87,72,31,39,54,70,91,80,46,24,85,92,53,12,19,67,54,15,30,3,98,81,97,9,35,6,11,51,35,10,67,55,61,20,66,72,92,77,95,99,72,53,35,73,48,79,83,27,70,68,23,96,9,31,3,90,41,6,72,4,65,89,59,3,26,26,71,53,48,62,64,72,41,49,64,29,41,92,84,15,5,50,8,8,37,14,40,47,21,26,83,33,87,72,51,50,10,77,23,39,27,75,25,56,48,63,52,12,81,30,60,86,46,95,87,43,39,94,72,16,10,70,74,19,98,96,12,42,98,93,6,45,79,80,13,9,54,11,66,23,79,54,9,62,40,9,74,83,21,55,27,15,92,14,95,75,21,61,87,53,57,46,62,11,91,1,50,8,39,2,73,55,9,56,41,15,68,61,94,41,47,7,12,96,47,76,54,71,84,83,67,51,46,65,39,50,36,50,69,76,52,6,51,1,36,56,5,44,14,17,14,48,35,90,51,35,7,51,95,56,23,92,68,40,6,18,44
31,28,13,99,21,8,5,28,40,90,12,74,1,93,39,66,81,26,23,11,28,24,81,62,40,35,13,57,78,21,44,97,88,38,3,35,50,54,24,47,32,40,36,92,92,41,79,10,83,6,44,35,98,40,57,16,38,77,54,16,88,88,90,76,67,78,24,29,30,62,9,99,21,45,30,35,91,62,85,5,63,22,88,37,71,19,85,24,98,87,52,31,20,8,39,82,14,12,31,77,86,75,70,28,8,33,59,79,84,84,49,92,6,18,88,66,75,84,57,76,61,45,58,11,45,97,17,61,60,61,2,84,67,72,38,41,67,99,4,56,19,60,7,42,65,72,96,18,5,58,45,4,93,46,97,92,98,14,88,98,6,62,79,30,47,26,98,26,43,10,89,28,99,49,1,50,60,50,63,80,24,22,12,86,67,78,83,40,4,59,95,88,8,99,70,91,49,44,52,31,22,98,88,87,6,4,19,50,14,69,68,86,21,48,93,77,1,44,6,68,97,42,97,88,33,81,49,99,47,59,82,50,94,47,47,32,67,5,1,47,27,53,80,79,33,76,25,29,31,12,27,58,18,73,29,70,10,33,83,8,17,99,71,9,15,65,8,14,60,74,19,26,88,13,86,97,4,82,92,52,66,7,89,92,66,7,80,68,71,30,65,65,90,99,79,4,54,91,35,46,94,13,46,57,35,4,44,10,46,36,25,80,97,61,96,7,47,46,34,43,93,98,37,98,71,63,15,64,61,2,18,34,36,87,24,66,78,27,57,69,43,69,20,3,4,12,67,10,73,32,15,76,95,54,26,89,82,55,14,45,46,96,20,41,88,63,17,99,37,97,13,1,47,80,83,12,34,36,87,17,79,48,21,6,48,85,96,99,70,29,65,15,94,28,13,50,22,92,23,43,26
32,58,37,12,71,10,77,17,13,64,74,16,73,81,24,23,89,93,91,48,72,81,53,54,3,79,20,68,29,4,7,3,30,76,59,49,60,28,33,33,73,22,84,17,32,28,81,2,78,78,48,21,73,76,69,19,49,57,35,51,3,99,68,93,2,5,84,85,18,42,92,71,70,79,61,16,40,29,69,92,5,72,23,44,18,47,88,25,45,64,4,86,36,57,64,32,71,64,17,89,2,67,86,32,58,81,82,56,43,24,47,74,79,29,19,43,74,35,64,72,64,96,94,9,45,41,97,25,86,72,52,83,39,49,77,51,82,87,88,43,67,50,83,21,10,89,75,13,76,52,75,52,84,22,26,40,13,73,49,47,12,76,31,31,21,54,36,61,10,55,77,25,87,36,90,33,41,85,62,91,13,74,35,87,9,66,29,89,37,29,8,26,99,51,61,22,82,41,92,49,83,33,93,80,11,1,24,50,89,76,25,98,86,88,58,58,54,57,86,28,62,18,70,94,99,24,8,79,7,88,49,31,83,61,56,11,51,5,43,52,49,13,50,35,97,54,98,63,55,2,13,74,3,94,27,78,81,43,38,74,84,29,54,6,42,89,58,49,4,46,29,92,57,55,64,20,54,20,97,70,22,74,53,34,63,54,3,67,66,2,54,39,32,97,62,92,75,84,93,8,16,14,95,14,3,45,69,3,65,19,49,23,67,5,48,92,74,76,40,68,53,21,46,84,24,27,57,24,49,89,39,34,88,70,78,47,58,83,37,90,44,94,37,52,45,3,69,20,38,94,89,36,97,98,35,61,39,68,25,94,13,5,57,48,12,39,89,26,97,17,63,79,83,79,16,7,37,54,83,40,13,9,55,50,74,80,36,77,62,6,84,46,46,27,36,29,9,51,6,20,74
33,60,42,6,66,2,41,14,63,92,25,95,99,70,45,96,27,84,50,10,78,35,54,51,90,9,75,41,46,78,4,57,8,72,65,62,41,7,25,90,58,45,2,75,99,40,65,6,68,7,98,38,21,6,84,41,14,57,39,45,16,9,54,58,94,51,40,43,58,84,81,41,3,96,89,17,17,77,9,21,15,92,3,19,33,78,64,69,93,46,85,19,81,90,19,53,14,37,29,94,87,90,89,40,99,74,57,38,32,28,97,85,59,86,69,46,40,1,99,60,5,64,3,36,81,93,39,78,93,22,11,47,45,40,99,58,73,17,37,13,3,94,14,97,32,41,72,44,77,98,6,10,24,43,77,40,27,66,3,91,53,83,79,21,16,71,34,70,64,89,92,80,11,96,67,79,18,97,88,17,33,22,26,58,36,97,90,26,57,66,80,36,83,92,76,74,91,54,42,44,19,32,30,16,59,91,19,69,44,39,88,20,92,23,78,33,83,71,78,92,91,90,27,21,62,38,85,18,37,5,78,14,34,40,67,92,70,17,10,40,8,96,96,56,72,52,35,61,74,61,2,66,56,97,40,89,34,14,98,77,93,8,33,62,94,1,76,64,14,8,8,81,86,75,6,59,77,32,55,72,56,1,47,86,31,12,63,46,50,6,89,9,18,18,16,7,39,95,49,80,80,8,59,23,70,22,94,26,38,18,54,98,70,30,79,97,28,43,65,9,70,6,58,87,93,42,73,59,29,9,98,25,79,33,97,9,5,98,1,7,52,78,56,49,23,93,99,36,60,83,38,11,77,80,48,13,26,63,90,34,82,57,78,53,44,67,29,4,29,96,82,84,10,13,74,47,30,33,65,59,89,11,80,1,52,30,52,49,57,58,11,96,37,70,84,48,32,70,12,67,11
34,96,86,84,31,46,83,41,24,56,30,48,38,58,73,1,90,74,99,39,55,73,5,75,53,79,6,69,39,79,85,43,47,5,79,10,20,60,30,81,72,20,77,54,9,89,48,74,70,93,72,12,36,33,69,96,58,28,71,9,2,57,88,91,13,24,92,46,1,15,48,75,2,52,9,13,35,62,67,8,12,25,8,72,78,14,25,14,87,1,21,4,87,49,50,15,95,33,97,27,52,41,61,13,14,1,17,44,17,44,82,52,25,7,71,77,20,22,38,55,90,79,5,43,45,27,90,3,85,64,33,87,35,87,25,9,60,48,42,9,64,47,18,48,60,62,11,23,90,40,38,59,77,93,92,2,84,52,54,1,29,44,89,79,28,82,43,42,22,66,1,33,50,45,35,32,66,98,52,89,52,78,68,38,92,66,2,54,45,39,90,33,96,3,26,68,23,95,83,4,77,8,30,57,42,64,85,2,28,1,25,81,65,84,79,65,29,11,92,48,14,22,88,27,33,98,60,32,79,91,45,71,11,42,99,53,93,14,41,53,22,6,47,49,1,66,28,77,13,7,20,98,29,82,50,32,53,47,58,89,85,82,93,31,46,9,9,38,98,37,38,36,40,80,58,46,34,43,6,84,23,91,23,92,87,18,58,37,53,57,73,49,8,71,71,21,88,66,42,72,12,14,96,71,32,31,75,30,30,54,96,16,69,43,88,65,2,72,91,77,19,26,80,13,68,93,75,2,91,70,4,9,60,58,80,76,50,73,12,69,6,25,48,1,93,10,15,30,81,9,43,32,20,21,72,47,36,47,18,36,14,34,85,5,64,15,12,40,49,96,57,99,94,55,76,14,52,45,58,18,50,8,77,6,48,37,79,54,88,76,78,60,12,45,70,39,63,18,96,96,68
35,20,68,10,17,37,50,99,7,39,13,89,99,45,33,24,26,87,41,58,3,98,35,38,36,79,74,53,87,76,36,89,29,93,76,45,2,5,92,50,31,12,89,49,34,38,48,12,64,7,18,88,96,97,70,51,71,75,66,22,13,46,79,1,82,38,87,23,51,90,37,25,43,22,17,51,69,42,25,26,40,12,69,67,63,69,74,15,11,54,84,5,51,17,15,19,98,67,28,60,94,54,92,81,13,10,45,38,94,76,54,12,95,24,20,33,16,73,4,10,51,44,84,32,52,73,38,75,49,8,54,81,10,62,21,76,57,26,32,93,67,46,17,73,32,71,23,34,46,47,95,34,29,96,82,83,16,48,2,59,3,60,27,43,79,2,60,23,70,9,67,16,65,97,5,51,24,82,85,78,99,60,54,68,46,87,58,30,92,90,89,73,34,1,41,17,23,81,56,90,18,11,59,86,71,40,25,97,46,53,54,19,2,88,9,50,4,35,47,15,7,78,51,59,96,16,69,19,58,25,94,17,21,13,79,18,10,73,62,58,2,37,21,14,8,27,39,84,48,86,82,10,58,34,8,33,93,50,41,7,74,8,91,36,44,94,88,87,77,62,61,14,71,22,97,71,54,10,94,47,59,11,73,54,65,24,48,34,97,40,13,37,41,1,21,91,87,32,82,70,94,93,75,50,85,72,44,91,66,5,44,48,62,50,83,21,24,84,36,77,32,81,79,51,12,73,7,9,87,9,16,9,19,56,32,36,70,11,96,79,30,15,44,88,51,41,20,39,66,64,2,62,16,32,11,77,10,14,31,97,27,47,20,77,53,96,19,54,55,94,11,65,74,90,47,70,17,18,25,87,22,22,1,37,33,24,74,92,69,47,37,48,19,81,2,42,98,26,92,12,55
36,27,6,45,6,92,23,95,71,68,22,91,92,76,53,1,72,55,38,76,86,99,16,90,34,22,27,49,69,97,14,85,38,64,97,38,24,29,51,44,97,83,93,24,73,31,97,23,87,16,74,5,31,88,60,57,97,87,48,65,77,80,83,80,39,62,23,37,12,75,16,95,79,62,11,71,49,87,91,83,62,26,95,16,34,60,99,23,76,91,87,99,28,14,62,13,35,15,79,90,59,81,38,25,32,30,95,21,98,73,17,38,99,81,68,90,62,39,71,71,57,24,49,30,53,48,88,89,99,34,25,31,84,6,33,84,46,93,74,1,46,41,44,55,46,36,53,49,6,16,44,62,5,90,94,86,87,38,67,86,14,4,41,40,94,48,29,78,71,54,21,43,1,18,74,39,68,5,7,36,61,57,2,27,86,41,43,27,83,15,60,8,76,30,87,61,80,52,56,11,1,23,5,56,10,22,92,12,95,88,95,42,21,82,20,97,67,46,80,96,85,59,12,90,25,91,92,56,46,52,30,20,16,60,75,18,23,95,90,53,50,26,41,79,99,83,44,40,2,48,57,52,45,15,93,91,3,25,72,94,53,34,96,22,96,79,19,3,83,80,19,75,74,33,86,9,7,68,51,23,10,75,15,13,96,7,70,46,93,21,33,20,1,56,20,45,4,9,42,73,7,26,39,80,61,23,83,39,31,37,19,57,27,52,39,93,80,37,39,76,84,3,28,32,98,92,62,31,99,67,88,80,14,22,40,21,81,40,36,1,22,97,18,14,36,94,22,6,40,78,62,23,79,72,69,62,86,32,85,39,14,7,70,29,18,84,36,45,39,23,75,42,91,27,86,10,6,31,46,73,78,38,51,28,19,41,66,68,89,69,7,50,54,38,15,61,70,23,88,8,93
37,34,9,31,81,5,33,84,37,57,97,2,61,5,30,19,65,65,9,43,26,13,77,79,12,38,17,51,62,19,98,39,28,88,69,38,75,34,85,30,16,55,11,42,58,38,72,50,55,91,68,64,81,68,46,60,38,32,56,58,35,40,15,89,39,98,29,54,44,59,55,46,52,41,61,54,21,52,79,74,94,82,53,38,15,36,11,90,60,28,74,98,81,62,94,33,49,30,3,26,58,94,36,88,20,6,74,48,7,43,79,99,80,79,16,12,99,83,81,55,9,37,64,75,80,80,88,34,41,48,99,32,57,27,5,89,18,30,8,89,59,17,20,71,90,54,21,2,62,88,59,93,35,27,36,10,12,50,14,87,25,78,28,45,85,40,20,87,32,9,58,22,96,55,82,71,9,9,95,5,71,13,76,12,81,47,57,93,65,6,9,57,8,53,16,99,61,87,66,21,7,24,33,27,53,96,89,13,54,32,81,32,5,30,66,51,91,77,9,23,76,78,17,86,28,40,32,57,44,11,61,15,98,42,70,17,50,84,36,63,77,81,88,16,77,71,89,67,60,29,17,28,97,95,2,22,74,25,48,71,67,82,39,81,78,22,93,21,87,87,77,64,40,11,91,26,6,90,45,75,42,50,81,48,44,85,31,21,94,2,85,92,11,36,28,80,96,58,90,34,74,19,98,89,18,56,59,98,38,40,21,17,29,49,92,88,76,42,23,23,93,14,64,10,69,27,10,56,18,9,28,70,76,80,65,23,85,67,26,30,86,1,78,42,61,65,71,37,53,36,42,19,20,57,48,45,83,70,23,63,46,5,58,44,86,86,18,54,92,51,8,46,72,33,70,42,18,77,56,90,41,17,37,19,47,98,41,32,69,66,59,19,65,50,22,88,32,56,71,32,8
38,50,22,70,87,6,60,16,78,38,31,15,49,75,33,24,42,35,80,8,7,55,35,27,87,26,67,83,82,26,48,40,62,23,44,99,95,57,85,59,85,14,18,54,81,75,29,53,95,31,44,62,98,86,47,51,99,31,91,17,98,46,2,23,39,73,44,25,72,87,85,94,93,55,9,83,67,53,23,7,47,10,32,65,56,21,41,13,22,13,2,62,94,78,71,12,38,82,59,4,47,58,51,82,18,85,86,80,41,10,19,88,11,68,67,24,25,70,19,81,56,30,7,15,35,68,16,41,18,45,31,1,30,46,50,77,66,66,58,12,84,53,83,61,95,84,95,61,42,10,10,22,61,55,29,83,81,37,88,77,69,64,42,21,86,31,71,65,24,44,93,40,38,58,85,62,66,91,71,20,18,83,6,39,67,46,26,84,74,15,13,32,25,81,79,97,95,71,56,29,45,17,85,40,55,11,24,90,98,97,39,24,56,58,57,23,73,47,33,74,15,58,9,56,83,84,47,67,51,23,81,35,50,63,35,45,88,9,54,46,56,51,80,75,10,17,53,37,3,21,64,63,53,4,23,54,62,9,84,89,79,74,80,76,77,59,26,90,93,39,92,64,90,21,84,90,32,8,31,99,62,84,64,21,2,81,23,10,46,65,18,17,55,40,66,3,50,26,2,92,75,26,88,67,90,35,65,80,46,84,58,1,26,79,12,78,11,81,97,22,16,7,89,5,12,39,14,65,5,33,39,48,21,61,40,91,59,95,48,80,67,32,65,89,30,53,51,6,87,70,71,20,96,9,56,95,89,49,15,83,84,42,32,90,49,93,92,14,18,86,66,18,69,48,70,56,19,40,43,30,21,49,26,93,72,97,36,42,10,75,60,32,84,50,50,16,66,86,41,82,98
39,56,74,29,50,58,76,66,40,39,26,18,62,24,78,65,37,63,88,22,15,5,66,49,33,39,60,81,5,77,82,39,46,31,19,31,28,2,41,62,73,61,40,32,48,22,26,90,64,61,93,93,76,10,14,10,95,37,93,5,92,51,34,89,99,39,95,95,91,44,96,49,64,74,17,94,18,94,29,76,71,74,98,69,62,12,87,99,6,95,53,88,19,96,75,5,43,8,58,69,50,6,2,15,20,53,86,1,19,72,67,30,17,97,31,81,88,67,84,96,40,82,16,41,43,90,60,91,52,36,58,24,45,27,31,82,78,73,43,90,67,59,70,6,90,66,30,17,54,60,22,31,15,95,95,15,91,59,38,57,46,89,31,68,45,86,63,74,70,88,1,68,72,20,97,41,86,65,34,98,77,52,61,12,52,84,42,94,57,3,69,10,94,3,37,98,59,80,11,16,14,51,94,17,87,47,38,24,23,78,44,56,84,80,36,77,65,28,81,69,92,50,65,49,39,5,6,80,86,78,3,29,35,68,66,92,6,4,32,4,23,62,92,2,89,29,2,6,73,18,1,15,54,16,44,98,17,12,42,31,38,15,79,84,50,24,80,69,46,70,17,60,7,54,19,62,48,24,89,15,17,54,53,88,24,74,23,54,68,51,33,31,93,42,81,33,15,56,17,70,33,10,46,63,12,72,40,51,31,23,58,29,55,61,65,69,77,54,42,31,2,61,81,51,91,41,21,84,11,75,11,57,68,5,44,59,80,40,24,52,2,22,24,93,16,59,2,35,14,12,32,6,37,5,7,79,25,29,91,79,96,86,56,69,37,10,49,78,95,15,47,31,58,89,89,24,98,9,83,59,42,86,61,50,96,86,26,39,89,96,17,15,21,85,66,66,53,11,68,62,29
40,77,38,31,36,40,30,63,97,11,71,50,66,51,79,33,77,71,64,9,92,62,19,11,3,69,90,31,24,17,37,84,54,15,83,44,62,30,63,42,23,13,3,4,36,73,45,51,29,92,63,59,20,72,62,56,49,30,94,24,88,9,10,44,60,60,27,17,15,45,14,52,9,47,45,70,56,20,61,25,20,28,17,64,27,26,1,41,52,81,22,89,16,43,47,25,37,76,58,18,8,10,77,50,51,42,63,78,92,48,50,46,83,82,23,10,13,14,65,42,89,56,84,35,17,81,38,61,87,72,21,73,47,78,50,88,33,82,78,50,63,10,84,93,94,11,26,23,89,59,14,23,42,63,17,27,31,34,55,54,30,8,10,84,11,36,98,39,82,89,69,79,5,99,56,93,30,79,40,40,43,85,94,82,94,95,34,57,90,74,48,71,50,44,29,4,46,46,75,62,94,41,89,32,82,49,72,31,5,51,63,5,98,79,26,36,73,85,44,47,76,25,15,99,61,28,97,58,27,76,81,37,70,73,68,54,24,54,45,95,51,88,77,10,88,45,60,99,36,71,55,4,27,55,86,88,68,45,31,77,51,90,68,18,59,92,42,71,25,71,65,73,49,23,33,46,44,94,66,79,9,37,43,80,1,64,89,35,9,5,98,73,78,81,52,51,83,88,58,28,93,39,11,85,43,44,2,94,62,7,89,66,45,38,94,14,67,3,5,57,16,61,5,76,51,83,51,51,68,18,59,86,86,38,8,73,71,16,94,82,4,34,70,49,3,88,18,60,92,39,76,63,39,26,45,44,15,89,72,7,92,50,61,98,93,25,80,81,61,80,89,28,39,37,61,99,81,75,84,50,97,17,27,79,46,54,75,34,29,27,81,24,27,91,71,59,28,45,94,87,93
41,33,64,13,78,72,77,85,40,29,10,6,94,44,19,37,99,41,64,1,37,18,29,45,13,97,39,2,95,77,71,29,11,38,56,86,47,88,79,51,83,18,77,64,47,7,20,92,70,45,38,15,77,5,96,31,26,81,25,23,83,99,6,82,11,78,75,36,32,83,38,96,63,22,67,95,16,7,9,19,95,27,16,11,72,75,6,63,14,16,32,40,66,61,14,52,18,74,45,16,86,24,3,5,57,85,45,12,21,2,32,79,72,4,24,65,28,71,55,70,13,74,87,33,62,7,74,60,74,33,2,42,2,24,39,38,26,66,78,66,63,62,9,46,37,85,65,9,89,69,75,54,72,73,84,53,92,56,58,88,65,21,12,17,52,13,91,62,81,45,36,69,88,21,14,63,10,5,80,56,68,90,53,60,94,65,40,11,24,73,56,66,1,15,10,9,99,62,59,95,21,38,32,20,44,25,36,56,23,27,50,31,62,5,29,93,25,60,79,47,85,25,65,72,39,57,56,8,81,97,94,64,48,10,57,23,50,19,35,21,43,22,5,87,59,8,59,76,98,22,61,50,25,11,30,5,25,32,35,72,73,31,61,97,8,58,58,21,70,69,13,5,6,17,62,31,66,12,63,86,42,28,61,68,44,34,48,20,26,19,17,9,22,31,81,24,35,61,31,79,61,59,71,42,61,19,72,42,16,8,91,7,88,53,35,61,16,28,74,46,46,17,4,2,36,92,19,53,34,44,6,96,34,52,17,29,13,53,68,54,12,4,60,6,64,70,55,96,18,28,2,69,52,73,97,80,59,84,97,38,5,9,23,4,86,87,49,24,94,79,47,32,46,62,13,49,82,69,21,83,85,99,93,7,17,81,27,90,77,19,93,99,86,69,43,22,6,19,70,49,87
42,12,80,37,8,21,62,67,26,51,11,45,73,73,50,11,22,68,95,2,52,97,40,75,69,38,70,70,84,19,92,90,3,28,64,35,86,77,77,86,72,52,24,40,30,7,42,8,66,66,63,8,72,13,85,38,16,26,4,68,75,25,26,55,91,1,9,92,11,21,59,38,3,83,23,15,93,16,90,11,16,77,87,64,52,96,83,95,34,39,31,44,81,6,30,66,39,23,70,47,29,77,19,73,46,82,3,85,33,82,95,9,90,69,32,72,27,45,89,25,46,37,95,25,3,2,98,85,60,60,99,30,50,23,21,46,41,49,47,46,58,18,33,55,40,43,2,5,3,5,74,69,64,72,56,61,95,55,69,15,28,61,21,11,50,22,38,45,27,38,95,94,82,15,23,48,18,33,72,55,58,56,90,25,70,70,80,6,84,67,86,52,52,9,89,92,72,15,55,17,52,12,3,76,70,98,27,80,27,60,34,39,61,12,69,87,31,32,41,96,60,36,54,9,81,98,17,51,80,62,99,42,61,25,68,24,81,91,24,45,62,79,41,34,63,48,72,64,33,30,88,7,23,45,85,32,40,8,12,46,95,9,89,28,30,30,78,17,46,52,4,30,62,78,1,11,57,83,86,49,9,99,47,64,10,66,55,33,77,84,65,81,19,42,48,64,37,6,17,99,96,42,18,19,25,57,10,34,33,20,42,78,99,7,11,4,89,67,51,8,91,89,98,68,21,2,43,50,36,37,5,55,65,31,20,59,56,9,75,53,50,53,87,49,12,99,49,84,58,87,86,56,97,29,61,96,93,68,43,71,83,1,14,82,50,71,83,48,86,99,82,51,38,92,43,49,32,48,31,80,46,66,92,70,7,40,18,21,36,79,11,18,49,5,82,76,29,84,62,21,64
43,67,49,74,95,37,33,47,33,61,27,7,5,26,72,50,79,50,46,5,89,92,79,91,72,90,77,63,37,36,99,82,97,85,60,94,68,84,70,96,65,37,38,54,68,34,14,20,36,8,25,43,76,61,36,14,91,80,7,84,15,63,81,34,2,97,60,31,64,31,75,73,41,18,78,7,66,84,2,81,55,50,81,84,77,44,64,85,16,5,94,35,32,75,4,4,82,40,67,84,70,22,78,84,64,86,25,15,23,24,83,68,85,23,3,45,70,40,46,68,26,35,88,93,68,39,67,38,73,29,31,99,82,35,20,51,45,40,73,2,61,83,77,53,21,10,17,90,34,46,98,91,56,71,78,7,46,15,3,20,79,92,76,57,37,79,99,39,99,67,59,63,62,61,19,38,24,39,55,57,42,56,82,6,69,33,50,92,13,4,62,25,77,55,18,41,89,5,38,41,5,57,20,80,8,84,3,91,53,5,30,60,10,73,76,96,42,90,27,11,10,39,75,76,9,85,13,54,43,26,59,89,2,86,34,28,31,19,66,51,8,5,96,2,99,5,54,92,22,11,43,67,21,10,53,98,45,2,21,29,33,22,79,68,24,64,7,13,78,18,33,24,64,77,77,57,41,19,70,64,93,25,48,61,72,66,87,64,18,57,59,94,35,17,16,91,1,47,41,17,84,44,72,38,29,41,74,92,94,81,78,5,93,5,45,61,61,50,8,95,1,21,60,16,82,40,29,60,75,89,25,56,72,25,97,97,36,72,24,7,98,95,12,41,27,89,67,62,62,53,6,37,36,5,38,12,5,7,43,77,20,65,31,33,53,19,58,21,17,86,37,29,4,9,29,3,25,19,67,26,20,30,99,51,40,66,40,75,82,78,5,34,24,80,89,54,5,45,7,11,4
44,60,57,9,10,47,44,79,40,34,29,41,90,41,59,38,78,78,86,50,71,15,31,61,61,35,72,63,12,76,32,43,41,55,91,28,94,33,32,44,25,43,79,23,85,19,33,37,24,30,96,3,2,92,54,50,13,76,97,90,67,43,87,58,7,23,25,25,15,1,72,77,40,62,64,43,87,56,95,53,18,67,15,98,51,72,72,60,30,1,14,44,52,46,17,14,27,44,82,46,8,58,47,52,2,3,9,87,41,54,8,89,71,62,79,44,10,58,37,78,42,45,82,5,94,92,94,36,1,32,14,13,60,84,10,55,96,56,60,74,91,95,86,86,72,63,87,78,38,49,44,1,5,54,14,44,81,15,60,62,7,31,93,9,82,69,31,94,92,90,99,46,4,92,87,92,6,75,41,49,54,62,70,82,98,41,53,71,30,25,37,68,70,1,20,35,90,75,42,20,31,40,99,67,81,97,76,78,33,64,23,31,19,72,84,37,59,57,55,31,63,9,4,24,3,48,95,85,77,98,49,35,77,16,94,99,25,25,16,28,41,76,67,72,7,32,78,27,83,51,70,97,71,56,60,95,68,5,61,99,19,98,15,44,31,85,46,54,23,83,92,20,56,48,61,88,11,85,5,82,52,94,47,35,28,94,82,26,79,28,12,40,41,87,22,56,26,37,96,63,48,13,78,89,28,82,5,6,10,99,35,72,32,83,12,45,10,75,88,81,75,85,15,44,75,37,9,60,88,5,2,20,85,67,97,49,50,42,59,34,76,92,57,57,31,37,72,63,87,49,26,61,8,8,12,81,76,35,38,94,6,66,17,78,65,60,65,27,39,11,16,58,77,63,2,1,88,81,23,9,82,2,79,19,9,4,88,4,62,94,48,1,47,91,99,17,15,12,14,28,71
45,14,85,84,9,37,72,27,34,81,37,71,48,7,88,33,3,24,58,97,5,46,6,10,52,19,20,58,65,1,58,77,22,91,21,77,67,83,2,52,65,94,48,73,97,94,39,19,64,54,39,98,5,18,39,19,79,75,58,95,31,12,57,95,63,11,7,1,1,86,33,81,90,97,42,94,80,29,2,60,64,1,66,60,63,93,13,32,54,8,37,81,90,49,8,12,50,54,9,56,36,52,63,4,40,99,7,21,29,57,27,56,77,33,47,48,93,99,88,94,40,42,29,82,83,91,12,76,3,81,27,5,88,75,12,82,68,37,26,98,50,41,2,33,94,18,21,95,19,63,44,29,59,46,76,75,27,45,47,23,13,67,29,71,27,25,69,69,14,33,22,22,3,39,78,65,37,47,99,39,33,97,13,60,30,66,70,58,29,30,22,24,59,55,59,56,86,24,97,39,1,69,52,66,37,23,30,80,65,17,58,16,10,61,14,6,18,15,33,58,89,48,92,76,81,39,92,96,20,58,95,45,24,14,72,86,89,83,8,37,78,57,69,74,3,87,34,18,8,46,99,11,31,57,50,75,9,76,36,27,6,89,94,49,54,26,22,94,5,61,3,61,55,29,97,60,92,61,35,52,61,63,49,84,6,64,93,73,61,25,46,46,13,97,30,72,65,56,33,13,91,56,60,46,8,92,91,1,20,70,68,20,6,64,37,2,53,44,30,99,30,20,39,15,19,16,2,76,39,33,89,41,6,73,27,14,86,98,60,29,20,56,51,39,74,56,19,51,16,55,58,44,5,70,53,56,71,84,40,96,74,89,93,23,21,97,46,25,87,63,8,84,45,68,79,8,64,27,4,9,81,29,76,3,44,62,61,52,75,3,67,64,39,5,73,3,79,73,35,76,39
46,96,2,45,42,13,69,58,62,31,9,47,17,88,96,6,19,55,77,63,36,76,16,71,9,49,43,62,26,17,30,15,31,69,24,89,74,10,47,55,71,63,98,86,30,13,48,14,15,8,27,87,48,26,99,53,59,5,1,53,43,66,24,52,14,35,22,9,25,40,25,58,40,21,57,5,7,88,3,60,4,97,29,79,42,79,72,98,60,26,3,26,89,16,54,93,87,12,5,39,47,57,68,24,54,2,10,85,98,84,84,37,27,25,93,28,87,64,53,12,19,16,42,50,48,97,25,26,31,5,3,82,90,44,46,27,36,66,73,61,67,75,41,59,29,39,96,31,11,51,47,24,64,92,69,75,18,8,89,98,28,79,76,76,41,58,83,80,48,75,64,16,58,60,65,52,48,11,79,42,10,41,54,93,2,91,4,38,28,23,24,4,68,31,33,53,81,86,62,58,18,43,24,13,54,73,96,99,82,16,56,50,11,13,32,57,13,75,67,19,17,94,39,4,86,51,91,86,42,71,52,64,64,22,89,17,45,14,98,89,48,10,32,24,46,95,43,36,93,3,82,65,32,8,67,37,77,28,33,26,76,32,14,40,37,2,93,44,57,77,59,99,92,67,6,35,76,11,15,88,9,64,67,67,39,94,21,30,79,67,46,88,97,48,60,39,76,84,45,2,92,41,59,63,49,1,54,48,34,71,6,14,86,15,85,90,59,80,55,55,10,82,96,88,10,93,21,7,29,96,35,50,86,10,24,9,65,51,36,87,13,75,83,51,28,19,35,96,89,14,61,47,20,51,32,98,1,36,92,50,84,21,60,28,81,72,92,69,83,23,26,45,15,1,2,86,68,26,13,36,62,41,28,30,73,27,69,19,90,58,42,52,56,11,28,23,88,76,25,78,99
47,81,39,67,77,93,60,75,15,74,17,74,81,64,95,15,26,27,24,54,15,38,44,90,28,26,96,56,54,15,95,98,22,61,17,67,44,70,28,60,5,26,40,84,76,23,9,58,2,12,2,21,27,80,46,19,71,87,55,3,73,82,19,16,58,63,30,88,77,14,50,54,70,22,39,96,82,20,3,41,84,22,58,4,48,30,12,74,45,24,56,28,93,57,30,72,76,48,22,47,55,97,3,20,19,24,57,73,47,55,76,76,47,3,94,99,38,79,83,91,58,64,58,70,93,91,28,87,44,23,38,11,70,37,30,17,70,44,56,42,57,51,88,11,85,82,2,36,73,32,10,44,98,66,74,8,40,64,66,39,79,14,89,64,18,52,29,69,21,53,63,27,14,50,45,16,18,85,77,76,27,63,54,44,26,45,7,40,37,2,76,28,41,27,36,35,27,36,20,17,31,5,75,91,28,80,28,79,33,83,80,27,79,24,48,19,78,40,5,29,12,91,8,23,10,54,48,81,59,2,6,12,51,11,53,4,37,69,47,57,45,73,9,92,48,54,88,42,20,91,53,54,8,68,23,88,4,2,78,94,49,29,29,93,37,20,98,93,80,4,61,37,74,60,79,69,77,38,34,20,90,92,44,45,20,4,73,54,1,74,68,5,13,11,37,4,25,20,81,60,60,99,77,72,74,36,71,61,19,51,92,88,92,92,99,30,84,64,22,79,42,83,9,82,98,43,67,31,59,6,31,69,62,63,54,12,98,31,18,52,59,24,64,33,69,52,26,98,95,15,70,17,95,63,89,29,8,31,89,98,43,43,32,19,92,36,89,80,40,86,49,89,23,30,82,10,47,90,70,14,87,71,99,1,54,15,16,49,44,32,28,86,15,4,15,6,80,9,60,53,74
48,43,96,86,18,83,71,79,25,55,11,27,28,26,89,19,3,73,93,33,25,45,39,90,72,19,33,20,31,88,33,63,37,39,6,95,40,50,93,62,27,57,52,64,6,65,41,78,83,91,27,26,73,61,37,43,24,46,66,53,7,80,26,35,96,72,88,18,51,12,25,6,24,53,6,5,19,49,52,82,97,55,41,83,15,45,99,8,74,32,62,82,70,45,17,80,85,72,99,61,21,1,55,21,15,39,80,97,37,84,47,55,30,79,96,18,87,98,57,58,20,52,49,91,14,20,67,50,6,63,21,39,21,14,3,66,30,12,3,5,51,13,66,82,72,74,85,1,12,34,2,38,35,72,33,96,66,80,20,47,94,93,28,25,57,60,47,30,57,37,36,61,37,20,70,8,88,99,34,18,20,81,1,33,31,38,68,51,4,83,82,62,62,86,21,77,40,40,11,68,8,92,46,21,8,8,39,15,85,67,95,31,89,26,83,1,22,19,41,62,22,98,96,33,76,32,73,98,41,30,31,61,58,94,6,71,96,39,42,57,55,65,54,28,74,40,35,96,28,76,64,70,54,89,15,4,65,57,33,33,99,35,34,21,77,4,63,59,35,14,84,49,66,28,41,82,25,58,4,60,72,13,75,62,34,96,98,55,88,23,89,35,74,8,61,96,43,58,90,19,46,98,72,53,41,58,41,28,41,44,51,35,13,68,43,90,29,73,52,23,49,12,49,68,7,31,65,9,37,46,15,46,29,19,55,77,82,77,25,75,27,28,13,54,55,43,57,46,87,55,97,80,63,7,37,23,64,15,63,27,43,76,18,26,10,39,79,79,64,99,97,52,66,82,9,6,95,32,4,84,49,16,46,38,14,55,95,50,37,75,20,84,39,11,62,44,37,10,95,62,42
49,2,27,73,60,85,58,12,7,73,74,66,14,88,49,79,19,54,91,12,45,12,24,7,43,26,71,83,96,93,96,75,5,73,47,40,66,80,2,51,82,23,90,96,23,64,68,49,82,53,40,4,58,27,53,71,98,34,12,63,32,31,40,99,51,63,37,1,85,42,20,43,65,34,49,36,1,66,44,23,99,35,74,88,87,59,19,62,46,65,66,75,20,41,50,80,73,28,67,85,79,57,26,43,11,12,99,83,86,33,26,69,58,54,31,5,7,96,7,77,46,8,73,36,56,8,37,50,5,17,50,88,19,26,8,79,99,97,1,47,41,3,45,81,10,3,98,90,59,70,6,78,13,7,82,17,90,83,92,14,85,24,43,51,83,64,85,95,50,30,56,20,27,28,25,80,5,37,26,30,7,77,72,82,19,80,35,48,20,78,72,90,58,27,12,7,41,18,13,78,13,99,64,14,91,94,12,29,5,98,78,18,20,3,21,51,44,2,24,28,10,83,81,72,61,42,33,75,18,36,31,83,83,74,65,67,29,30,82,41,11,65,7,77,90,22,71,64,56,80,76,26,95,47,37,84,11,24,37,91,35,68,64,86,59,94,59,35,62,41,38,70,84,87,78,63,4,25,50,1,50,32,61,85,70,11,73,40,38,5,84,50,29,3,44,4,70,44,43,38,52,47,50,55,87,23,90,25,14,93,11,43,13,23,18,4,88,41,52,30,16,86,91,50,15,56,47,24,97,18,14,88,34,85,2,67,33,18,30,1,10,70,79,49,90,21,63,93,61,58,41,66,95,40,91,69,66,16,29,74,73,72,53,56,14,30,97,28,38,25,66,6,20,56,79,48,95,9,13,54,20,74,23,75,96,82,30,44,13,1,88,61,86,47,37,80,43,14,59,11,49
50,62,20,34,9,44,62,84,18,80,88,63,24,72,71,50,74,12,19,88,66,92,95,50,3,24,52,60,92,74,5,88,23,53,15,42,40,48,51,40,86,57,8,32,87,77,45,40,97,46,25,92,71,79,90,50,31,39,48,70,70,51,15,24,51,2,44,96,66,2,36,90,37,32,86,30,32,27,27,24,24,99,22,68,50,8,90,62,89,29,62,12,52,10,21,80,13,21,89,67,35,44,29,70,36,16,24,81,89,1,28,88,70,3,65,75,6,72,87,72,80,37,85,94,95,58,27,45,56,38,2,38,14,7,33,87,48,62,63,58,53,26,78,78,4,64,30,8,93,48,48,17,94,34,42,72,59,26,15,19,71,84,59,99,37,16,34,45,10,44,54,47,29,8,94,20,21,21,21,77,78,13,47,49,26,17,70,2,63,19,64,76,32,81,8,75,32,62,31,99,11,97,76,17,93,18,84,27,10,85,33,37,69,38,74,68,98,11,38,81,79,93,64,29,99,13,48,95,60,51,6,15,19,35,21,79,33,86,78,89,98,74,1,19,54,7,53,13,66,4,61,13,38,99,88,33,89,49,44,23,12,1,14,8,18,78,97,32,76,44,58,13,59,17,97,74,33,93,64,25,90,73,95,17,72,84,12,36,56,55,58,66,77,15,91,35,58,61,65,92,74,48,61,11,30,39,66,93,96,6,65,29,54,49,98,57,23,45,28,89,32,11,28,11,92,78,51,85,6,29,34,90,87,43,1,74,67,40,73,27,26,28,34,37,23,8,41,1,78,86,60,97,70,63,79,65,78,23,55,20,57,74,83,14,58,48,1,40,66,99,2,61,64,2,28,63,27,5,22,27,49,83,14,61,26,7,25,62,14,37,23,95,90,55,6,32,24,1,75,12,5
51,88,28,42,21,88,98,20,69,65,75,50,27,26,74,49,39,62,27,66,58,62,69,43,62,86,6,70,81,67,34,58,58,59,28,7,71,25,88,52,92,84,91,59,90,67,82,86,55,53,6,2,77,24,33,3,86,85,28,75,99,90,7,58,34,99,68,54,6,97,4,34,91,92,65,47,96,86,33,62,92,93,25,65,85,43,11,45,60,61,75,51,56,5,80,25,74,36,4,60,69,71,71,37,96,39,48,71,83,92,64,51,84,36,65,97,38,5,21,15,38,58,81,70,96,23,37,36,29,5,36,82,82,29,33,54,22,14,47,30,43,86,32,48,86,63,11,12,65,69,6,28,9,72,38,66,63,57,84,83,68,52,33,58,2,23,48,11,44,11,65,30,49,10,96,26,85,63,83,78,76,34,51,36,62,37,2,37,75,80,21,75,14,47,54,96,44,18,91,94,41,1,65,56,3,55,74,37,66,45,60,88,31,76,86,72,24,6,91,79,18,6,30,13,63,95,78,16,50,89,21,55,1,23,94,14,40,86,39,69,43,70,54,26,59,37,25,97,56,9,39,6,46,19,31,94,58,39,97,97,72,18,12,67,22,72,32,81,67,72,36,44,49,64,60,68,98,56,46,83,84,31,64,68,10,70,12,30,17,1,7,51,74,84,83,13,12,38,62,31,4,64,53,51,87,36,68,82,27,42,71,61,89,68,67,21,94,83,20,19,94,50,11,70,73,69,66,21,56,11,36,31,91,62,53,69,23,66,11,86,25,75,32,29,11,9,64,71,61,38,12,78,67,39,39,13,41,82,99,17,10,7,4,27,70,42,33,96,60,92,1,68,87,82,68,94,63,72,26,32,51,17,39,77,30,17,36,27,22,31,6,5,89,93,98,55,25,42,37,57,54
52,75,42,34,11,9,42,38,40,51,89,62,23,91,77,53,34,24,44,33,94,80,50,55,31,73,14,51,27,42,22,2,12,67,44,1,9,29,88,8,26,59,89,20,92,32,5,25,80,90,73,59,61,28,62,12,31,97,29,95,85,15,15,61,58,64,4,66,28,79,19,96,62,20,91,88,21,81,79,15,17,27,36,33,53,21,97,22,92,95,76,71,50,9,53,66,41,36,94,28,5,1,41,42,87,11,34,73,5,13,78,43,36,33,46,9,42,69,39,98,24,9,3,46,29,12,68,75,57,80,93,58,97,25,81,19,93,21,45,22,36,82,11,6,16,73,20,77,97,16,89,76,8,44,59,45,10,48,90,56,32,86,74,59,72,86,10,21,61,72,48,30,55,63,56,18,94,16,62,10,20,16,54,72,59,29,67,4,60,84,7,95,21,68,29,55,30,11,47,36,68,81,88,62,95,81,49,55,47,71,14,49,41,79,14,34,33,61,80,91,40,91,96,61,85,65,98,96,20,50,45,13,85,89,99,81,44,86,16,6,64,14,25,81,83,3,57,65,35,88,27,81,63,15,72,43,84,19,29,99,33,64,72,32,20,81,7,11,29,35,85,13,32,32,53,79,38,86,74,34,82,94,15,9,31,63,99,62,20,17,93,86,89,75,71,26,56,89,26,68,85,61,44,56,34,98,34,48,88,36,94,35,10,44,46,26,43,91,64,23,89,71,75,24,10,69,73,58,12,51,83,15,94,40,20,11,79,37,10,24,73,4,7,36,36,71,8,17,90,56,72,12,38,34,92,51,78,19,88,87,22,87,91,12,67,23,5,87,4,75,74,71,72,26,15,34,95,79,84,75,68,40,55,65,47,22,7,20,35,7,42,13,4,55,52,77,31,26,40,45,77
53,90,7,16,87,1,3,63,88,20,8,80,25,13,16,85,63,27,82,42,24,82,57,6,61,76,94,60,90,55,71,94,20,11,45,65,31,87,21,38,91,1,24,2,46,12,95,44,17,12,29,87,4,95,7,89,35,43,57,96,2,76,60,97,64,22,38,60,3,62,32,81,72,71,29,60,73,63,12,89,25,64,24,60,52,26,51,89,27,69,84,79,71,21,23,83,23,21,24,88,93,66,24,61,7,88,39,53,98,20,4,84,11,94,32,74,69,85,20,60,27,29,13,42,75,1,78,19,9,89,35,88,1,37,13,46,68,86,32,7,47,15,91,92,98,18,97,55,18,91,68,67,88,3,91,90,97,38,17,35,23,7,46,66,70,60,78,84,77,67,81,87,70,84,30,32,98,45,30,68,79,65,77,42,47,61,59,11,31,5,40,18,80,46,12,84,92,32,84,14,18,78,26,35,6,57,96,26,34,42,2,7,41,20,66,20,26,69,30,85,15,38,59,52,66,54,68,55,35,97,61,60,33,81,84,18,54,26,54,86,33,97,86,78,35,72,29,72,28,51,54,34,82,42,68,39,93,48,27,79,39,9,43,17,45,53,5,79,16,56,21,66,51,52,56,65,61,46,11,47,76,4,43,8,2,50,26,57,6,17,19,62,31,9,63,27,12,26,82,1,10,69,24,81,72,2,68,73,59,1,22,85,79,7,46,44,64,65,94,54,18,79,28,63,63,56,20,88,58,57,69,37,44,94,55,93,24,95,59,5,99,5,16,81,86,23,60,50,83,24,15,41,84,31,74,43,47,60,92,54,45,26,4,36,50,72,45,63,40,63,17,76,15,50,95,45,99,40,98,97,5,90,16,84,96,82,84,44,58,91,15,88,96,62,9,76,83,86,49,39,53
54,58,29,29,72,45,5,45,58,1,32,1,65,13,18,28,79,59,11,97,84,55,42,97,89,68,82,2,16,82,71,17,26,71,92,81,2,45,74,64,45,44,31,48,55,73,51,84,17,81,59,20,94,80,34,47,2,88,48,49,64,7,68,92,82,67,78,78,75,55,29,13,67,44,54,63,19,44,56,53,13,61,89,96,88,8,55,57,85,43,57,81,60,2,61,99,33,43,9,62,64,43,69,11,19,47,88,56,19,87,35,77,92,14,92,78,86,52,95,78,11,47,69,74,17,5,15,78,82,41,28,22,76,19,70,22,26,12,42,26,95,30,1,4,9,55,6,82,17,92,61,41,36,55,55,92,84,88,98,9,17,32,30,51,82,73,34,8,67,32,36,75,19,56,20,31,5,59,82,37,94,26,35,72,93,79,84,52,28,30,44,88,78,70,75,8,23,23,84,20,73,92,45,65,89,59,64,70,67,75,45,19,26,90,76,8,20,34,92,66,88,74,11,94,33,99,76,91,48,79,4,12,28,61,74,19,61,65,94,14,71,37,46,95,94,71,84,1,18,42,14,16,13,18,40,46,83,97,58,46,6,13,73,80,20,26,4,46,58,17,62,28,45,81,41,19,93,67,2,20,30,52,81,19,29,61,15,92,97,63,84,77,24,76,58,48,56,77,56,1,4,98,71,25,16,26,12,81,45,49,27,3,21,39,35,2,9,5,63,41,83,85,25,50,24,25,16,4,51,51,27,2,60,14,1,51,99,66,20,21,49,18,14,21,75,20,95,29,66,78,44,79,13,69,24,2,8,87,69,38,21,20,78,65,55,55,7,34,86,5,55,44,35,14,92,6,77,66,42,90,79,94,14,51,13,7,27,94,11,55,64,9,26,25,31,81,20,21,13,81,49
55,77,43,76,88,75,15,68,37,76,30,12,64,66,63,2,74,5,36,68,58,39,57,38,75,10,60,59,57,89,18,31,66,69,58,24,93,27,3,32,7,13,90,39,88,6,98,3,63,48,4,75,37,66,68,87,5,34,54,30,83,93,85,77,17,44,97,16,32,48,19,36,96,38,45,61,65,58,78,50,8,26,31,8,36,21,84,57,36,33,42,46,1,95,51,86,8,25,26,19,25,70,99,28,60,56,79,59,64,69,60,18,38,82,14,4,47,93,40,91,86,91,67,65,54,28,8,32,4,4,13,92,10,75,51,48,75,64,82,57,94,5,2,76,80,55,87,33,13,63,96,65,58,16,72,88,22,60,40,4,88,7,17,9,49,58,73,69,6,2,61,3,23,65,63,56,94,80,42,25,95,6,96,31,10,21,88,32,67,77,46,57,55,40,22,28,85,3,72,34,70,68,39,44,43,83,77,98,89,76,39,87,9,8,24,4,32,13,8,21,49,63,93,82,46,55,74,33,27,29,86,23,99,90,48,84,51,40,61,60,68,79,57,45,57,21,88,82,87,12,65,14,24,23,63,79,37,28,84,55,20,83,70,49,28,62,59,98,64,51,87,59,97,32,21,7,82,97,97,72,30,84,86,34,96,94,1,42,90,13,19,74,99,27,59,67,49,12,97,96,70,2,77,96,42,13,99,98,91,59,70,59,56,31,74,79,92,7,14,83,43,81,3,26,51,1,23,16,8,54,94,92,16,83,96,47,72,97,32,24,87,84,87,95,70,73,53,54,10,33,5,96,61,27,17,74,35,17,40,31,29,12,60,9,99,32,62,67,40,12,13,67,68,66,45,73,32,31,85,49,1,85,2,76,23,57,84,93,74,90,70,24,58,84,48,90,72,72,82,43,26
56,39,39,61,46,79,5,16,5,27,70,41,55,24,71,36,34,63,73,25,6,55,18,93,1,88,6,6,95,50,21,15,39,98,48,94,1,19,2,25,55,44,58,43,4,90,7,23,44,78,4,40,39,47,17,44,36,57,95,51,91,18,86,20,3,83,35,10,76,71,93,98,56,46,14,66,64,33,54,1,39,5,11,35,57,58,17,84,92,76,71,9,17,43,29,18,97,9,87,74,15,23,44,54,4,4,56,60,83,66,49,40,21,4,47,89,36,74,28,11,71,60,86,85,54,18,67,50,20,4,12,58,51,58,19,11,60,10,98,20,65,37,45,75,6,16,56,25,56,13,92,23,11,9,66,10,9,90,32,1,5,83,58,39,50,80,33,37,97,74,88,6,27,65,17,64,71,93,29,53,10,13,71,73,29,3,30,63,52,46,63,48,25,27,44,14,75,8,73,33,51,58,29,63,21,51,82,66,26,5,37,33,55,33,15,4,79,13,77,23,21,49,76,61,36,45,79,83,85,54,86,98,99,1,20,68,68,36,15,67,20,20,88,67,81,27,35,49,76,63,81,56,77,76,30,59,11,43,80,15,25,5,82,14,47,6,84,20,93,96,24,29,61,18,4,65,40,80,35,21,75,2,88,9,69,75,77,4,99,99,68,47,19,30,1,2,23,29,44,22,93,2,20,85,92,96,66,33,68,50,91,64,80,23,43,62,19,4,2,92,99,8,56,16,18,52,82,31,94,51,86,68,22,11,90,74,56,97,41,38,89,80,77,25,26,20,23,14,53,84,32,43,86,46,53,17,82,26,82,41,50,32,61,8,84,24,25,2,81,81,27,2,86,88,71,70,48,95,99,10,5,32,51,53,37,2,40,73,98,93,43,78,19,94,58,22,9,24,53,99,62
57,42,65,4,9,3,62,71,14,69,63,61,85,16,40,89,85,33,2,39,45,70,45,82,50,11,19,96,91,74,56,12,64,23,56,37,11,60,41,2,30,99,58,95,7,71,89,43,58,62,38,89,80,11,49,79,56,27,81,12,51,85,35,91,32,73,67,75,12,15,12,28,75,37,13,61,95,46,19,29,18,22,11,30,91,2,36,1,75,72,79,8,84,5,99,29,5,29,31,43,9,65,73,15,51,35,1,27,34,87,82,71,46,29,64,81,39,50,20,19,8,89,14,39,27,42,41,45,91,12,62,53,91,91,87,33,30,80,46,63,39,47,91,24,92,87,76,13,26,44,11,54,93,67,17,37,79,25,69,7,37,66,98,14,32,32,86,22,5,74,22,48,40,64,32,73,78,52,45,4,55,2,71,96,50,93,16,56,86,53,91,60,12,2,23,8,75,75,14,42,18,63,17,90,10,98,93,5,8,79,23,74,97,32,49,58,97,61,57,56,92,62,31,75,99,2,73,65,23,92,98,28,57,84,91,17,30,93,37,90,73,15,54,32,24,49,13,34,74,95,26,48,2,37,59,20,19,62,17,33,94,12,31,79,28,4,47,1,19,71,46,67,85,22,21,6,42,13,57,59,5,91,82,48,25,68,73,35,49,49,26,31,36,38,9,39,79,9,94,28,70,56,94,53,24,12,22,60,45,73,60,27,70,70,21,29,32,81,59,27,70,37,31,45,76,36,49,55,68,9,18,49,62,81,45,36,39,41,23,2,59,61,86,13,92,32,22,75,59,54,30,33,93,47,63,77,39,40,34,41,7,48,3,6,98,12,7,4,48,43,18,1,8,75,23,62,1,49,66,80,10,74,69,24,83,48,67,41,18,54,13,21,17,60,78,98,81,38,94,98,48
58,18,48,52,89,75,5,36,12,57,27,65,70,77,6,71,36,29,6,82,32,2,1,56,72,63,39,57,47,11,90,91,83,52,94,39,77,32,91,54,78,61,62,41,5,30,77,31,10,89,92,39,22,7,92,25,92,17,97,19,31,97,35,1,82,65,2,40,60,86,90,97,97,44,2,48,79,11,84,34,29,10,59,85,54,22,53,15,95,13,20,83,67,70,6,18,65,75,21,22,60,47,20,1,8,65,84,29,37,96,24,22,83,49,35,30,25,6,10,26,19,21,50,50,6,17,27,78,97,59,83,95,73,92,10,43,96,17,16,65,3,85,28,50,83,57,1,28,72,21,20,84,45,71,18,9,75,73,98,47,96,77,50,46,26,20,33,80,5,55,84,91,47,74,39,44,18,48,60,31,92,86,27,3,2,45,48,4,44,66,30,69,30,73,94,82,48,24,28,88,53,67,62,13,5,94,24,76,69,70,12,6,54,48,54,80,77,16,4,51,65,2,66,40,64,5,94,41,13,94,94,98,97,59,24,72,11,96,33,79,32,50,99,71,10,13,40,38,4,21,80,90,58,16,19,66,85,73,70,45,87,87,20,2,12,67,14,27,9,91,50,37,16,89,50,74,69,85,3,41,76,78,57,13,14,23,23,52,58,71,10,61,51,66,31,37,28,86,61,15,74,56,5,51,25,34,47,83,82,76,25,80,11,99,79,60,95,38,96,93,2,10,70,85,71,62,94,23,33,70,40,64,10,99,59,86,5,9,81,77,68,8,55,5,71,89,42,55,38,55,56,82,55,90,48,75,36,70,57,63,96,32,30,44,51,43,13,78,85,80,26,2,77,31,7,52,40,94,27,12,40,15,82,93,67,42,30,36,49,75,33,52,69,50,81,4,97,88,12,42,83
59,97,74,5,67,20,33,20,51,57,90,77,52,75,7,19,50,69,5,49,96,98,74,96,23,36,47,91,29,18,25,30,58,81,45,90,8,64,10,63,61,28,66,72,76,10,68,3,35,44,36,28,11,45,9,85,1,20,95,77,11,34,89,88,8,53,37,48,32,21,15,32,24,23,13,27,61,29,91,72,85,48,37,30,87,56,80,90,89,10,93,36,88,59,27,26,21,26,65,92,49,59,68,61,59,10,94,56,97,96,71,20,49,99,51,62,97,11,32,10,58,41,99,33,11,6,96,16,69,87,23,31,78,55,4,87,10,23,28,56,85,69,78,12,53,39,23,88,11,7,95,39,8,75,81,28,37,18,32,93,55,27,45,63,19,68,81,16,2,27,28,50,5,80,72,67,83,57,72,50,26,59,37,56,37,10,39,95,90,84,64,82,93,67,22,36,50,40,4,45,32,51,83,56,63,88,72,6,29,20,34,55,96,99,47,73,45,77,60,51,38,29,50,35,62,52,41,96,33,1,18,45,57,11,39,12,81,79,69,25,23,19,64,49,76,13,89,66,71,5,56,58,57,8,88,53,65,80,23,47,46,81,72,84,50,11,82,19,35,21,4,13,93,87,41,88,20,93,38,47,46,24,92,85,30,23,97,19,56,26,31,33,93,38,42,47,54,15,34,21,93,54,56,53,28,41,51,52,83,90,45,8,38,6,90,54,5,86,27,3,32,26,44,59,4,90,96,96,73,74,67,5,54,87,89,71,50,61,86,92,56,61,15,84,2,72,54,43,99,79,23,90,51,91,40,59,85,63,85,21,56,68,21,44,63,15,33,32,23,7,56,70,62,71,88,40,65,18,99,56,57,56,56,78,95,76,96,60,63,32,83,90,45,57,69,51,92,7,58,4,82
60,10,95,92,68,38,13,26,81,99,91,90,19,37,66,42,38,25,86,84,76,27,18,14,24,39,6,30,85,99,82,21,3,79,48,27,19,16,79,37,83,99,20,72,77,3,22,23,92,91,96,32,75,76,83,68,19,78,16,10,9,79,95,22,71,46,22,21,2,72,70,89,60,98,68,81,97,78,72,50,43,15,47,38,55,25,38,87,96,78,71,43,42,90,36,80,72,10,62,72,87,60,97,59,47,1,92,51,91,63,13,37,96,88,62,31,21,68,88,93,29,22,17,2,47,53,17,44,15,98,81,48,16,49,50,39,7,75,12,49,52,3,32,52,31,68,76,15,68,38,67,73,1,56,6,54,42,48,58,51,66,85,57,96,69,98,44,52,22,65,25,70,65,31,51,62,9,68,73,30,68,7,11,81,74,14,18,47,45,50,11,84,12,56,28,47,78,64,93,80,18,4,34,27,72,89,51,92,80,19,31,9,35,20,54,2,6,86,42,64,84,10,54,8,90,11,63,73,22,76,92,13,19,1,48,66,89,61,48,59,65,35,54,69,78,41,7,83,9,70,38,95,97,55,4,24,19,67,17,88,46,91,99,36,65,26,9,69,13,30,25,75,99,55,49,47,94,91,87,24,69,76,70,17,8,77,49,67,41,44,58,96,61,70,95,90,63,14,55,78,67,70,15,84,95,38,39,43,35,11,38,78,4,16,90,68,38,36,61,94,88,8,13,19,3,33,85,63,10,88,82,6,63,36,86,22,54,41,6,45,68,72,81,85,31,61,95,59,83,33,43,66,57,25,38,1,11,55,71,68,48,79,64,89,65,41,23,39,65,42,91,54,67,14,91,56,99,88,54,48,88,41,62,96,66,72,96,78,56,53,3,36,92,91,26,65,86,38,59,35,26
61,30,87,51,35,8,23,39,10,34,80,18,84,95,43,33,4,46,64,19,45,50,98,25,34,10,60,21,15,38,31,93,55,19,25,93,18,5,44,90,34,20,28,50,19,20,95,23,99,9,1,19,4,57,91,85,16,85,46,41,62,73,91,25,57,95,72,27,13,67,41,75,63,39,51,45,99,89,24,6,24,5,98,72,11,70,5,91,73,98,76,57,5,9,55,93,52,23,49,58,51,61,69,70,99,46,74,86,40,8,31,66,98,63,62,8,41,10,39,40,37,55,88,61,46,23,55,63,40,60,71,34,7,43,23,57,93,72,92,61,67,53,70,43,3,1,5,75,71,38,78,8,13,70,51,15,29,96,97,69,78,94,26,57,65,84,15,65,10,8,22,14,46,12,58,66,61,98,66,40,83,4,63,58,78,30,43,23,6,39,50,27,86,64,26,2,77,38,98,69,9,18,11,90,64,66,33,6,44,32,79,71,34,74,78,14,86,26,93,27,48,40,29,35,19,99,69,49,7,13,40,33,1,23,47,97,24,22,49,52,99,79,52,44,6,1,46,17,83,93,97,22,78,79,35,64,37,67,94,44,54,22,59,32,11,80,31,56,23,6,9,86,87,34,14,85,73,73,28,21,6,50,24,27,13,93,46,86,78,88,93,52,72,10,62,13,83,58,96,33,79,2,26,57,36,41,29,12,37,11,86,59,66,18,36,60,81,70,41,51,83,97,27,22,63,46,53,78,88,8,39,3,25,78,52,94,54,53,82,49,50,19,18,5,42,33,87,33,63,17,87,43,80,13,68,6,1,84,33,87,11,60,70,88,40,92,3,96,73,15,92,28,67,47,13,81,6,65,84,67,18,34,39,99,63,65,85,85,27,87,67,21,91,76,48,6,16,46,18,31,4
62,31,73,22,22,84,44,78,26,97,55,51,26,91,81,52,57,82,45,57,77,8,93,60,86,41,17,92,90,46,93,55,60,30,64,60,95,34,66,72,74,64,6,89,62,85,23,31,78,29,26,5,29,7,31,62,64,44,86,96,78,34,64,86,23,29,35,60,22,98,18,44,98,78,95,92,51,12,24,94,11,1,82,47,33,5,79,32,36,93,42,51,93,6,45,19,67,11,61,57,74,49,93,64,48,69,44,24,4,85,46,61,79,42,28,54,43,64,89,32,49,58,84,44,85,35,58,36,62,71,31,53,84,62,38,23,85,83,7,1,9,88,81,88,46,1,76,61,73,89,44,2,38,11,45,56,2,5,98,20,58,96,5,89,26,72,18,95,47,97,28,29,56,72,51,91,51,31,77,68,12,76,9,43,90,67,46,34,42,16,79,46,39,49,42,9,33,16,82,36,76,99,81,46,26,20,83,1,39,94,85,14,61,35,10,42,15,4,86,57,57,32,3,38,38,49,77,41,28,51,55,88,54,54,63,15,17,3,7,65,53,78,37,16,50,55,55,88,9,63,50,18,36,98,59,91,3,54,73,21,40,14,84,39,90,40,35,10,28,53,24,99,95,43,9,29,50,25,88,68,87,94,74,4,91,50,48,14,45,15,54,54,52,88,19,84,33,42,63,81,15,46,96,7,95,41,82,88,6,83,83,41,67,52,96,47,83,78,42,41,23,3,65,90,96,22,91,59,74,38,38,12,10,39,10,67,38,2,68,79,86,4,91,37,36,35,96,44,6,95,76,9,73,49,15,83,81,34,96,91,38,7,28,17,83,12,38,92,50,3,8,34,20,56,12,80,67,18,97,61,14,86,12,65,10,69,71,44,98,19,40,47,35,48,72,96,10,15,25,38,48
63,87,82,64,73,99,53,20,43,93,56,69,82,90,2,57,79,83,68,19,8,61,70,82,76,72,92,5,36,67,30,28,1,14,47,18,7,91,53,95,28,4,85,20,55,22,46,76,99,20,15,69,19,51,49,63,20,11,78,75,27,43,6,56,92,16,44,62,57,90,33,31,50,36,87,91,88,90,93,65,11,22,99,29,22,71,79,74,87,89,75,80,67,55,25,62,52,3,31,55,53,41,28,5,96,4,89,52,52,15,65,61,48,31,58,10,96,41,95,72,87,72,81,62,36,6,95,28,84,97,19,68,80,69,77,82,6,56,12,37,24,81,13,5,33,10,7,41,77,9,71,12,98,2,49,40,34,58,11,81,68,93,86,17,77,85,24,46,39,38,82,72,41,30,91,93,96,15,69,29,26,65,27,46,38,76,81,42,14,99,75,19,8,45,78,52,40,54,70,55,62,27,83,50,76,51,39,39,94,42,44,26,62,4,52,58,30,42,64,80,53,1,55,99,54,58,52,54,69,90,24,71,10,77,63,32,96,4,70,98,89,69,7,89,98,67,20,16,10,5,1,59,53,76,67,53,5,2,54,71,88,8,41,16,67,1,87,49,45,83,81,85,45,39,12,86,71,27,15,19,69,96,56,35,88,55,93,97,74,52,27,4,76,34,23,97,58,58,97,91,85,11,32,28,46,51,74,21,64,88,26,73,44,35,34,20,80,38,37,5,43,88,93,80,67,46,46,87,13,14,42,52,31,86,27,40,85,5,8,54,30,81,85,19,8,35,23,63,26,46,22,38,6,76,28,68,8,73,87,60,95,42,92,46,78,60,91,71,99,39,2,36,68,19,26,18,82,78,2,41,92,73,52,32,28,59,57,36,1,94,32,88,32,48,13,99,52,81,6,48,3
64,80,1,43,48,67,67,94,74,60,96,50,14,20,43,35,48,77,27,35,37,86,74,24,56,41,37,46,87,38,87,7,95,91,99,49,78,98,29,76,39,97,3,11,4,68,18,87,9,7,13,80,8,66,70,53,60,16,48,65,34,8,62,85,57,26,61,15,40,71,22,50,97,24,21,68,87,96,29,88,2,95,78,28,24,94,99,81,45,6,57,47,18,31,41,86,12,18,53,61,24,98,10,48,99,65,46,55,1,79,20,2,95,94,94,3,61,7,86,78,35,71,40,27,19,66,82,74,50,13,73,44,11,72,58,19,73,51,97,3,66,41,49,96,63,80,89,38,65,78,5,76,79,3,54,89,92,82,11,25,53,91,94,32,40,84,59,37,20,39,4,96,33,67,83,71,47,47,34,93,37,94,6,75,95,72,3,58,7,49,18,19,97,17,37,40,60,4,12,89,45,3,41,35,19,23,57,76,40,10,47,5,66,8,70,46,82,37,92,73,73,81,57,83,43,66,28,33,8,56,24,35,41,61,9,90,38,35,2,71,15,29,69,42,93,80,37,13,3,37,33,29,99,39,12,38,35,21,61,27,72,34,45,62,69,94,68,65,16,42,85,87,52,99,38,20,83,41,67,26,8,38,32,75,39,16,85,27,25,78,80,15,52,15,15,98,2,2,91,14,83,18,38,47,66,67,3,71,40,61,94,46,73,32,87,78,26,92,35,11,91,14,93,82,32,88,73,14,25,47,52,46,63,2,58,48,37,91,47,43,52,11,92,37,76,20,35,80,20,14,25,13,26,32,5,6,29,71,41,89,52,66,55,3,14,61,20,87,59,37,95,39,46,44,25,83,57,75,61,69,89,34,35,80,61,94,29,98,52,77,6,14,96,1,41,87,89,72,79,41,86
65,58,65,80,69,85,21,52,79,25,6,82,35,19,22,92,66,87,66,19,59,34,8,10,41,40,76,83,1,51,48,35,46,3,22,50,15,6,3,58,14,84,16,81,13,86,25,51,43,29,53,7,73,34,39,23,33,75,38,97,88,23,54,99,49,43,32,82,11,99,68,58,84,38,1,13,32,54,38,48,30,59,30,38,22,50,19,28,33,74,90,59,44,20,52,95,30,22,80,69,3,42,77,41,79,88,43,16,41,59,86,13,55,92,40,96,84,61,91,4,34,22,59,85,1,32,94,37,39,32,47,98,2,42,37,36,49,40,97,17,39,38,7,98,21,11,7,6,54,70,25,89,69,38,69,84,43,60,55,40,19,4,10,7,84,42,81,74,90,49,22,30,66,49,6,37,90,27,19,89,59,8,1,71,18,32,53,84,19,67,40,25,38,76,75,92,92,90,34,94,46,81,95,64,23,72,69,87,56,23,13,27,17,86,91,49,99,40,53,3,25,41,86,86,92,67,58,22,21,1,13,1,67,14,4,45,32,55,79,86,36,70,2,7,5,91,60,55,36,67,9,39,4,10,13,98,88,81,74,28,15,27,45,54,54,4,13,23,36,38,38,25,50,43,98,27,11,86,37,57,96,17,51,8,3,26,79,15,47,72,99,5,57,9,80,11,17,99,67,24,98,39,19,76,4,79,36,80,75,64,67,22,85,47,30,87,88,24,78,95,86,66,42,75,51,81,66,26,31,26,37,46,31,45,67,60,10,26,96,58,11,52,24,51,18,67,1,69,63,77,54,76,48,80,32,63,12,33,68,9,87,36,90,93,43,51,48,84,43,33,26,2,86,84,30,89,10,28,24,14,29,80,84,37,64,33,37,89,36,93,1,60,26,64,18,36,53,77,64,30,36
66,58,30,49,32,70,35,98,99,1,33,30,16,28,59,8,29,93,52,81,41,37,68,1,53,61,78,9,96,72,42,28,25,47,33,24,56,12,44,44,35,5,29,12,82,75,35,60,20,94,80,3,80,74,20,58,29,39,60,74,19,69,7,78,96,90,87,96,42,49,88,1,46,14,17,96,83,54,65,76,78,30,34,76,47,1,74,76,26,33,44,20,20,81,44,56,54,42,36,51,34,66,64,43,75,94,9,47,60,31,73,20,81,6,69,12,66,77,10,92,23,53,21,48,73,56,82,76,44,40,15,80,17,96,55,48,97,78,87,89,92,13,42,56,57,98,68,81,61,37,56,16,8,32,15,37,94,27,22,46,39,2,94,11,63,68,3,76,69,48,69,53,94,67,29,86,76,11,71,38,13,99,69,10,17,88,82,35,25,21,26,31,40,69,70,19,69,83,63,52,12,68,61,44,14,36,88,70,33,77,1,18,99,50,12,48,41,17,41,24,95,27,84,34,85,18,7,72,45,60,41,68,50,56,44,47,28,22,5,95,30,62,81,65,68,39,90,84,49,37,62,86,87,49,10,65,66,92,29,86,17,89,49,78,51,74,85,50,12,2,3,64,11,16,72,66,29,84,64,3,16,58,84,17,47,97,4,9,65,90,59,51,40,56,44,16,40,30,75,32,67,67,35,47,66,62,1,2,92,17,16,49,34,39,3,12,18,14,68,63,49,48,31,75,62,67,34,70,21,16,66,57,12,22,43,53,57,8,14,95,28,62,84,43,60,39,35,15,90,77,65,88,21,9,74,49,20,5,1,15,47,26,64,91,99,11,54,89,77,87,10,64,73,34,75,89,67,54,59,82,34,5,5,61,52,74,61,4,67,35,15,7,53,29,18,99,63,6,14,97,50
67,83,72,98,8,31,61,53,94,37,64,96,49,54,57,61,78,60,17,60,94,73,42,35,49,53,77,81,45,69,41,85,29,12,18,47,50,73,7,10,43,40,67,7,85,56,24,78,12,58,14,44,76,73,44,13,44,68,7,35,64,83,33,84,50,89,28,81,32,12,72,3,8,47,10,95,60,73,28,90,26,51,74,69,73,59,42,53,61,45,25,72,66,62,17,57,61,54,78,41,30,83,43,18,14,89,5,15,10,51,2,64,93,67,86,75,43,55,24,12,7,96,26,80,74,73,41,62,88,78,71,52,38,48,63,81,32,55,48,23,95,85,51,78,77,44,54,16,76,66,51,91,55,23,1,20,92,8,91,6,52,74,3,8,22,27,72,54,32,21,21,9,90,53,68,75,68,84,83,92,58,68,48,35,26,40,43,18,14,97,43,37,71,44,64,21,83,64,77,41,91,94,15,61,42,70,80,36,10,15,80,56,25,54,27,42,57,12,98,55,21,59,19,29,22,61,88,96,4,15,38,84,62,54,48,7,66,59,51,50,91,24,6,36,87,5,48,12,4,60,30,82,5,61,84,52,43,26,60,44,15,95,95,57,76,81,79,82,82,33,64,66,55,35,47,42,84,46,99,32,6,56,9,89,70,59,69,2,93,16,58,13,15,68,70,24,28,92,62,24,24,43,80,80,21,68,70,65,59,69,49,19,30,77,34,62,77,84,92,66,58,49,51,93,55,35,90,68,96,24,56,37,26,98,40,95,65,76,36,9,44,21,60,90,77,23,63,97,92,13,19,49,24,18,41,67,99,72,98,41,89,55,83,97,90,85,78,26,94,30,24,53,27,88,30,37,32,30,32,74,56,85,14,9,60,83,38,60,10,20,75,74,53,70,1,52,16,96,70,13,87
68,8,20,69,88,55,97,33,79,23,32,37,13,20,68,31,7,14,65,90,61,97,34,59,16,1,92,32,13,37,68,89,9,7,51,65,38,7,36,68,65,89,34,52,42,12,94,61,86,8,36,84,81,93,89,15,20,31,90,87,11,99,74,29,93,48,81,96,90,84,45,8,8,25,56,35,77,2,10,25,9,93,67,48,25,64,95,71,77,25,14,50,7,53,74,29,42,68,87,42,24,73,26,22,34,76,34,5,31,43,97,77,97,31,71,77,24,38,72,76,74,62,99,83,46,17,54,93,64,18,6,71,16,36,39,5,41,51,94,25,2,82,58,88,36,35,87,68,45,87,18,90,18,20,6,71,89,94,89,14,56,16,37,35,26,13,56,10,16,50,5,27,72,76,27,9,10,67,70,75,94,49,8,21,30,13,83,12,45,77,6,50,10,97,8,28,49,5,62,65,20,95,39,28,99,42,95,57,39,68,34,2,49,51,98,82,70,3,37,27,30,83,17,46,94,41,36,26,32,48,45,95,69,48,80,40,94,71,43,79,36,88,33,93,49,42,30,72,55,22,45,22,26,96,11,5,92,45,21,35,80,49,76,17,12,64,30,29,2,21,81,17,28,92,57,32,88,51,30,94,77,79,69,11,48,1,16,61,82,92,47,46,41,75,59,74,31,45,47,16,38,49,80,46,4,3,67,57,88,24,36,60,70,31,10,43,71,90,51,61,76,47,54,80,37,78,14,52,70,79,37,78,43,77,55,28,33,51,27,26,60,91,42,57,59,71,8,41,13,15,45,45,96,39,73,12,42,60,32,12,69,82,70,21,2,88,76,47,64,95,28,30,39,93,49,14,13,88,15,43,49,25,62,76,46,57,93,40,81,61,73,32,76,81,50,21,67,22,85,79,98
69,13,72,21,39,13,69,38,73,41,92,4,84,34,98,45,84,28,12,62,35,22,60,8,55,54,82,62,86,38,55,24,76,83,1,65,16,77,51,1,42,52,49,56,65,24,57,41,77,6,23,40,15,27,61,4,37,63,43,7,85,97,13,89,12,47,95,17,78,26,88,87,95,32,94,66,32,22,98,31,65,59,61,69,75,48,71,8,81,74,48,1,86,48,58,48,93,11,93,18,79,62,66,3,47,5,79,48,41,51,51,58,54,13,76,44,5,5,30,54,61,69,80,45,73,90,23,78,41,36,39,81,85,9,90,5,51,72,5,25,81,74,9,32,97,83,48,53,79,46,61,2,59,1,84,33,96,64,97,57,3,29,73,48,76,83,38,98,90,61,76,99,2,16,13,96,92,34,68,89,26,2,65,20,66,55,86,38,75,5,82,76,50,72,3,87,12,84,78,95,35,14,82,3,90,32,66,93,19,71,51,58,13,17,27,75,59,15,38,12,66,7,59,75,87,58,36,60,92,14,88,31,12,37,73,93,81,97,33,79,28,75,58,5,67,78,76,53,31,9,69,73,65,26,99,17,39,50,96,90,81,48,7,47,58,1,97,56,18,44,94,58,9,34,88,50,98,74,25,28,30,33,92,5,35,69,61,44,41,37,85,74,50,28,72,60,46,70,88,81,46,47,60,42,19,82,31,16,42,4,44,72,81,27,74,51,21,30,74,89,32,72,10,50,65,72,5,92,34,37,2,5,80,2,66,83,97,49,36,86,8,42,33,91,27,15,81,35,88,84,60,13,8,30,51,10,27,24,10,23,93,76,74,14,14,33,96,12,57,21,41,38,10,45,64,4,62,63,29,3,78,9,52,94,64,65,36,34,97,3,95,64,32,25,72,84,8,80,54,87,3
70,18,67,99,78,97,1,5,78,85,79,90,16,59,53,79,37,44,52,67,78,50,1,42,62,29,18,61,42,88,20,71,9,70,81,39,86,13,89,48,37,56,85,19,51,97,73,35,82,64,66,41,35,41,65,68,36,62,18,77,19,93,42,55,51,32,6,16,35,40,90,32,23,1,20,66,6,46,21,5,76,88,62,44,98,65,23,76,50,65,42,97,58,21,91,25,14,15,9,82,9,16,98,57,89,43,96,65,28,28,68,87,71,5,68,3,14,73,49,96,49,54,70,88,69,72,71,93,21,53,64,41,51,3,33,64,85,71,66,87,78,65,74,81,52,52,93,93,29,40,27,14,26,33,58,21,30,9,83,64,92,61,16,11,49,24,78,76,85,78,17,45,1,25,9,10,54,87,10,84,61,94,96,87,40,93,52,84,94,87,55,31,80,53,31,11,70,21,42,43,25,50,16,31,62,62,74,32,55,80,21,13,93,91,90,24,58,19,7,16,70,52,68,83,55,10,86,61,34,61,77,88,76,6,29,92,54,4,19,54,35,4,16,93,20,92,13,82,79,40,56,44,30,89,19,57,60,21,23,6,48,89,53,46,50,90,78,58,39,71,10,59,91,39,4,44,56,71,77,55,55,80,24,34,51,54,66,65,85,16,90,12,28,77,36,8,15,81,95,88,24,72,56,32,21,87,88,36,49,97,13,20,42,92,76,50,7,36,10,37,26,33,57,85,58,49,65,97,40,4,3,78,18,63,73,29,64,55,12,7,46,5,70,27,87,73,87,82,94,36,96,57,76,56,39,2,14,86,46,96,41,39,70,92,46,74,90,24,8,90,30,19,43,15,47,22,3,10,5,52,25,58,3,49,63,31,12,74,19,66,47,79,53,67,23,97,8,46,13,93,67
71,90,83,22,32,1,96,7,73,27,27,21,30,47,7,40,90,87,34,84,3,69,81,93,56,64,33,3,56,19,34,11,15,82,98,43,83,93,3,43,72,96,78,40,71,72,96,19,3,65,59,12,35,80,35,91,85,90,16,77,8,75,86,35,89,74,60,56,42,6,97,52,66,75,63,26,65,52,64,68,59,79,55,91,44,47,56,26,2,37,89,36,71,95,4,48,84,61,73,20,57,84,56,93,67,18,39,39,45,78,69,52,92,9,33,72,4,43,3,79,39,63,45,63,67,84,62,91,35,5,79,80,87,18,59,58,28,26,30,20,85,76,23,40,18,99,26,23,84,59,63,34,57,49,22,87,4,91,46,92,86,90,39,58,80,91,54,34,83,20,20,46,57,10,90,22,67,31,38,48,70,87,55,65,4,1,93,33,54,77,20,7,77,28,72,43,38,4,22,54,74,82,83,77,74,62,47,50,21,5,39,60,36,75,75,23,45,94,91,21,66,23,41,80,64,48,84,53,56,2,33,63,60,76,71,21,41,88,38,18,64,59,42,72,87,71,35,94,94,88,95,58,94,31,63,65,76,46,5,3,90,67,18,22,13,81,92,99,56,35,79,70,46,1,62,21,46,96,44,40,25,57,97,87,57,10,42,52,83,28,81,61,9,91,75,76,28,68,68,90,98,94,45,81,39,77,90,82,91,3,62,21,52,64,76,12,28,23,33,90,43,51,56,7,67,35,4,51,77,41,7,4,6,72,51,29,24,15,14,75,50,56,59,63,14,68,38,69,33,36,46,74,71,33,46,26,28,76,4,83,13,50,16,43,17,33,65,42,2,94,85,28,24,71,46,35,10,7,84,29,37,13,85,92,32,82,70,76,72,60,51,64,21,18,95,94,43,61,39,17,74
72,91,69,87,95,44,23,5,55,68,37,51,79,53,27,72,15,21,29,33,29,20,82,61,92,52,82,47,30,53,35,46,71,35,39,42,8,19,60,92,2,58,40,91,16,7,51,15,91,66,93,34,28,70,38,42,67,24,15,26,50,41,75,44,14,70,85,31,7,48,23,78,37,89,90,85,94,74,96,94,26,73,83,31,31,34,56,4,80,7,91,18,93,96,84,47,71,78,21,55,17,28,23,62,73,21,93,69,63,28,76,47,47,39,41,68,10,43,91,4,7,53,31,35,48,60,30,13,97,3,35,76,15,49,94,17,45,36,66,56,77,13,64,7,3,51,77,12,49,84,66,32,78,84,56,85,60,53,99,32,51,17,48,2,74,6,98,11,3,54,61,76,36,49,60,20,54,84,75,90,19,28,61,83,83,3,38,39,46,69,5,26,26,31,72,34,59,67,93,62,22,83,99,47,17,77,60,61,56,33,61,12,44,83,62,44,7,15,65,71,68,21,95,91,35,51,98,65,70,25,73,55,91,29,27,27,15,76,20,48,63,81,8,76,16,30,33,7,84,93,27,61,65,96,52,85,6,48,39,32,78,16,76,51,91,96,23,87,58,17,53,28,43,56,68,31,29,87,28,68,89,5,35,64,14,35,68,41,6,13,1,75,15,6,47,25,2,50,63,98,57,63,77,23,47,8,2,95,81,58,32,29,95,56,76,91,31,9,17,12,65,45,9,20,71,73,84,68,46,11,50,73,33,28,96,17,44,28,44,36,70,64,69,33,5,18,51,11,93,24,47,85,53,6,95,40,71,24,97,92,64,97,42,52,70,36,84,64,98,16,1,11,65,12,94,44,62,78,5,23,3,6,60,62,90,32,67,67,74,3,72,48,79,31,21,26,38,59,74,78,5
73,25,29,76,50,32,21,78,62,18,82,71,78,24,21,90,11,35,34,37,80,85,26,85,73,52,64,37,67,65,88,49,74,80,73,46,33,37,55,35,96,35,88,5,34,65,50,34,3,12,3,97,77,12,83,64,19,59,49,30,74,88,17,80,36,95,39,44,37,18,6,14,41,93,8,39,24,48,9,49,79,66,17,82,4,6,18,59,11,83,26,65,3,65,42,13,41,63,66,91,38,54,38,59,24,6,97,26,38,84,8,76,41,84,36,39,37,12,61,87,81,8,94,89,30,24,75,79,54,99,86,36,17,1,47,61,96,39,5,71,39,68,30,4,68,39,85,7,93,30,46,38,4,31,49,6,98,12,57,31,86,20,84,90,48,82,57,83,41,24,95,79,71,38,11,9,94,92,48,90,57,40,66,11,7,41,55,93,30,21,78,23,5,50,89,36,82,73,15,49,50,48,78,19,34,95,32,70,87,73,47,43,35,20,4,21,80,26,36,64,26,73,91,98,41,72,65,94,77,37,73,54,18,78,43,67,3,95,77,34,46,34,11,19,72,15,67,65,17,30,54,58,20,94,63,16,18,2,94,61,27,40,62,96,15,71,94,40,5,89,7,25,92,47,49,57,91,13,29,35,78,90,66,34,24,27,62,98,6,52,64,7,25,67,49,28,18,2,41,24,27,77,88,62,52,71,72,82,49,7,79,85,53,67,17,90,63,78,55,55,4,7,95,60,26,46,65,51,85,47,66,53,3,72,82,80,44,41,41,65,20,18,88,23,9,66,30,65,1,1,90,59,76,48,82,82,97,45,51,52,75,49,9,14,11,20,11,33,42,54,23,23,90,17,15,86,8,56,4,63,21,44,89,83,15,16,89,27,43,2,4,74,67,68,21,11,52,6,39,57,62
74,67,27,33,87,24,13,73,13,59,88,5,99,67,86,60,54,89,19,84,69,19,3,2,39,76,4,96,70,91,77,80,47,38,44,81,71,45,58,92,49,92,62,50,29,65,77,77,26,6,66,38,59,3,36,21,60,98,85,43,41,12,4,44,29,8,89,47,41,17,83,25,3,42,34,93,30,36,86,24,98,78,18,59,76,75,28,21,62,36,41,31,17,9,55,86,44,56,19,17,30,26,9,13,69,4,73,93,99,96,7,71,9,69,86,92,18,50,20,48,41,49,60,61,88,77,43,23,98,80,70,6,54,58,73,34,73,95,48,53,14,79,83,55,35,66,20,33,19,6,56,64,30,93,4,73,12,1,95,60,36,98,27,63,15,65,19,2,11,98,82,81,64,6,61,5,52,19,89,12,47,85,90,45,39,48,64,28,92,51,2,75,89,99,52,98,56,15,90,71,48,39,38,55,96,1,8,78,71,9,82,84,81,24,64,53,6,57,44,9,29,39,2,90,17,63,94,5,90,66,7,79,16,8,95,89,91,14,11,19,73,70,4,51,16,7,94,49,56,79,92,90,19,61,87,94,48,52,98,29,14,52,34,40,1,52,46,48,30,58,11,12,26,79,51,37,11,36,26,91,51,71,43,37,99,38,26,71,93,70,77,8,4,55,64,83,36,79,4,14,2,39,66,3,16,66,78,39,34,99,33,75,53,76,86,61,63,78,36,50,28,1,79,25,24,36,91,56,49,49,37,45,23,63,70,29,32,30,90,24,54,38,72,84,71,99,15,28,65,19,87,24,55,72,61,89,39,55,14,60,84,44,35,93,56,97,5,13,87,91,85,60,71,2,34,69,56,49,3,84,71,82,94,70,57,29,53,92,15,19,19,6,37,24,26,44,36,65,63,88,33
75,19,25,70,46,38,17,70,10,25,47,49,48,82,30,56,27,83,92,55,78,20,93,21,72,96,48,82,18,61,41,47,82,3,15,96,46,17,8,88,15,71,83,80,28,29,36,56,59,30,26,88,9,64,36,24,23,3,3,33,54,93,60,49,11,27,97,88,49,31,28,94,43,55,94,22,95,43,49,12,93,31,63,91,90,72,2,94,96,91,3,59,40,91,56,59,7,47,56,75,79,16,54,43,95,6,90,67,84,77,11,85,10,7,62,25,99,40,40,83,8,56,83,98,79,6,17,93,89,83,35,55,10,78,93,80,52,59,76,46,33,27,72,34,46,5,98,21,69,23,20,59,35,82,26,32,27,46,78,11,52,62,5,39,3,6,66,57,68,55,96,2,62,7,6,8,97,84,18,47,47,48,95,93,95,37,78,94,47,78,82,86,99,99,41,34,87,64,48,54,42,40,67,33,11,92,76,77,79,20,81,11,5,4,54,39,83,13,81,68,92,62,64,72,68,34,92,87,8,94,26,45,41,86,52,12,49,14,69,76,46,63,82,72,91,73,18,85,71,24,97,21,42,20,74,31,75,9,11,87,12,90,23,13,32,73,37,28,97,4,56,55,20,98,97,36,82,66,51,90,97,52,87,49,52,65,2,1,33,29,77,30,18,3,75,21,24,1,98,7,24,2,78,83,41,7,92,86,61,66,37,2,67,16,85,22,47,12,43,74,1,60,13,34,19,77,13,86,58,27,26,92,49,45,77,89,45,87,30,53,62,33,53,2,67,29,42,44,46,6,82,99,56,61,88,74,33,63,83,52,58,97,59,65,53,3,23,3,29,83,39,45,88,30,4,53,12,79,88,50,55,86,31,92,13,91,10,16,26,13,41,92,78,26,65,16,23,5,1,54,97
76,84,94,9,10,21,1,72,79,95,33,48,38,94,34,20,28,56,53,98,90,32,5,63,46,78,44,80,64,77,53,29,58,75,35,93,41,41,93,56,85,14,10,65,59,77,23,72,75,33,32,28,18,96,62,21,84,92,84,65,60,48,22,84,98,66,47,75,29,66,89,69,22,16,45,78,65,37,92,8,43,66,89,52,41,87,52,28,55,93,34,88,62,54,51,13,11,44,85,60,81,59,94,63,55,40,88,89,25,81,54,32,74,86,81,17,70,71,6,2,78,38,87,50,26,48,32,30,39,34,50,78,90,47,29,44,93,39,11,84,75,8,35,80,50,24,49,48,52,62,89,72,75,30,33,57,20,88,73,62,70,7,48,45,32,19,61,36,28,13,37,17,11,65,43,69,84,33,46,74,2,26,63,12,53,52,40,26,5,73,63,47,33,44,68,69,97,54,27,21,8,46,14,57,36,86,90,94,86,33,65,89,36,20,81,5,20,26,34,93,93,59,19,99,1,95,77,97,43,97,12,36,65,59,50,4,76,89,26,80,83,84,32,8,48,93,45,56,48,77,16,31,9,38,56,99,74,20,85,14,79,7,89,39,79,97,73,57,39,8,44,39,78,64,75,43,16,96,57,34,49,86,52,40,59,88,19,41,55,66,36,74,25,79,51,30,82,21,1,46,10,55,95,27,38,52,38,38,86,89,13,82,38,74,69,27,30,78,28,39,3,39,7,91,9,9,8,21,92,37,25,36,92,25,58,66,11,68,32,86,59,65,15,80,10,81,46,33,81,55,55,15,34,56,85,9,17,77,38,56,19,3,13,93,62,75,35,45,39,45,70,14,33,5,64,58,94,54,44,10,74,49,7,53,74,47,5,56,18,9,52,2,5,29,8,40,29,65,47,38,16
77,44,72,89,42,25,25,24,70,21,5,22,91,6,38,13,83,48,19,92,77,54,70,35,47,20,34,30,79,59,4,22,85,87,54,36,5,76,71,18,99,74,41,2,61,12,66,24,30,24,31,29,15,38,97,62,12,85,66,6,77,17,13,90,37,19,67,63,43,76,49,13,42,19,84,82,74,67,25,74,86,54,94,50,1,23,27,72,92,33,59,59,25,25,2,43,62,13,17,60,40,67,70,26,23,48,49,65,5,7,98,15,16,33,91,93,19,61,21,39,84,36,96,40,13,1,94,62,62,17,98,89,68,42,25,40,71,31,51,38,59,48,60,20,10,88,79,12,37,59,44,76,69,56,78,95,42,62,5,47,24,25,37,63,74,9,30,8,43,83,34,55,10,4,41,13,15,26,18,65,12,42,16,63,2,86,82,56,8,75,20,71,48,63,43,15,31,25,70,25,93,80,21,58,50,89,81,32,90,85,36,85,45,46,36,83,56,93,14,56,42,73,18,19,19,20,58,51,6,29,4,49,33,13,43,52,71,76,37,21,39,39,38,98,13,14,10,41,11,50,93,11,69,84,56,47,8,64,34,47,97,79,85,19,31,96,82,27,98,56,78,31,43,77,31,87,5,28,58,22,67,17,52,87,7,9,44,72,90,14,12,76,73,69,98,83,22,33,21,82,52,35,45,70,17,60,26,79,50,47,39,11,34,58,79,87,95,97,74,97,68,19,4,59,37,31,37,41,4,58,33,8,15,56,51,95,46,68,85,53,87,65,94,91,71,90,71,64,65,54,68,61,62,13,53,22,1,91,82,86,4,32,92,22,18,55,64,82,36,22,61,56,68,29,11,21,61,59,35,4,27,87,45,48,18,3,79,83,77,83,55,54,37,20,82,59,58,80,35,13,8
78,74,19,17,11,60,60,1,26,79,54,76,46,2,72,13,59,25,2,42,43,59,97,9,39,84,95,40,23,91,32,46,56,98,21,5,50,68,86,37,14,1,1,64,6,74,99,47,27,87,31,84,89,69,11,73,8,14,56,80,14,58,49,83,45,49,12,23,25,21,75,88,31,75,55,65,62,22,86,83,26,91,6,67,38,64,20,82,33,15,10,9,38,59,30,25,85,45,38,62,37,4,8,2,19,32,6,52,16,37,17,13,68,19,51,48,6,81,11,65,10,9,12,93,59,20,83,26,41,35,37,22,11,22,74,51,28,56,81,94,24,11,34,76,84,7,96,62,20,73,8,23,82,84,41,32,81,85,47,13,15,87,56,27,4,74,12,62,20,4,41,95,5,46,49,85,1,24,44,77,13,33,74,87,43,99,91,27,64,5,72,57,65,1,62,28,3,32,90,64,19,30,6,81,29,94,7,42,11,37,26,90,91,31,63,4,88,87,64,53,64,43,71,26,53,96,38,38,32,67,57,36,78,85,99,84,28,39,60,56,87,19,59,26,23,73,39,57,73,45,19,74,44,2,60,23,23,58,67,90,47,88,97,60,86,94,28,33,91,12,44,84,69,55,35,70,38,47,60,96,89,50,39,55,73,18,94,14,83,33,23,21,78,64,2,78,67,5,9,61,75,96,14,3,92,19,56,60,93,9,14,65,73,32,44,58,5,56,93,16,72,40,41,48,76,19,74,95,17,9,2,30,74,59,40,83,70,95,10,75,47,15,90,26,30,68,56,5,21,17,28,34,79,12,59,70,5,99,96,64,65,93,35,93,91,28,46,24,25,35,55,2,81,72,69,16,44,93,54,99,3,79,38,51,59,32,45,69,94,67,35,63,67,13,87,55,35,20,54,71,64
79,74,58,69,92,43,5,24,8,70,6,87,15,52,4,86,98,79,82,96,83,58,58,76,46,50,19,11,4,59,34,16,63,85,80,6,39,34,67,60,69,21,69,98,96,13,3,54,56,55,62,65,58,17,24,25,31,21,21,41,19,80,30,4,16,44,20,44,11,94,62,80,74,84,1,59,48,39,7,51,54,91,93,37,41,51,10,6,26,62,58,49,46,79,36,85,86,44,61,38,46,6,43,19,7,17,93,71,52,44,89,67,66,77,62,8,30,87,40,84,11,14,85,45,47,4,62,44,28,14,55,67,70,49,78,93,56,47,28,17,87,4,72,91,80,73,53,45,69,42,34,64,22,38,57,48,2,40,30,84,79,36,34,7,14,76,31,74,88,99,24,82,16,11,83,83,24,15,4,39,68,30,92,32,38,25,74,58,40,75,30,41,20,55,73,40,29,97,39,44,5,10,87,78,97,81,49,55,49,76,70,89,68,11,79,51,53,76,47,7,89,55,4,38,45,19,13,17,46,21,40,37,12,6,97,75,76,32,68,81,93,61,36,77,65,5,85,99,86,74,42,93,54,89,34,97,80,14,85,63,83,62,53,56,84,66,43,46,85,67,81,12,42,34,75,80,63,54,4,42,96,34,58,13,63,2,57,18,42,20,65,13,87,55,68,47,91,56,39,88,10,45,48,79,28,71,81,62,53,33,47,7,79,70,11,39,36,24,8,40,4,71,14,9,81,79,51,96,15,97,6,55,4,82,25,80,96,25,15,15,80,18,77,44,7,51,26,14,61,61,65,21,49,38,86,72,26,54,23,45,59,69,98,48,31,50,77,84,70,78,98,48,73,98,4,89,47,47,70,71,88,40,71,94,49,90,1,93,58,7,96,75,92,37,93,38,61,83,85,28,60
80,39,49,86,24,70,38,18,68,6,34,18,44,7,68,92,82,29,71,59,14,22,68,14,95,17,97,5,89,12,56,37,47,4,53,86,2,45,37,80,71,5,89,57,36,22,3,32,37,54,84,71,11,14,74,64,93,31,50,30,94,26,55,52,3,71,55,80,50,46,78,58,72,64,81,94,74,59,37,16,90,45,79,57,65,1,82,38,68,84,61,29,7,24,59,7,12,98,72,83,6,78,87,87,24,42,22,44,83,74,41,84,92,67,81,95,48,23,83,35,93,45,90,20,76,9,12,96,20,20,39,99,9,61,6,7,80,58,66,56,26,35,44,35,97,41,69,72,76,58,28,98,6,74,35,34,14,54,49,30,77,17,66,84,36,27,65,60,22,59,64,6,55,63,87,9,92,18,98,24,93,98,73,37,53,9,60,4,12,76,50,79,44,72,13,19,89,65,66,8,73,45,4,6,43,90,58,96,26,92,69,66,11,17,31,5,88,51,26,25,30,13,20,81,11,37,13,62,24,9,39,5,56,60,58,47,39,22,29,26,20,22,8,32,63,85,71,35,94,15,13,74,37,25,38,76,21,30,82,36,32,54,96,11,10,80,96,94,20,53,86,17,10,80,1,18,24,49,51,5,46,71,23,8,67,34,86,61,38,64,54,90,19,9,88,66,91,6,24,5,1,26,19,75,65,63,94,42,56,3,62,51,64,90,89,32,47,67,69,78,86,78,62,18,29,75,59,74,34,71,85,37,28,95,43,47,93,90,96,30,31,16,58,63,20,96,47,25,78,11,96,67,92,11,99,26,36,40,59,46,86,41,86,61,99,77,19,83,63,8,28,38,14,40,36,50,14,78,57,95,53,29,49,62,76,35,84,33,44,94,38,94,69,63,41,47,12,3,6,48,88
81,37,37,38,87,82,5,51,20,55,61,71,73,71,19,23,3,33,52,85,97,37,89,69,29,79,63,22,45,3,9,9,70,28,75,43,32,48,71,45,84,14,61,94,96,57,5,44,24,45,25,6,10,39,4,52,49,96,66,40,79,44,12,41,64,98,92,8,35,57,78,5,22,34,75,31,73,81,81,31,59,4,23,53,15,26,68,8,79,4,45,83,49,96,53,53,19,67,69,7,82,88,94,69,15,35,91,51,69,97,10,85,32,27,79,6,83,55,5,90,79,3,2,70,50,30,78,82,59,5,77,32,11,15,84,65,32,65,78,91,81,9,81,54,98,18,92,28,45,66,6,61,20,74,59,23,87,95,22,15,30,18,97,80,85,70,92,38,36,8,77,4,7,4,98,72,52,7,57,94,60,90,61,25,8,53,67,24,29,67,97,6,21,55,27,15,67,28,93,58,45,73,30,14,71,14,20,89,70,89,14,63,28,40,83,17,95,44,48,60,32,17,61,27,46,10,88,26,64,87,3,59,72,14,23,79,56,82,43,50,96,27,8,55,31,48,24,80,36,57,88,61,26,7,10,25,17,19,96,56,99,18,30,29,50,92,24,91,24,94,20,78,87,97,99,34,76,53,6,83,78,49,97,72,62,58,44,20,91,1,34,76,90,28,37,58,91,30,9,58,76,11,40,8,4,18,94,19,48,13,55,15,46,36,43,8,7,41,84,45,79,49,87,97,9,80,32,20,29,70,5,57,40,6,6,29,55,74,3,94,2,54,90,9,83,94,59,7,75,41,66,20,88,94,67,57,32,27,66,31,90,19,68,63,21,62,17,22,45,34,21,15,8,79,18,23,61,87,42,55,95,14,6,95,3,64,49,14,15,90,40,78,12,9,80,1,27,28,49,5,70
82,36,15,61,64,1,37,4,5,81,36,80,35,1,59,67,3,70,6,49,99,50,34,79,33,98,77,86,9,99,64,38,4,66,65,74,57,9,27,3,34,87,94,7,15,49,75,22,47,98,52,76,48,7,71,66,40,49,39,6,90,10,14,35,19,7,80,61,13,95,66,96,29,42,80,83,54,51,21,36,40,63,64,98,77,82,67,10,28,88,43,65,3,45,19,28,77,62,25,76,56,57,32,99,33,99,9,96,80,19,97,81,35,45,80,36,81,46,74,79,61,7,25,37,10,22,28,3,54,27,93,64,51,58,24,30,52,95,54,15,72,54,44,54,77,66,91,55,41,53,4,99,98,24,6,53,52,95,92,38,32,81,19,34,13,14,13,61,82,21,17,79,4,42,77,59,36,66,65,4,25,55,64,55,35,15,24,96,15,80,65,5,72,43,92,11,19,32,47,26,6,77,2,48,32,62,66,77,5,67,96,63,4,57,64,42,24,43,93,37,60,21,40,5,19,83,55,90,26,2,99,35,57,86,48,82,49,12,13,15,15,29,72,64,58,23,58,31,34,54,59,50,47,58,41,56,32,30,69,71,13,81,89,37,68,70,31,43,22,48,12,40,21,59,97,17,27,87,14,40,48,95,87,9,28,49,30,67,42,76,33,14,91,22,22,93,26,76,74,90,23,97,27,43,37,34,91,57,42,44,85,21,29,10,28,11,14,5,13,92,37,19,95,85,32,53,7,89,83,24,70,2,47,50,13,37,86,82,61,94,25,44,20,38,84,21,42,55,60,96,48,87,61,62,26,78,72,27,19,87,30,59,71,70,73,11,58,76,72,91,83,53,70,24,6,15,68,27,98,93,99,61,24,83,38,88,43,31,22,24,40,73,38,13,93,39,41,76,45,66,11
83,49,33,46,89,27,34,24,31,92,85,34,31,20,51,46,68,45,42,45,44,72,64,26,20,67,17,87,57,65,86,20,26,5,5,32,55,5,66,21,15,77,86,69,18,6,28,82,52,47,31,77,26,28,61,23,88,73,24,75,90,3,66,45,53,9,59,78,2,75,42,80,44,43,77,98,72,8,11,29,80,67,28,81,36,69,81,79,22,17,93,86,10,2,21,22,57,20,64,39,45,25,24,63,73,9,71,80,31,91,46,29,52,76,24,80,41,53,30,10,88,72,89,17,38,8,46,1,27,93,1,12,92,70,99,1,68,83,20,72,6,24,7,20,98,83,27,87,46,48,86,69,15,55,29,56,68,79,57,73,29,91,74,73,76,57,80,63,71,74,87,3,73,29,97,1,4,33,92,83,23,69,71,47,96,80,85,40,13,35,79,78,49,97,37,36,25,40,75,67,25,48,72,87,73,82,45,71,69,56,62,68,60,44,3,90,44,73,91,74,98,72,85,59,84,61,48,43,41,48,93,39,51,54,24,64,30,41,94,84,15,7,61,98,9,78,87,81,99,2,44,15,27,40,86,59,75,43,96,58,38,68,47,63,46,74,61,95,37,61,6,67,44,94,81,19,78,93,2,4,86,85,99,56,87,81,86,8,78,35,30,39,87,21,97,25,89,63,33,27,86,87,5,79,62,72,39,62,99,73,33,28,56,70,69,73,26,70,66,47,75,30,4,61,74,92,7,48,22,69,75,28,15,97,15,32,78,40,92,25,73,56,47,21,54,43,68,64,49,65,82,62,44,20,44,64,88,39,92,18,39,33,26,77,1,12,49,40,55,39,8,98,83,4,87,30,71,51,60,86,67,56,66,99,84,90,77,25,22,72,41,79,94,36,21,50,57,95,22,89,47
84,49,19,10,18,63,55,14,23,77,22,7,91,58,42,50,44,87,95,57,27,14,65,82,24,40,43,39,84,81,92,43,50,52,98,77,7,27,96,88,48,68,94,1,54,7,93,45,62,26,20,16,50,52,42,87,58,22,47,96,70,72,23,31,10,96,58,5,34,66,10,53,31,18,44,25,71,56,4,31,62,13,36,1,80,57,11,54,34,1,82,24,47,28,90,63,67,64,22,12,81,70,84,6,1,13,25,36,12,76,3,47,14,49,57,32,99,27,49,98,4,6,34,58,36,6,15,71,96,52,30,10,33,7,10,27,64,4,79,42,87,93,44,82,97,49,76,55,72,68,22,70,82,26,58,44,49,28,49,94,40,12,52,45,64,41,3,8,2,38,56,89,80,51,76,58,96,83,68,8,60,73,80,71,62,53,68,71,5,81,86,74,13,22,64,4,26,7,28,1,25,82,97,30,49,54,47,76,29,44,34,76,23,34,29,36,27,80,23,99,90,33,51,37,64,97,48,42,10,69,40,60,5,3,1,92,34,66,25,68,99,67,81,83,9,75,58,45,1,15,2,6,5,98,16,84,62,42,36,14,89,41,10,88,1,36,81,9,98,62,88,55,12,8,48,33,17,23,64,33,12,19,37,3,19,2,4,16,26,21,6,66,54,5,86,74,36,43,27,83,34,95,45,17,82,22,59,89,67,56,96,74,5,21,70,34,55,42,87,82,72,51,48,1,22,72,2,44,97,39,1,40,11,87,44,40,68,51,7,54,57,91,2,67,96,71,33,48,52,88,89,43,73,50,95,41,9,57,18,75,66,93,4,9,3,51,53,44,18,34,53,52,31,95,4,38,96,86,23,74,86,21,80,69,83,79,6,80,13,50,86,48,34,81,5,15,60,45,91,31,67
85,61,88,1,74,31,13,67,87,59,49,83,93,20,67,27,84,75,91,49,67,49,78,64,64,73,98,48,98,65,36,88,46,78,55,25,26,57,54,23,88,83,32,63,39,12,36,12,86,49,1,57,94,65,47,64,32,13,51,55,79,3,63,11,21,99,32,20,42,9,47,17,2,82,17,5,95,33,32,60,51,13,44,87,66,41,98,30,46,33,6,9,17,89,5,88,78,89,79,45,84,49,62,90,38,68,20,90,15,52,81,46,7,56,46,94,72,11,57,59,37,7,34,60,73,66,29,61,31,15,71,49,6,32,17,40,6,25,97,62,83,26,38,89,6,76,93,6,86,93,84,13,76,57,56,98,65,8,99,63,53,32,42,95,20,50,27,11,26,77,83,27,89,40,69,51,92,4,59,37,20,74,35,5,12,14,86,25,26,90,3,4,97,90,84,6,28,9,31,98,68,6,17,3,3,91,88,91,98,61,38,47,39,31,82,28,65,62,19,29,72,34,69,68,86,57,92,1,57,21,18,27,43,79,57,13,93,78,87,88,52,50,92,12,91,47,2,19,39,66,63,1,80,14,21,40,91,82,80,57,34,96,88,58,11,17,42,93,42,4,17,66,38,64,98,73,82,96,2,22,45,72,25,58,84,91,85,85,10,20,26,40,38,81,49,65,41,89,60,57,38,72,34,41,41,13,60,47,84,80,19,90,92,70,16,27,46,41,46,59,83,35,43,20,30,34,6,63,21,70,25,97,8,42,83,94,83,35,7,37,59,58,14,14,87,95,14,72,98,46,8,70,61,24,43,77,36,83,77,44,10,41,84,32,10,2,67,38,51,5,17,54,35,85,24,45,44,40,50,24,70,30,3,19,7,93,85,48,16,31,31,54,29,30,34,50,40,51,36,20,45
86,6,2,59,27,70,63,45,44,90,32,16,15,55,34,69,2,60,20,25,36,87,33,96,78,28,26,98,33,82,4,13,92,88,74,57,4,56,12,88,66,91,70,82,97,14,22,52,54,78,9,18,29,18,8,99,19,93,33,43,51,70,35,71,25,84,4,46,85,89,80,7,44,96,31,78,96,81,92,77,3,1,80,9,86,53,40,48,16,98,58,64,88,55,17,76,16,73,69,45,6,75,87,14,10,35,97,99,67,74,47,8,88,92,42,94,63,88,29,1,67,97,69,75,55,46,63,10,44,10,40,10,26,42,44,48,88,86,23,64,46,43,26,92,85,86,28,1,33,67,74,71,24,53,91,25,83,1,61,50,89,11,81,96,83,43,55,44,94,21,5,99,23,19,82,91,31,12,79,64,26,51,5,4,76,77,65,94,10,98,17,35,2,96,87,85,79,42,41,21,73,24,71,56,36,12,55,49,6,5,19,43,51,75,13,73,54,52,8,1,29,53,64,49,77,60,87,52,46,77,87,29,36,95,38,78,89,53,49,15,95,1,48,50,37,15,70,59,53,95,22,58,16,37,45,43,45,31,33,78,69,7,39,13,22,64,82,64,37,7,20,63,64,54,11,16,91,85,77,87,45,33,93,17,58,3,41,33,72,60,42,20,72,42,7,37,49,10,82,4,2,78,92,69,94,62,78,74,59,68,14,49,31,45,90,92,47,45,50,86,78,91,80,91,91,63,71,29,58,32,31,18,78,50,56,57,33,10,84,66,71,62,62,77,79,65,88,87,35,45,61,18,22,95,29,68,98,46,90,23,77,78,87,14,97,13,14,63,47,37,47,33,50,71,70,11,78,30,10,8,23,47,69,48,14,74,98,78,14,86,31,78,20,6,45,68,90,31,92,55,51
87,61,91,20,97,32,42,54,12,78,82,57,24,49,36,28,55,31,84,86,21,75,97,72,99,73,27,78,71,22,70,73,94,63,21,76,20,4,85,86,94,39,94,34,87,98,9,96,84,26,91,85,69,36,56,87,18,34,89,35,7,30,49,48,61,10,10,91,97,7,87,3,92,63,29,39,16,86,28,19,28,98,66,31,48,52,56,90,80,75,9,32,53,46,79,36,42,31,13,22,96,97,44,25,71,26,36,39,38,99,48,51,90,44,10,24,43,81,25,22,38,16,81,66,66,24,90,62,35,85,91,55,70,49,63,36,52,88,17,29,36,97,17,8,53,42,31,72,57,14,28,82,75,15,30,77,81,55,21,99,15,53,40,35,97,46,42,99,82,71,35,72,40,40,70,31,86,44,33,15,35,22,14,79,55,40,82,47,94,7,71,87,64,70,29,10,85,24,83,45,19,1,74,93,60,16,59,3,84,89,6,28,96,60,55,96,19,39,73,75,33,56,18,65,3,57,78,64,8,74,26,71,34,44,5,85,46,9,64,97,60,9,64,69,2,19,72,93,53,51,86,32,98,2,32,43,71,70,8,21,67,24,94,24,80,78,57,44,14,61,55,92,9,98,91,63,94,68,6,70,31,73,5,29,46,91,69,77,70,69,1,37,21,18,71,96,22,53,28,13,27,12,65,18,44,54,67,35,70,47,72,60,76,58,83,93,76,91,77,32,92,93,3,22,99,42,24,9,15,79,45,35,89,77,64,76,16,94,61,25,16,96,67,5,36,10,67,91,68,65,98,7,89,10,26,48,81,64,93,18,31,85,7,82,71,39,62,99,29,72,78,82,97,37,54,31,70,98,23,20,74,54,43,91,76,59,35,47,96,55,38,39,55,21,80,14,94,10,4,76,47
88,75,99,13,51,90,71,92,83,82,6,76,11,87,42,81,12,34,23,18,88,11,30,6,49,78,52,83,72,20,44,8,26,58,34,57,61,6,83,41,47,44,61,77,36,22,37,26,50,33,71,83,13,44,61,38,19,41,11,46,22,1,5,1,99,99,20,39,20,42,93,8,95,64,33,56,91,98,77,89,20,6,65,66,81,17,58,71,49,27,85,82,24,10,49,71,91,33,12,82,11,24,80,15,89,19,59,1,48,82,77,87,69,16,52,96,97,23,71,51,89,9,44,51,68,41,23,15,52,56,80,17,69,65,85,6,81,67,26,86,9,26,86,43,87,20,62,41,34,60,15,12,40,20,60,87,38,9,33,62,71,67,63,10,94,3,95,77,35,7,25,15,93,68,94,39,95,29,99,57,15,24,37,47,2,87,87,2,84,91,23,57,8,15,52,15,86,50,1,18,87,6,76,1,16,96,91,98,57,13,39,68,95,17,51,25,98,53,15,22,68,7,78,70,96,51,37,16,81,46,77,44,96,73,28,47,98,17,45,34,66,87,66,11,79,50,53,90,4,46,1,47,56,49,55,23,66,83,7,71,70,42,95,83,3,7,3,9,43,95,42,92,53,57,15,63,24,78,41,8,74,55,47,42,51,50,52,91,30,50,32,89,10,88,1,28,63,69,40,8,57,89,38,45,82,40,74,48,88,12,81,41,97,39,63,48,94,92,70,39,78,98,81,78,37,88,47,43,43,13,82,37,89,48,69,91,69,16,92,28,27,75,73,33,12,26,84,96,13,60,84,20,57,46,59,67,59,95,65,30,55,8,1,95,59,63,88,48,87,6,34,51,12,66,50,17,57,88,99,76,60,38,80,95,9,64,96,70,31,95,88,28,20,96,64,22,97,48,24,36,11
89,23,61,73,47,95,91,26,63,36,47,53,37,66,41,19,99,82,83,39,10,54,82,64,54,49,15,49,64,64,91,43,96,71,29,86,22,88,76,31,10,77,46,7,16,24,66,50,77,24,13,89,75,74,24,72,57,52,78,48,6,37,31,65,51,1,18,23,10,63,33,12,47,10,69,97,28,56,65,99,5,57,64,47,11,89,62,71,16,38,95,30,82,99,46,69,55,53,95,75,57,64,45,98,93,74,80,18,49,85,20,84,15,94,11,29,2,96,48,20,77,21,14,28,79,7,75,93,21,22,81,32,36,61,45,12,13,50,34,75,25,76,96,81,95,23,17,46,32,31,74,2,40,52,91,64,2,67,83,93,78,36,12,18,93,90,43,1,99,88,80,18,49,82,52,77,99,11,41,49,27,42,76,20,65,7,5,78,8,74,76,19,91,78,77,64,10,34,2,83,91,79,91,28,56,52,62,50,39,82,38,12,85,44,3,87,91,90,26,45,2,55,14,96,3,55,15,6,56,96,18,55,48,1,81,15,18,42,28,80,86,40,59,47,76,60,97,69,26,85,60,11,80,84,4,91,98,38,66,61,82,48,77,23,91,21,84,5,2,79,28,94,99,57,15,98,38,16,32,44,72,2,9,10,93,49,1,17,16,68,11,3,15,36,30,1,39,11,96,81,75,14,81,74,82,75,61,66,67,70,15,66,97,15,90,76,16,51,1,3,59,49,26,78,33,56,26,18,3,61,24,10,56,80,20,5,51,39,90,39,60,8,87,76,65,52,83,84,20,87,52,24,48,64,96,77,99,28,98,5,56,34,89,74,44,66,74,43,91,58,7,32,29,27,63,50,71,76,23,38,92,11,70,4,86,31,60,21,89,52,39,76,23,29,18,56,74,33,8,14,62
90,78,85,58,23,29,48,9,29,74,90,28,55,14,21,74,48,61,69,41,80,22,1,94,89,64,63,32,38,30,5,50,8,9,87,18,53,79,24,42,26,64,47,4,69,62,39,61,62,34,22,32,90,41,25,88,7,57,71,25,3,90,10,5,11,93,53,16,67,79,60,85,31,20,91,27,48,13,39,55,37,74,86,74,67,52,81,55,18,96,86,57,62,38,64,38,64,41,74,2,24,62,70,56,46,1,54,61,47,99,82,48,71,10,95,19,24,56,36,31,57,2,43,42,95,30,59,72,18,70,92,82,82,58,50,76,65,37,50,4,76,84,48,43,27,26,63,83,9,9,81,8,14,73,75,46,16,66,42,62,56,25,24,32,81,7,72,10,43,27,96,85,18,21,57,5,43,89,48,61,35,41,84,97,45,71,97,1,74,81,66,55,92,78,20,17,8,8,11,52,85,72,7,27,76,52,4,2,79,78,6,77,26,84,70,64,57,80,89,27,71,58,74,31,31,48,29,51,96,88,31,76,16,36,28,74,30,26,67,52,2,40,81,90,76,10,31,59,16,19,37,90,51,29,47,50,51,79,68,74,24,86,53,68,63,2,11,78,51,86,69,5,52,26,13,33,96,78,71,43,26,93,6,29,10,33,25,80,71,80,86,74,75,97,35,81,75,94,52,50,90,88,22,2,27,28,64,24,50,73,61,89,25,93,85,19,36,37,27,84,53,66,25,39,74,87,6,25,73,68,18,11,33,66,47,9,57,10,78,9,95,97,78,92,88,85,47,11,95,92,64,39,57,64,79,18,15,15,37,88,38,14,7,76,93,64,75,77,55,89,40,20,50,8,16,6,56,51,1,6,54,5,17,56,73,76,44,26,38,25,14,92,16,64,68,61,88,87,76,45,59
91,91,47,1,9,10,60,95,91,16,94,84,75,37,89,68,12,57,46,23,77,13,93,83,92,54,28,37,97,10,80,96,29,28,79,22,83,27,62,7,66,28,54,37,13,66,16,97,43,73,31,61,55,18,83,86,13,73,29,98,3,49,34,86,2,80,17,81,29,41,40,18,30,91,25,86,10,34,54,55,72,26,17,54,10,95,84,98,85,45,9,13,5,44,9,14,81,62,75,6,97,85,67,85,3,91,39,96,34,74,82,27,65,2,54,33,4,82,41,18,37,11,93,3,16,89,89,86,24,89,60,41,58,11,35,86,4,73,8,28,91,55,10,8,91,52,44,13,95,38,55,59,9,59,87,37,55,23,58,25,94,46,89,74,68,79,81,46,66,51,2,27,88,39,71,69,18,20,60,98,62,46,10,83,98,20,2,43,31,45,81,54,74,14,50,96,15,29,60,90,17,5,16,89,10,50,74,58,13,89,87,4,18,35,20,84,16,58,60,46,23,13,16,33,87,42,90,56,87,30,14,74,38,69,97,97,3,2,41,22,95,27,33,56,49,77,30,50,11,26,95,18,58,6,99,76,56,77,30,40,92,34,41,53,41,87,61,54,78,16,94,73,17,83,4,44,55,95,34,31,64,58,71,32,43,41,74,34,24,56,29,36,97,53,29,31,17,75,57,37,44,94,65,79,59,36,79,45,3,96,65,22,97,22,87,87,1,23,75,62,4,41,56,40,5,62,47,32,50,68,84,75,53,83,55,99,74,33,45,8,89,80,23,78,92,35,81,41,95,65,62,52,12,67,4,68,66,42,60,74,95,75,21,97,37,77,62,15,73,42,63,41,99,34,13,67,23,22,19,18,41,54,26,60,57,45,68,49,80,12,46,73,57,15,77,1,90,50,9,42,66
92,79,79,30,55,55,1,23,73,17,70,13,60,58,75,98,27,36,57,29,27,56,11,92,30,8,3,63,85,45,60,69,29,29,52,82,97,56,81,40,67,1,18,86,42,88,79,33,19,53,60,20,3,44,65,23,30,39,29,34,65,92,36,8,50,66,96,38,33,2,73,41,33,58,93,65,90,65,54,39,82,27,89,22,1,55,32,31,29,96,76,78,60,22,92,62,24,68,62,32,78,3,5,81,16,78,97,31,5,67,9,4,70,9,29,35,60,38,47,65,61,94,82,24,86,13,18,52,66,77,97,82,17,28,55,50,70,66,25,91,54,72,76,67,10,48,56,71,73,91,18,49,15,76,66,68,56,94,56,71,33,84,42,62,69,95,67,22,2,46,23,69,79,18,93,8,23,13,19,91,58,41,10,51,96,91,88,87,76,3,14,53,66,71,65,12,48,90,66,34,49,16,66,50,29,10,53,70,37,7,21,1,80,42,81,45,5,2,59,35,38,74,77,88,27,58,95,57,98,99,55,21,13,74,97,13,91,52,34,18,41,35,82,99,56,37,75,61,19,90,36,97,64,89,35,44,42,97,60,25,62,64,68,80,42,79,34,85,56,90,9,66,19,9,2,24,1,70,36,49,71,39,97,92,96,81,16,37,92,86,59,82,60,28,30,12,46,5,43,48,97,51,23,53,96,84,64,22,88,18,64,57,43,22,12,45,72,39,47,35,76,56,80,46,98,82,18,5,55,98,2,60,77,49,39,99,22,40,12,3,7,59,1,5,32,65,92,37,21,39,32,73,55,96,49,24,96,53,71,93,32,28,28,42,38,26,68,2,92,75,15,83,54,86,24,26,41,53,44,92,55,34,69,67,1,66,34,20,3,3,61,48,54,70,80,37,8,35,37,82,71
93,90,27,52,31,40,65,64,38,21,67,13,78,77,54,70,91,1,2,37,53,31,45,81,43,97,81,2,5,2,36,41,32,91,4,38,6,69,93,89,49,37,38,82,24,99,1,57,60,63,48,89,99,76,39,38,85,41,51,91,71,87,8,83,79,10,68,60,87,28,57,49,60,62,74,76,14,10,93,85,4,98,40,4,87,63,87,71,62,86,11,43,1,40,87,55,45,41,60,84,64,83,72,32,96,39,54,63,21,53,80,71,94,98,95,33,10,79,5,35,34,49,86,60,60,81,35,48,73,90,22,14,18,67,50,10,44,39,43,70,41,39,84,13,34,59,27,7,40,63,37,19,46,53,45,39,58,30,37,29,21,19,89,57,2,93,91,92,52,90,37,23,68,5,16,27,17,37,48,68,14,99,98,78,57,69,60,66,21,50,24,69,57,53,52,60,42,96,85,54,92,21,10,81,33,77,3,72,57,17,82,90,14,55,30,14,89,36,83,7,17,15,16,51,15,67,99,86,48,30,35,60,18,74,70,41,83,91,59,48,38,53,71,7,64,72,36,42,22,40,75,79,77,29,15,62,58,34,3,39,23,31,10,69,66,97,89,34,65,13,4,8,40,54,59,70,43,45,84,21,57,67,53,14,77,69,15,62,11,97,75,99,43,46,95,28,9,37,87,14,36,81,2,65,37,30,8,49,27,83,92,49,63,23,6,20,30,4,46,78,32,94,69,83,25,58,65,57,84,68,58,72,91,1,55,92,16,76,24,70,83,7,61,92,20,44,81,74,11,79,57,95,59,44,97,32,57,6,14,39,10,77,98,37,74,58,7,22,72,37,7,47,2,99,38,40,71,88,8,10,1,3,43,14,60,96,27,39,46,87,29,50,85,74,23,33,37,74,54,45,67
94,28,37,39,61,8,9,14,83,91,62,66,25,17,95,69,71,57,77,20,65,42,98,58,7,9,2,16,33,43,64,88,22,14,89,85,21,86,86,60,94,44,98,20,48,55,92,59,6,60,28,50,98,29,44,17,8,97,3,80,55,90,45,79,98,13,29,15,6,58,50,47,44,7,68,54,53,91,43,44,80,80,79,40,57,30,17,25,93,90,2,97,18,4,89,98,45,16,90,46,50,67,25,11,15,9,67,79,62,77,97,6,24,11,26,75,66,56,76,16,20,73,11,83,37,64,40,86,20,70,38,27,44,98,56,25,23,83,32,64,48,93,2,76,88,21,90,63,18,99,93,95,13,68,13,81,4,67,71,21,20,90,46,55,47,69,1,21,73,20,56,77,2,82,71,97,61,65,71,55,92,35,37,72,17,10,42,5,11,36,52,54,2,22,9,88,91,88,56,70,55,87,77,81,61,89,74,27,83,90,34,55,32,52,48,20,44,65,93,6,37,97,99,90,99,96,99,43,79,23,79,43,37,38,3,12,54,23,18,34,43,34,63,85,63,87,63,31,31,54,98,72,83,58,17,83,40,45,77,28,6,74,30,54,1,7,67,21,53,29,72,63,58,63,70,15,8,32,37,68,8,84,22,6,34,76,83,23,60,24,95,36,6,30,67,36,92,53,54,31,42,27,19,89,2,42,7,85,63,36,7,6,92,18,92,17,36,86,57,51,20,13,18,83,92,18,2,9,86,98,81,48,52,74,48,85,6,55,34,83,64,5,24,87,9,21,50,20,46,39,79,1,91,54,61,54,57,86,50,58,17,33,51,58,96,48,66,34,61,41,39,30,96,55,79,62,8,69,60,55,56,30,56,81,39,58,95,3,22,81,3,71,19,20,93,7,62,77,58,76,38
95,19,74,61,48,85,87,3,87,64,28,77,64,38,48,24,3,19,27,47,49,34,73,14,92,14,34,36,80,75,47,87,78,6,70,21,27,43,67,22,63,56,39,34,49,74,44,75,47,61,47,8,6,54,53,40,15,84,5,52,11,2,36,31,33,20,95,87,34,96,19,21,12,5,28,3,31,57,92,47,44,15,37,81,62,58,39,11,51,83,12,87,48,56,60,90,84,75,67,43,60,23,43,18,51,96,5,25,61,57,44,53,93,26,54,11,44,68,65,57,63,88,17,21,69,50,41,51,74,68,71,8,37,45,41,70,91,63,42,16,7,57,81,79,51,10,59,98,80,6,77,55,25,65,70,15,16,74,79,19,47,98,12,65,56,65,91,97,89,86,51,94,20,4,62,44,92,65,25,29,46,31,95,63,79,38,84,42,96,98,43,85,13,12,84,57,34,37,43,88,88,44,11,78,3,71,75,19,64,46,62,18,37,13,9,10,61,82,43,94,31,36,26,76,89,24,65,38,51,34,42,16,75,70,68,25,18,1,82,84,83,73,86,48,84,49,2,74,92,77,68,83,89,98,80,37,79,20,5,12,3,17,5,22,63,76,13,31,32,20,82,18,52,37,79,5,91,57,70,78,96,8,17,44,77,49,10,55,76,94,30,5,61,88,77,74,50,11,2,42,30,79,4,53,79,40,55,9,27,34,52,44,32,72,41,29,37,18,52,90,5,15,4,93,4,50,23,39,52,33,40,90,14,30,15,27,52,40,84,61,80,36,5,28,28,86,23,38,78,10,66,18,85,96,81,10,48,6,95,89,26,89,19,85,23,77,82,56,44,43,37,13,32,32,71,88,15,66,81,41,80,82,7,97,72,34,25,92,99,72,62,59,96,77,96,1,77,98,75,60,14
96,35,9,51,41,22,55,86,68,67,2,25,64,80,88,94,42,79,45,86,23,74,20,14,39,41,92,91,64,94,29,97,38,24,13,13,98,49,97,74,94,64,75,22,31,25,54,85,37,33,89,17,27,42,32,50,99,27,95,52,6,2,19,66,99,64,59,50,41,44,8,84,58,30,53,8,38,46,98,65,33,75,6,55,32,30,97,95,50,79,2,92,10,39,39,23,18,34,11,12,82,3,65,61,47,19,45,16,46,18,65,12,83,2,49,76,16,24,1,79,1,53,19,45,35,9,59,19,1,98,85,48,38,41,23,85,73,55,46,96,31,13,73,84,45,88,6,90,28,55,89,49,2,63,30,82,47,52,7,7,21,47,88,3,86,12,73,32,53,58,75,48,98,52,21,28,81,70,42,8,82,87,43,12,47,18,55,27,76,54,66,70,90,37,66,62,37,37,95,17,83,29,35,65,13,21,11,50,21,18,27,86,67,12,8,50,96,43,47,21,64,69,78,3,24,67,53,78,40,83,78,49,75,26,11,82,94,23,1,70,92,66,66,47,55,24,71,97,52,89,58,95,58,43,31,30,57,41,52,59,10,2,22,72,12,10,46,31,33,25,7,57,47,94,32,5,7,37,59,74,76,65,3,77,28,3,94,4,42,18,9,98,38,59,66,47,59,38,87,91,89,98,38,90,74,74,57,34,5,79,98,71,78,29,26,63,96,66,34,12,86,12,68,33,5,9,21,95,89,45,47,7,8,90,24,37,16,74,59,11,10,19,83,12,44,92,14,92,97,73,18,48,82,66,67,99,40,90,64,3,60,5,91,31,29,95,35,3,50,46,39,96,9,77,6,81,35,14,12,27,91,2,14,73,36,4,22,44,59,19,56,3,68,40,83,33,82,30,42,17,93
97,43,35,31,54,82,47,14,52,11,6,38,15,47,6,17,44,35,11,10,52,89,74,75,81,10,41,15,44,99,46,16,96,94,49,61,93,15,96,3,62,50,51,26,58,60,90,81,85,34,50,18,78,33,72,4,40,30,55,28,50,80,78,74,37,77,52,5,24,29,99,75,92,88,68,25,93,37,62,49,45,82,48,54,96,29,18,29,88,10,92,83,54,50,5,72,68,10,42,72,18,47,53,62,40,22,8,76,58,41,91,56,13,79,73,20,90,73,42,45,83,76,46,71,88,94,94,15,81,88,27,60,37,83,60,78,32,46,76,78,32,65,76,16,84,29,29,74,63,30,4,85,23,22,41,46,72,43,23,56,93,59,66,83,23,19,28,86,82,20,36,59,71,26,23,39,29,96,84,39,74,74,79,98,62,59,40,46,82,99,9,57,85,19,62,50,80,51,55,88,3,66,69,18,15,9,5,62,6,5,9,3,50,36,29,81,7,47,53,75,63,68,77,48,78,16,98,16,47,73,43,88,12,15,3,87,65,19,13,80,1,58,99,66,74,36,78,78,75,97,84,73,38,90,16,40,93,79,92,85,23,85,27,88,67,11,26,10,23,91,90,44,57,17,55,96,48,55,84,53,65,75,94,95,16,4,47,72,34,87,49,4,53,75,82,95,40,75,9,57,1,30,61,85,38,77,47,22,3,8,51,7,48,24,68,10,87,83,64,2,92,92,90,63,74,18,87,46,64,59,56,1,78,80,48,54,26,49,65,10,23,12,11,44,92,57,53,1,56,52,29,25,48,69,91,89,57,71,7,42,81,47,94,73,10,98,58,12,58,76,60,11,63,42,75,76,93,62,30,52,73,78,14,20,59,51,25,69,50,70,88,89,56,19,65,95,88,70,60,72,82
98,2,14,10,11,50,11,41,11,27,4,39,26,34,1,49,49,60,73,13,19,71,15,36,59,25,10,6,21,13,50,60,55,89,13,16,7,28,26,70,91,39,32,94,9,8,7,91,90,76,83,55,22,77,76,96,93,50,86,17,95,77,5,7,39,66,33,69,6,9,70,96,41,42,16,98,59,46,24,52,36,64,6,21,16,53,79,4,71,64,71,77,50,55,96,42,98,26,88,52,60,14,66,53,25,29,77,72,98,33,82,97,17,75,93,48,7,70,49,15,55,88,6,61,99,19,72,69,31,14,31,28,98,78,11,27,45,75,9,46,63,5,9,59,78,78,61,67,17,66,71,40,10,27,67,47,12,32,37,73,27,22,55,50,10,9,62,70,83,92,98,45,82,82,38,5,76,27,90,84,70,68,86,38,90,91,75,1,96,54,8,42,9,55,30,93,29,83,2,73,10,81,39,3,40,72,50,69,42,45,96,40,57,34,36,76,6,64,34,72,38,93,57,50,88,59,71,9,78,80,11,3,64,28,86,10,97,8,65,60,41,28,48,49,40,44,42,74,59,46,28,78,8,75,64,38,98,7,39,70,3,10,78,79,55,72,83,43,58,57,48,78,34,10,55,92,7,38,79,11,77,50,36,97,69,52,5,77,25,66,60,95,91,39,18,87,81,22,58,29,29,24,11,87,24,26,76,46,34,60,10,91,37,18,91,74,79,31,51,30,81,50,47,13,34,6,13,6,9,89,47,49,52,47,96,4,7,89,64,57,65,34,10,1,51,52,79,48,73,61,49,36,94,27,22,26,10,4,84,81,71,8,82,94,12,86,49,20,38,66,41,50,10,53,39,59,39,5,3,98,14,72,58,83,52,39,92,72,14,2,33,7,3,20,94,39,37,71,30,55,74
99,88,44,92,37,21,12,18,68,98,80,82,77,69,5,89,34,86,21,50,77,67,63,11,36,77,74,18,31,83,52,65,15,82,60,69,79,19,67,98,58,86,59,59,85,31,49,19,37,73,19,51,22,28,60,39,86,21,50,66,96,99,82,11,64,24,19,3,79,49,5,63,7,77,8,69,65,10,31,78,56,55,3,38,93,12,85,35,24,3,80,77,2,96,95,64,24,17,37,97,72,23,54,91,74,12,28,62,28,19,71,22,66,92,40,15,90,10,68,88,74,38,40,84,7,6,19,95,50,49,39,83,22,51,96,45,29,87,45,62,49,30,71,37,73,10,7,6,25,64,7,2,78,34,90,81,22,20,35,76,60,47,36,22,68,75,76,24,3,30,60,61,28,91,77,4,48,5,63,23,67,87,31,4,2,57,38,61,66,99,16,88,71,74,1,39,82,54,94,53,69,91,43,16,47,27,95,26,1,23,9,99,68,13,24,46,29,96,41,60,99,20,18,36,44,31,47,78,24,10,97,18,86,85,72,2,86,53,53,10,99,6,59,2,53,22,19,92,73,83,22,83,61,27,85,69,12,22,93,35,24,48,5,27,61,94,60,81,17,14,36,24,41,5,80,96,43,65,55,18,20,60,79,73,95,46,4,54,17,8,95,80,15,94,36,70,84,84,80,40,44,38,79,29,50,62,99,87,40,65,61,84,26,23,82,70,12,74,62,39,8,28,71,3,64,45,8,48,71,57,4,73,15,25,34,44,27,72,55,47,73,60,50,65,56,59,13,91,54,14,37,50,16,50,38,85,89,4,24,42,23,23,68,8,44,78,43,78,78,72,1,59,72,19,43,75,25,82,7,25,67,75,42,45,56,78,28,33,62,76,22,43,78,45,13,95,38,54,99,45,70
100,93,60,12,68,5,2,66,65,23,81,54,47,24,98,93,19,5,19,87,98,41,48,92,9,59,91,16,85,49,6,76,99,60,3,22,21,66,26,68,78,17,17,47,90,56,48,66,34,97,27,76,6,11,28,50,91,14,53,13,11,52,51,65,67,47,11,10,1,10,72,64,15,74,58,25,59,36,12,10,76,3,87,52,10,96,35,78,8,97,13,61,86,65,77,50,29,25,1,14,42,63,65,37,4,43,94,86,30,39,75,72,78,95,27,65,84,34,48,63,37,98,28,87,28,37,10,75,80,37,3,68,92,40,83,71,47,50,48,31,60,78,11,48,45,63,3,30,35,23,76,99,84,6,96,98,22,79,78,66,43,54,25,34,28,30,37,52,35,53,62,3,4,96,12,63,55,79,36,98,82,2,82,52,44,33,77,82,48,91,96,64,48,89,5,38,3,13,63,53,16,51,50,83,10,31,99,67,1,60,21,77,29,69,90,87,96,60,24,78,75,47,35,90,81,34,82,22,13,85,87,92,11,55,27,96,90,28,48,96,41,42,47,49,52,71,74,90,44,48,59,10,79,10,63,62,62,13,73,88,8,51,10,59,33,13,66,81,19,89,10,27,81,74,24,2,55,84,50,78,94,42,25,43,52,57,59,46,48,9,72,82,30,55,91,48,25,42,35,98,69,42,95,99,40,32,26,59,99,36,54,58,14,99,55,22,31,93,28,41,21,22,21,32,34,68,54,29,78,50,48,55,16,56,52,99,71,23,94,18,11,15,90,91,5,92,38,70,21,8,14,49,6,55,8,52,69,27,16,18,87,88,11,69,18,65,1,82,83,65,80,25,35,40,1,69,9,92,20,98,24,49,44,75,7,41,5,90,27,19,12,96,96,64,90,93,16,1,83,97,87
101,45,14,33,30,85,96,12,60,94,23,97,52,69,39,21,22,33,1,68,50,13,44,66,29,45,1,7,28,25,50,12,82,30,33,68,57,55,84,51,89,2,68,80,2,76,3,67,57,57,6,58,32,71,55,23,16,13,39,37,77,39,16,47,21,46,42,30,23,13,20,6,72,97,91,85,36,45,88,15,34,95,32,95,56,75,55,55,22,18,78,69,95,27,98,79,61,77,86,77,39,10,63,59,44,91,19,11,45,60,33,99,32,18,56,75,53,77,27,59,39,3,72,7,17,40,29,77,27,58,81,88,64,27,68,38,57,45,2,14,44,54,57,68,3,55,60,96,31,72,50,97,8,51,55,11,49,93,5,4,68,30,63,27,44,26,14,28,74,70,46,45,99,71,58,49,31,42,85,28,23,22,87,16,22,73,75,71,54,58,36,38,86,72,99,1,21,15,40,26,66,54,30,4,60,89,6,13,12,1,75,2,17,64,78,70,96,14,77,36,61,53,22,54,49,69,66,39,37,70,48,76,86,1,31,26,54,99,58,8,25,83,10,9,93,97,61,60,81,53,28,49,18,90,28,5,48,83,74,95,26,72,28,73,43,29,11,13,13,3,50,28,12,34,95,64,35,42,9,85,28,48,32,16,69,74,5,77,49,26,60,40,42,34,54,30,21,70,94,12,38,32,37,14,2,44,7,65,76,77,69,70,82,56,37,31,31,33,40,43,60,46,6,81,20,3,7,68,21,1,77,14,84,2,63,8,31,43,19,78,49,65,95,81,57,35,27,6,13,17,82,82,82,53,76,47,61,29,27,79,74,96,66,82,38,5,65,72,87,65,97,69,10,90,89,29,40,48,90,29,37,74,21,28,84,16,97,25,33,32,93,7,42,76,62,48,60,19,71,90,64
102,40,26,94,16,6,43,23,60,81,5,3,87,36,88,88,33,98,46,26,6,59,75,82,66,13,9,19,22,61,54,40,55,59,5,53,94,44,71,77,56,3,4,55,66,57,59,11,74,21,21,43,15,2,43,82,63,22,3,17,76,12,55,81,52,30,65,28,55,15,51,5,52,53,11,83,10,38,31,6,55,5,38,92,38,20,25,19,43,51,26,72,86,5,85,52,38,18,19,71,45,25,64,68,27,29,37,12,75,66,25,87,92,24,72,22,4,80,44,96,42,85,74,38,30,93,46,48,89,30,27,67,77,17,14,66,66,73,91,94,40,69,2,92,57,12,19,74,80,91,97,87,60,9,28,50,25,5,31,76,78,19,6,20,54,13,87,12,85,35,75,68,57,73,41,74,78,74,72,63,60,96,43,77,15,45,94,60,28,40,69,92,67,89,96,40,10,76,23,97,28,61,38,6,99,19,30,10,27,87,4,48,20,5,61,69,9,81,77,62,29,10,45,61,4,89,34,3,78,96,44,39,11,6,93,24,91,3,88,85,33,31,11,79,97,47,64,42,32,2,66,91,11,62,3,33,15,37,33,87,23,96,94,29,38,36,82,73,34,67,50,34,61,85,53,1,16,40,50,62,62,9,29,33,11,42,2,51,27,32,68,89,6,76,77,6,94,30,39,38,43,36,33,47,13,75,99,89,10,45,4,14,23,72,5,93,33,43,67,26,89,79,94,12,38,77,73,98,59,96,56,77,84,26,81,39,32,55,85,70,9,96,6,50,71,54,72,88,81,7,36,45,59,94,51,51,5,80,38,16,52,98,64,90,8,15,67,23,83,57,98,32,50,41,94,25,61,16,65,25,35,65,83,34,58,66,55,68,2,75,42,80,22,82,53,98,46,43,89,33,52
103,49,41,20,89,84,67,31,27,42,21,60,59,24,82,97,87,55,72,7,12,36,10,52,79,54,55,48,76,30,40,45,10,28,41,15,4,47,2,77,42,58,59,36,79,80,24,7,9,77,46,90,40,9,76,56,44,18,49,57,19,5,75,89,71,30,54,88,72,11,96,33,1,46,19,42,5,52,81,94,19,1,18,84,50,83,59,32,92,29,91,74,39,3,9,91,67,72,39,19,97,87,53,27,9,4,8,48,2,71,84,85,62,82,33,34,73,38,14,85,44,35,9,30,8,26,40,78,18,28,7,81,38,41,78,45,73,16,43,26,44,58,5,46,67,3,59,65,96,37,48,14,11,99,49,38,95,63,64,41,77,99,94,26,1,92,18,38,34,47,67,90,73,66,26,51,18,96,4,72,33,55,7,56,89,74,57,99,92,5,70,48,23,56,43,43,33,55,35,58,42,72,91,34,90,40,97,68,85,88,30,73,60,61,50,32,66,40,32,35,62,68,46,11,70,98,32,16,61,11,31,20,70,14,3,93,86,29,11,26,30,41,5,86,45,67,48,67,86,74,37,58,31,87,24,59,45,60,52,53,1,8,82,11,1,92,59,8,11,15,76,58,30,19,89,72,29,91,46,76,10,37,90,95,89,23,33,43,7,24,97,92,18,26,63,26,61,39,25,49,62,52,93,11,95,40,1,92,67,42,81,79,3,4,17,43,84,41,88,17,73,90,11,74,32,1,14,27,44,71,96,33,39,50,88,50,51,27,20,34,34,99,52,91,61,60,47,8,52,75,32,6,35,61,61,70,55,72,27,83,63,21,42,48,88,85,34,8,69,9,28,92,60,29,3,39,14,40,96,38,6,58,26,84,80,49,59,61,78,11,25,26,35,81,36,21,18,20,47,44,22
104,35,95,25,98,87,26,67,73,21,7,11,71,45,48,37,33,97,59,17,9,2,75,7,94,82,2,41,63,22,60,17,17,86,83,99,91,57,48,64,72,85,86,82,80,96,54,47,31,58,67,38,86,43,33,90,5,19,26,83,62,90,38,53,38,57,61,62,8,76,88,50,43,74,96,16,49,64,32,24,6,50,64,78,72,76,24,1,44,51,48,62,85,60,89,47,81,64,44,58,85,43,15,13,15,46,46,71,53,67,99,30,83,79,37,36,33,45,33,54,55,54,96,19,48,89,30,56,86,7,47,61,29,89,41,42,13,8,78,38,84,23,18,66,64,90,24,36,54,36,19,70,74,80,19,60,26,34,56,28,27,30,8,43,74,79,13,89,96,46,82,12,77,15,23,61,15,38,20,22,3,33,6,82,41,42,82,49,99,12,37,90,24,41,34,11,79,59,1,81,1,47,98,23,14,97,22,64,4,25,95,46,51,2,58,21,88,10,28,66,61,83,21,85,20,82,90,4,27,25,41,46,40,22,20,23,60,77,29,9,42,27,66,2,73,41,28,3,76,95,58,46,74,18,96,34,45,13,56,98,66,3,18,90,59,30,45,80,27,62,93,15,90,7,96,82,13,22,98,65,74,31,72,33,31,63,26,47,63,28,6,55,32,16,14,33,87,11,44,73,79,32,37,85,43,65,27,28,49,63,97,82,58,19,20,49,24,28,82,6,95,15,62,67,44,38,62,67,48,73,7,11,26,37,12,65,38,46,92,34,92,95,79,86,75,23,28,77,5,55,55,35,24,11,59,59,89,27,73,13,80,95,91,2,88,26,6,50,20,40,69,60,25,25,99,9,6,84,44,67,53,38,30,45,91,43,87,26,24,18,46,90,22,33,52,36,76,63,2,3,64
105,41,72,86,81,81,96,93,12,20,84,20,37,41,54,94,66,23,11,65,44,99,37,50,87,59,20,81,2,70,97,2,14,69,74,73,22,54,37,33,83,35,89,31,57,3,13,76,80,75,73,10,79,97,95,81,99,82,78,28,50,93,82,19,2,97,92,65,62,77,68,76,17,23,45,5,61,16,56,38,4,84,88,91,93,24,68,57,64,46,42,21,23,87,83,22,39,23,98,36,98,77,43,66,81,95,92,77,49,1,86,16,74,91,42,18,81,3,30,37,66,42,59,83,41,72,39,24,4,48,96,52,34,61,68,24,88,94,87,8,61,84,28,26,61,22,95,51,60,97,81,20,7,40,42,18,97,47,69,66,10,78,61,42,45,90,26,8,31,99,34,41,7,38,98,52,57,76,3,41,92,82,19,68,85,27,83,16,23,95,64,77,60,68,83,76,15,99,44,19,39,26,17,55,94,28,21,9,82,23,26,17,11,60,71,91,20,85,23,86,30,49,89,40,93,67,39,25,38,82,14,87,18,66,4,90,93,95,33,21,39,1,38,13,92,27,32,40,65,85,51,84,80,45,84,33,90,98,37,23,49,78,97,52,60,9,65,31,72,55,20,67,81,92,74,60,92,15,76,98,47,90,66,45,19,60,96,15,5,36,98,69,69,99,63,13,11,54,3,84,51,30,74,35,55,37,39,95,54,89,46,30,79,12,29,13,14,93,63,66,58,84,1,93,56,33,41,28,8,18,97,22,34,53,15,39,52,11,48,3,70,63,97,28,1,92,85,99,43,61,8,85,91,24,60,19,51,30,15,99,86,54,1,24,80,43,46,29,13,75,95,2,26,63,14,75,55,77,21,92,72,99,15,3,41,83,45,75,23,98,45,67,68,67,48,33,79,27,22,16,38
106,20,51,37,89,43,60,40,42,19,87,8,65,32,24,48,9,5,27,7,59,86,20,49,94,31,51,23,29,5,36,66,35,64,9,88,72,76,23,56,17,17,49,9,83,64,62,8,40,36,39,48,47,14,30,50,21,14,98,82,33,8,6,2,54,75,92,58,62,45,10,35,45,62,28,5,10,76,23,61,27,83,10,95,25,33,53,12,16,48,50,60,81,57,70,81,92,66,89,34,91,80,66,64,19,96,23,32,23,63,58,2,55,72,40,89,69,6,56,92,11,49,56,38,8,75,78,2,80,9,3,45,16,39,12,26,30,11,44,30,4,77,38,49,18,9,21,62,36,57,15,86,65,98,35,20,74,87,69,23,1,80,40,56,21,14,64,65,36,40,81,48,48,77,28,25,8,24,66,95,16,17,92,96,70,90,20,50,99,41,17,39,17,77,61,46,71,37,55,48,28,32,66,80,89,16,88,30,36,92,7,91,31,72,59,92,37,50,24,84,75,70,13,31,39,90,60,15,84,5,61,35,14,31,57,2,67,44,87,69,58,15,51,14,55,38,53,33,55,41,98,52,59,91,49,33,20,41,81,41,71,38,72,60,51,73,55,18,23,53,63,28,66,84,36,63,65,78,25,30,48,27,47,63,2,85,81,68,87,94,42,61,71,42,49,43,57,63,83,30,38,96,71,98,48,33,18,82,65,81,21,40,6,98,27,36,57,13,83,82,72,45,45,22,87,18,46,52,58,1,21,3,20,49,66,56,27,55,48,59,84,81,19,43,90,10,52,83,23,25,90,20,48,84,50,73,1,38,73,30,51,99,35,39,20,54,77,69,85,54,35,17,94,64,96,20,57,85,99,76,9,51,82,77,25,24,32,26,41,10,70,57,30,97,41,57,41,43,76,73,32
107,54,48,30,95,31,87,25,20,94,31,42,73,53,54,94,97,28,37,74,74,20,16,40,71,40,32,48,24,87,22,95,90,5,70,30,93,25,17,45,9,45,43,17,67,39,81,12,33,15,41,72,94,52,67,63,43,88,82,79,30,69,8,55,35,32,36,23,76,53,48,87,10,22,72,63,79,1,32,83,86,32,56,79,96,77,93,62,52,49,39,66,5,26,58,1,74,86,42,88,8,54,38,39,84,54,91,20,86,20,90,53,4,75,27,13,77,2,90,89,93,52,97,57,8,12,14,29,47,55,9,19,16,72,88,69,73,23,6,75,22,21,55,79,95,66,64,24,57,67,2,28,5,98,38,29,9,76,22,76,61,27,63,59,96,92,27,25,30,76,68,90,19,31,12,6,4,49,1,94,30,93,94,78,30,36,17,54,66,89,61,86,71,79,6,20,38,24,19,21,28,97,66,45,60,60,17,47,33,10,20,58,22,66,37,80,65,54,73,25,20,81,92,64,19,22,21,18,62,42,18,44,77,50,46,31,51,50,46,63,85,4,93,93,94,43,26,47,19,56,94,91,40,17,83,80,56,67,21,31,92,22,92,39,29,14,17,93,22,83,38,16,63,61,76,79,15,4,41,65,9,29,77,86,22,48,58,33,33,56,28,28,15,56,94,52,93,61,33,15,86,13,62,52,65,66,16,57,15,84,82,72,5,7,83,79,77,20,35,7,79,69,29,73,97,14,43,5,30,62,33,33,72,90,45,5,3,83,98,60,99,38,16,45,1,63,97,34,80,78,86,66,3,45,30,64,55,33,15,96,38,79,94,24,79,36,39,43,15,7,11,28,43,4,38,62,60,89,42,33,36,83,29,72,6,19,2,33,33,11,39,80,43,13,66,94,17,68,88,92,42
108,61,14,97,16,65,1,59,15,97,64,67,59,51,71,44,48,60,90,34,34,1,18,97,90,83,68,23,88,60,46,6,60,60,22,58,70,91,89,87,80,6,49,67,71,58,11,94,83,78,3,38,85,94,43,83,85,28,18,44,38,1,10,64,4,43,92,23,49,21,97,3,12,51,6,65,87,99,92,61,26,43,54,99,70,12,19,75,32,82,14,24,37,97,45,60,35,67,68,95,85,94,79,96,71,74,19,84,29,36,50,42,36,30,50,46,60,77,45,75,61,45,99,33,12,65,7,22,91,79,65,41,97,25,95,19,7,8,23,69,28,26,88,11,3,33,61,29,90,29,69,91,2,54,64,79,44,51,16,40,21,70,62,35,97,92,10,86,25,55,16,9,7,84,17,30,47,60,69,6,15,88,90,84,62,52,44,21,74,22,27,76,1,7,68,32,49,5,61,60,84,96,39,75,23,62,88,21,29,11,70,16,40,99,55,65,70,19,17,30,97,68,43,93,24,12,93,49,85,29,47,43,25,99,18,96,11,41,27,49,32,47,17,54,63,39,77,2,77,18,86,15,81,20,11,90,61,3,9,32,85,46,22,22,42,11,61,54,9,49,17,46,93,96,72,4,2,88,35,88,54,10,36,11,71,51,25,95,13,69,77,38,28,9,24,58,83,15,20,13,57,82,99,74,59,3,5,36,56,2,14,38,39,70,58,25,16,49,85,47,22,49,67,28,29,95,80,85,7,19,42,35,64,1,65,95,81,84,13,90,1,59,88,18,57,83,96,83,99,7,41,66,22,80,32,4,27,50,62,97,78,60,14,26,62,69,49,61,69,19,79,4,89,32,77,52,67,76,70,16,90,76,87,88,80,26,85,14,52,94,6,58,13,24,51,11,63,39,6,16,27
109,57,64,81,24,4,30,58,72,56,82,29,42,47,7,52,20,36,72,23,81,52,70,71,80,49,12,35,91,10,80,11,19,10,27,41,33,10,45,52,15,32,16,76,56,71,38,8,73,35,68,61,58,11,87,92,57,36,99,37,91,15,19,30,99,9,74,45,19,62,13,91,2,54,10,78,97,38,69,87,46,70,64,83,68,23,69,47,82,15,92,31,21,80,20,95,21,57,71,96,50,94,62,37,96,59,57,51,37,54,91,90,70,84,3,37,19,79,20,17,11,42,19,9,80,49,65,75,80,6,63,80,47,21,49,39,87,86,93,27,72,56,72,79,28,87,33,58,78,26,28,37,75,83,77,79,53,66,56,92,12,67,51,79,10,95,88,87,76,14,47,73,20,66,71,99,21,50,15,85,19,61,96,93,57,33,97,36,29,19,22,51,31,9,94,53,33,29,22,69,19,17,49,90,87,43,25,82,85,59,88,60,67,43,73,93,36,51,4,94,39,94,52,23,17,53,37,28,59,27,28,4,37,39,9,90,69,46,24,68,77,24,92,86,71,39,73,8,24,62,12,67,29,9,36,91,36,54,54,73,10,89,66,5,59,73,33,52,66,54,77,16,3,23,59,16,12,28,71,85,50,83,5,17,15,26,20,30,65,47,54,85,91,26,34,43,14,16,29,98,68,74,19,68,55,85,29,28,92,48,54,6,79,40,91,25,72,9,40,39,61,67,61,96,63,63,8,98,86,15,26,58,27,81,69,28,46,36,78,79,27,50,89,60,70,93,88,69,77,54,71,8,31,78,52,23,89,15,38,9,3,19,92,53,1,47,58,8,46,1,4,83,19,64,78,20,21,19,93,56,70,82,71,84,6,55,23,60,20,89,95,39,29,32,53,8,2,35,47,53,75
110,20,18,88,2,41,60,74,10,63,82,86,71,92,73,15,33,22,49,59,24,66,95,28,75,20,37,43,52,75,8,65,84,63,7,6,67,14,79,75,45,31,88,35,22,19,75,33,6,48,90,63,22,96,41,65,75,46,75,20,77,16,37,64,18,4,7,81,25,64,91,40,49,37,9,71,89,71,80,64,36,15,51,11,11,68,48,38,59,74,39,28,19,83,87,95,92,8,51,99,15,68,23,65,9,72,39,25,79,36,57,53,24,86,14,46,99,61,9,80,34,38,53,8,17,41,14,57,31,63,65,64,4,29,79,95,56,28,33,78,96,61,65,91,32,42,84,25,3,8,62,58,76,86,86,44,89,48,26,63,30,13,24,89,41,2,56,15,94,79,20,4,80,20,42,16,69,27,18,93,73,92,7,70,42,50,11,4,67,32,17,20,65,25,88,52,13,81,32,90,48,85,74,7,26,22,40,31,68,24,95,38,2,13,63,49,94,43,24,29,82,81,80,43,81,74,42,23,19,74,82,12,85,59,7,96,7,72,85,65,81,35,45,8,19,72,79,40,33,87,62,29,85,41,52,68,68,18,30,66,97,89,20,85,68,49,22,54,82,83,53,27,21,13,1,63,72,97,61,70,44,36,82,73,94,2,65,93,42,16,25,99,62,67,94,59,89,85,14,63,73,8,7,77,35,52,58,33,17,2,86,9,10,84,45,88,81,67,74,42,57,68,86,2,29,66,39,69,6,67,95,96,48,23,8,35,22,59,30,47,18,7,77,44,92,64,64,45,94,61,29,30,1,7,25,78,8,60,86,79,81,44,20,86,62,30,91,53,76,67,1,82,17,1,61,19,50,83,86,81,56,58,9,52,9,21,91,8,24,9,64,68,61,3,70,27,97,95,18,4,26
111,26,8,54,40,64,57,15,47,79,15,46,77,17,14,93,40,48,13,34,22,67,41,57,20,25,10,58,58,27,8,41,77,31,10,93,11,88,63,58,1,63,57,41,30,39,57,69,36,96,24,60,30,51,1,58,19,95,31,19,30,42,96,83,79,37,87,85,32,27,36,36,83,7,90,60,92,22,85,1,82,49,94,41,17,89,28,79,76,3,55,5,85,6,58,92,81,29,48,94,67,12,70,81,10,48,86,67,39,36,65,18,53,43,31,53,46,25,73,73,14,25,21,94,96,69,74,7,3,96,58,94,42,72,13,68,95,23,52,80,65,96,25,77,10,89,98,94,61,69,67,14,37,5,18,50,65,25,87,24,34,44,63,74,16,29,33,83,62,96,26,71,57,91,50,83,41,22,92,4,45,2,6,61,23,59,14,13,44,49,59,87,86,23,19,69,80,50,81,22,76,38,12,83,74,84,97,38,47,27,91,70,26,39,65,68,84,99,1,62,88,70,35,58,94,59,80,72,97,78,12,86,64,24,63,31,26,40,63,6,67,6,69,14,91,58,71,19,91,34,86,44,71,12,30,58,30,86,65,58,34,81,56,65,74,77,84,63,28,38,49,40,75,75,68,83,68,35,62,95,54,1,29,97,80,35,98,42,68,28,16,24,82,95,57,22,99,99,57,22,19,13,5,81,54,59,12,38,45,7,31,45,18,53,20,84,24,60,39,98,33,50,37,93,77,85,74,49,35,45,84,88,31,18,68,74,67,31,61,94,70,19,56,34,39,73,54,24,15,52,92,68,14,78,2,62,89,66,23,96,66,17,90,26,81,29,70,71,78,46,2,80,85,90,62,64,1,13,5,21,2,84,10,68,75,41,28,48,17,75,8,21,22,39,49,1,33,52,25,42,96
112,83,59,43,71,31,90,36,53,84,13,80,32,24,15,51,15,59,31,17,63,35,89,6,75,65,5,87,19,46,22,55,20,69,43,90,34,17,61,49,73,33,39,21,79,27,67,69,23,50,73,18,76,14,98,99,49,86,68,36,12,76,46,64,9,4,80,19,88,16,7,55,57,48,46,84,65,69,77,89,69,7,25,10,19,78,26,43,13,23,2,41,64,51,82,81,53,50,68,91,89,75,94,61,62,79,97,30,45,68,44,57,27,20,82,11,2,87,22,2,68,14,79,39,22,73,72,28,89,73,87,71,99,5,35,26,59,77,51,61,63,95,26,3,12,90,94,55,58,52,73,71,7,58,33,37,46,34,90,26,2,86,93,99,13,37,98,45,32,75,5,31,21,14,92,49,17,89,60,52,58,58,81,5,8,16,33,35,42,2,84,9,33,31,52,91,33,89,19,81,56,98,39,26,35,1,4,54,97,55,22,49,66,7,48,45,47,76,44,22,26,59,25,94,9,53,31,6,83,57,41,42,29,90,90,33,68,83,72,90,31,26,82,38,84,55,68,72,17,37,88,34,42,3,99,44,5,38,52,55,56,47,25,78,65,35,4,76,10,59,46,40,83,55,50,90,6,11,33,30,72,86,5,75,64,50,38,16,41,32,31,30,32,49,37,4,72,88,61,41,43,7,5,33,14,58,52,3,70,82,31,31,66,42,74,93,36,58,97,77,12,23,31,73,18,11,55,69,58,41,15,58,65,99,69,16,8,55,94,61,1,11,99,56,31,1,83,4,43,64,19,41,52,94,95,51,64,41,52,74,83,39,98,33,1,15,63,29,40,64,32,43,11,35,77,63,42,31,28,94,56,41,24,25,67,53,54,30,73,70,4,53,28,32,18,50,61,39,21,57,80
113,74,84,50,67,56,99,99,14,56,20,3,19,92,7,29,24,29,68,85,74,33,80,29,55,92,30,62,66,76,50,58,22,8,8,21,29,66,91,35,60,5,68,23,1,74,37,86,33,94,32,42,42,68,51,59,23,79,75,26,33,53,25,52,73,78,8,33,37,26,57,24,31,58,36,11,17,26,52,28,42,36,36,98,3,14,48,38,28,99,51,68,55,51,56,13,44,92,55,33,22,13,57,23,96,4,52,98,94,73,89,50,82,87,97,15,39,83,91,27,43,52,47,28,72,37,96,32,8,56,56,71,70,94,93,22,28,17,98,51,86,71,54,96,50,45,46,16,53,74,23,97,25,40,34,59,8,9,45,92,19,39,69,13,77,21,34,12,73,44,23,75,19,31,57,63,5,44,31,36,23,41,80,27,93,36,96,46,77,33,44,34,95,99,55,92,23,41,34,81,42,11,69,10,32,26,28,85,17,36,7,5,36,3,30,64,63,95,13,48,1,92,2,52,99,40,99,2,79,66,87,54,25,6,74,1,3,73,42,28,8,73,45,29,4,31,25,79,90,32,23,54,58,9,31,18,48,80,77,11,10,78,89,6,56,31,80,15,46,24,60,64,49,66,46,55,90,18,60,81,88,30,64,77,72,37,9,89,36,77,20,38,37,73,7,23,84,63,99,84,60,36,21,75,10,42,9,85,29,11,2,53,7,68,74,56,98,92,54,10,48,76,65,91,4,99,88,70,60,20,5,28,13,19,7,78,56,24,79,13,79,93,59,56,88,82,61,6,3,20,44,43,46,6,51,32,27,38,59,54,17,64,64,10,25,55,41,2,20,23,40,67,52,9,50,51,89,6,82,14,17,45,40,90,6,48,88,53,26,7,84,95,96,4,17,1,20,82,24,24,65
114,36,12,12,67,31,4,72,34,52,83,13,16,40,22,7,80,11,26,57,18,77,31,93,72,39,53,72,41,61,4,45,49,1,26,69,70,50,77,11,28,29,37,33,45,32,34,61,20,37,94,80,34,11,73,50,65,12,40,13,39,73,12,66,50,75,31,98,59,59,97,65,92,92,46,62,48,85,76,87,43,78,2,31,34,75,47,49,28,63,28,73,67,72,25,99,81,28,27,52,38,85,79,76,16,70,23,99,36,54,87,22,60,43,54,76,29,33,24,53,66,10,71,72,79,76,75,56,19,74,92,4,70,87,12,54,65,51,94,86,36,56,12,93,80,7,60,52,54,81,47,32,17,73,68,52,14,49,35,7,40,97,44,86,72,48,13,18,64,98,74,96,26,32,94,76,43,41,24,89,58,25,15,24,66,23,88,48,62,40,83,12,41,81,42,6,50,7,73,98,5,95,85,27,35,87,91,60,72,70,30,41,42,78,8,45,8,13,23,29,80,80,21,22,1,79,58,62,65,20,32,25,16,68,55,1,17,7,60,48,50,59,48,66,81,28,22,90,38,8,60,5,96,3,23,85,93,31,50,76,60,9,99,93,20,11,84,41,63,39,42,34,5,21,96,89,35,77,10,4,77,91,5,60,2,12,3,91,46,19,37,51,54,76,75,83,66,58,38,2,80,89,23,99,93,17,20,3,59,83,17,67,15,89,90,32,78,98,78,5,44,79,30,65,91,8,99,75,28,52,40,7,81,32,26,3,38,37,20,62,92,97,69,23,72,13,1,41,72,62,33,91,75,54,87,71,40,12,1,90,12,6,26,86,20,42,43,32,51,47,68,40,61,3,41,39,59,61,98,50,53,25,88,13,30,27,57,47,25,86,21,64,44,57,25,32,15,79,91,57,90
115,72,39,18,65,33,88,26,86,2,72,5,8,86,49,11,96,63,52,23,10,5,33,92,51,68,37,31,92,44,71,1,98,46,51,28,70,30,26,51,45,34,14,16,19,15,95,88,79,45,74,59,97,32,23,95,73,40,86,29,73,83,69,51,90,23,28,25,52,50,5,20,25,6,42,24,34,38,77,99,47,79,92,90,62,10,51,80,18,32,71,81,82,2,79,92,14,4,37,87,42,13,76,60,6,4,34,90,77,10,36,92,87,2,63,2,24,25,96,43,55,45,7,92,35,23,41,42,77,27,35,80,36,77,1,88,85,61,60,61,16,3,80,23,41,10,88,44,76,77,1,88,97,94,67,90,43,39,59,1,15,4,92,66,85,26,92,20,62,51,8,10,59,93,95,5,93,34,65,45,31,70,61,43,46,44,29,74,94,22,51,92,28,62,24,92,27,19,93,14,38,15,88,73,9,70,71,1,53,66,66,88,52,54,28,95,3,14,61,29,35,8,70,67,48,33,90,47,1,83,56,87,9,23,95,7,71,77,40,90,60,82,74,15,87,59,30,81,59,85,84,92,3,25,47,98,7,19,66,83,24,34,42,48,64,12,93,98,25,78,44,40,75,38,5,20,87,51,60,53,61,85,80,53,45,75,56,68,13,56,88,99,60,15,59,85,26,73,24,40,82,30,98,59,62,54,38,90,3,30,43,75,86,57,7,77,37,68,75,40,82,55,50,13,17,19,7,44,50,20,57,40,64,25,22,86,81,20,61,55,97,25,6,29,51,52,41,2,94,79,74,82,80,21,31,38,6,72,1,23,15,88,90,70,96,15,5,98,88,54,1,24,65,92,84,21,72,24,18,28,7,66,74,27,79,83,97,48,62,57,82,96,45,23,66,91,80,85,32,26,92
116,73,16,91,97,51,32,80,40,50,94,72,98,18,73,11,55,4,97,31,31,74,23,76,86,36,82,16,99,99,12,23,72,91,47,27,33,68,93,75,89,23,18,73,77,48,36,49,67,17,84,78,95,73,70,34,21,3,84,76,14,21,18,17,53,93,67,53,73,7,96,36,53,70,53,1,22,26,58,70,10,30,74,30,64,63,97,80,4,70,47,50,34,89,88,10,69,69,79,59,27,20,95,67,91,26,93,26,42,91,78,17,9,5,4,93,22,11,8,38,7,12,5,9,26,93,68,75,61,57,72,29,99,79,89,52,74,95,8,38,20,98,32,45,87,97,21,11,25,79,42,70,87,73,5,27,83,73,78,31,19,93,24,44,23,19,64,2,20,83,1,53,91,47,3,58,57,49,32,71,39,8,68,91,29,94,44,55,95,38,33,62,15,65,48,42,71,30,90,62,56,35,92,9,11,92,51,45,82,16,50,50,21,70,58,59,73,47,66,80,80,63,34,42,99,27,23,9,33,77,97,12,14,96,57,17,86,95,8,17,38,33,88,55,53,4,3,83,6,68,7,27,87,17,38,62,28,23,87,11,91,5,96,57,49,93,78,4,98,30,19,54,54,73,60,76,5,65,37,79,12,72,77,9,98,52,67,70,78,52,56,98,5,3,95,46,3,88,39,76,11,32,17,53,66,42,34,94,91,71,67,96,65,41,12,44,88,79,36,78,65,65,64,85,23,63,95,2,76,23,21,30,27,44,58,1,74,85,93,79,60,70,10,70,17,20,56,23,82,98,7,58,63,61,45,97,38,94,28,93,76,7,85,55,99,95,10,61,87,6,48,49,40,26,92,35,39,74,76,92,87,32,15,74,39,77,78,27,58,30,49,22,92,69,57,4,91,73,54,86,74
117,68,60,35,85,45,52,1,65,25,84,36,96,37,10,61,27,33,69,66,19,26,52,97,30,72,61,24,75,65,7,15,5,48,5,26,91,25,71,80,57,88,88,64,29,75,60,28,83,1,59,78,54,96,22,15,4,44,94,16,44,38,93,21,98,25,48,86,5,70,18,53,67,94,3,70,65,44,63,62,81,75,52,54,37,57,54,98,56,28,17,80,89,4,44,4,26,84,16,47,82,49,14,89,46,46,56,59,29,89,55,40,59,38,44,39,47,88,91,24,48,17,98,18,98,14,30,42,94,67,43,49,48,56,31,25,38,36,5,6,21,39,29,75,56,10,12,73,69,95,60,17,3,63,99,63,73,70,48,36,39,66,42,1,37,77,42,78,58,13,34,94,65,35,61,79,76,6,93,1,11,95,49,43,95,43,55,65,35,92,88,95,6,34,62,77,32,10,71,20,19,47,76,86,90,37,57,86,24,11,38,57,58,31,81,83,65,29,62,38,13,43,4,3,55,34,84,58,19,20,33,93,39,73,28,70,25,99,11,86,16,95,35,34,97,3,15,54,36,49,6,56,3,36,54,3,74,69,96,76,54,25,19,91,50,60,77,13,11,19,23,47,26,35,67,94,22,66,54,65,66,18,58,11,2,31,86,47,54,24,97,30,39,58,20,37,62,67,37,20,95,99,90,39,66,53,97,3,17,84,19,95,55,51,78,8,36,45,78,12,28,72,53,4,96,32,93,12,80,93,31,64,63,92,34,49,79,78,14,63,63,35,77,69,58,99,48,73,63,17,43,11,48,88,74,33,69,33,49,75,59,2,75,95,95,20,58,88,94,53,39,66,71,36,59,57,50,20,35,95,96,41,31,68,44,93,56,83,96,22,62,14,73,52,61,91,91,73,76,22,79
118,70,93,15,11,54,76,89,41,48,44,59,72,44,7,6,87,26,5,59,60,26,78,37,65,43,96,89,27,93,81,11,44,15,64,87,26,4,54,96,96,58,58,47,4,48,70,76,3,34,53,61,79,70,83,18,10,89,3,85,54,14,51,43,73,41,51,13,40,36,20,4,46,39,59,92,53,96,34,79,55,15,2,1,49,48,14,63,9,11,54,17,25,88,68,23,90,37,15,66,16,46,65,93,70,87,78,5,74,47,95,29,46,66,26,29,79,41,6,83,79,95,11,49,32,53,34,61,67,97,22,21,55,65,50,68,68,14,42,11,30,21,26,25,62,75,40,42,25,78,97,97,6,65,94,28,12,51,50,61,62,62,58,23,46,68,47,20,85,64,39,72,37,7,65,56,55,8,32,84,40,91,30,45,8,99,92,6,54,83,16,66,2,57,43,20,44,17,57,16,53,25,53,65,93,84,32,65,81,68,93,89,66,23,3,13,73,19,28,85,89,25,84,71,12,96,14,44,12,70,90,29,34,91,10,83,71,11,76,27,55,70,79,21,93,94,62,63,2,19,29,78,81,39,17,25,11,41,43,47,92,61,89,25,3,85,45,25,25,84,99,42,46,42,75,75,41,77,8,72,70,30,96,93,89,44,32,65,97,5,56,46,77,21,73,57,35,6,67,7,60,86,65,12,38,89,6,64,52,60,80,63,8,95,10,92,98,89,61,25,33,24,56,92,81,45,56,19,6,12,67,91,24,32,2,43,59,46,51,98,7,35,68,7,94,16,54,24,74,95,55,61,81,27,5,54,51,81,65,93,82,84,15,51,44,42,26,77,96,51,70,70,10,67,31,80,93,69,10,44,18,19,47,9,75,54,91,90,8,55,87,15,12,80,96,43,41,76,86,13,91
119,45,36,87,48,3,78,95,28,85,57,50,42,57,90,32,39,27,88,59,64,10,10,74,26,3,35,62,87,51,16,73,59,61,86,96,95,90,90,47,25,7,98,27,90,90,72,17,75,95,54,12,56,53,86,79,38,28,55,78,33,6,32,13,74,34,44,15,79,4,64,95,97,45,38,41,49,95,81,73,14,62,34,93,32,88,89,10,42,69,42,38,84,51,9,31,21,87,36,78,62,34,46,49,67,23,43,22,89,81,97,95,68,48,77,73,14,26,92,47,93,17,17,23,97,12,15,4,65,6,17,92,17,95,95,25,48,13,27,75,99,54,88,12,99,55,49,18,65,14,90,54,9,11,57,33,63,4,43,47,34,10,72,34,86,2,31,40,96,90,7,82,58,57,60,74,68,93,3,72,16,77,87,48,89,40,36,86,77,55,29,7,99,96,2,17,40,96,54,96,82,37,2,50,56,46,41,39,90,37,96,8,82,97,38,90,64,42,35,67,40,60,71,22,90,4,18,45,20,21,26,54,78,33,75,29,98,65,19,40,71,4,62,85,56,96,82,31,38,18,99,13,24,60,67,7,76,77,53,41,69,75,46,15,36,12,3,89,33,14,69,67,13,47,31,29,46,51,78,5,94,25,76,38,39,61,65,73,62,96,85,69,33,58,43,73,29,48,34,70,39,81,20,56,18,18,97,44,46,73,38,8,6,39,12,99,58,81,19,41,53,54,53,61,66,67,73,65,88,81,50,76,54,52,5,74,12,43,54,32,25,19,9,28,19,3,98,85,46,18,99,55,60,92,76,40,65,61,50,86,85,70,97,39,25,77,89,66,91,39,60,78,44,60,97,91,29,67,46,77,90,89,32,63,27,47,79,46,9,86,43,39,43,98,76,87,2,28,58,15,42
120,85,34,46,14,87,73,3,46,85,43,3,11,52,63,63,85,92,11,64,63,24,58,35,40,47,79,9,18,13,70,25,97,43,64,7,63,3,7,37,49,92,91,79,2,80,97,60,26,2,58,69,8,43,4,27,95,47,17,1,3,51,40,97,9,76,12,45,50,93,66,47,4,42,57,78,99,3,1,36,36,25,36,19,70,87,89,57,2,67,35,71,27,51,31,56,35,95,46,89,4,66,4,35,99,33,73,99,56,4,37,71,35,77,21,67,84,38,4,76,63,96,96,8,68,7,30,87,44,98,48,23,69,68,34,86,60,4,8,40,84,71,54,34,59,94,77,29,60,4,30,58,39,63,17,77,99,23,30,97,98,90,33,24,53,86,36,2,68,18,20,70,83,93,11,29,39,49,4,80,96,39,12,12,21,60,23,28,20,87,20,60,77,64,50,84,51,83,77,19,38,23,9,16,93,9,45,41,13,86,67,75,98,3,87,9,85,12,60,59,86,44,60,60,18,80,64,6,23,24,53,26,73,35,29,45,72,35,5,51,54,11,7,73,6,66,15,70,71,11,61,93,89,24,72,77,18,51,84,78,40,5,71,76,84,23,82,80,15,62,19,93,68,56,1,57,23,35,38,73,78,1,32,76,98,58,48,97,17,25,71,23,85,83,50,74,16,18,51,50,91,5,71,8,37,26,83,6,10,38,71,93,73,74,72,15,53,69,75,97,20,2,90,40,28,76,41,6,31,66,12,54,82,44,61,61,82,64,6,43,42,49,96,4,18,96,99,29,74,33,33,48,44,47,17,67,27,15,12,16,93,16,64,30,59,5,14,80,98,67,22,52,93,56,60,48,61,21,50,25,81,87,48,92,12,60,31,12,3,61,37,42,68,77,44,42,28,40,77,2,8
121,58,71,10,95,30,59,51,92,77,82,15,21,15,32,50,7,61,67,95,50,94,11,91,26,47,95,17,70,8,38,3,31,91,25,90,66,69,80,50,48,94,29,24,5,83,91,97,60,30,62,23,72,75,53,41,47,28,38,39,40,45,7,23,46,4,91,75,16,45,49,75,91,48,4,60,5,43,78,95,36,17,68,14,21,42,32,56,40,16,46,98,61,13,13,34,48,20,20,69,44,85,90,50,76,23,71,98,27,10,66,26,18,20,52,12,77,17,81,12,14,30,6,36,94,15,67,51,66,80,93,85,14,19,10,92,63,30,49,67,72,77,44,5,70,19,44,39,36,87,11,23,96,8,48,2,65,6,26,16,13,94,34,65,24,57,10,90,91,62,91,46,6,25,17,10,58,88,3,6,25,68,11,37,39,88,99,39,31,20,59,30,96,87,17,58,59,60,47,3,18,82,59,33,21,80,12,54,26,12,57,27,32,26,80,28,45,84,3,13,35,17,89,13,94,14,83,48,70,43,87,24,69,23,25,69,22,41,86,57,62,5,4,63,19,35,72,53,22,56,58,71,79,95,42,39,50,66,52,39,32,98,12,26,35,25,70,74,29,36,76,50,86,19,47,76,18,62,74,67,86,6,35,14,43,7,37,49,30,47,19,68,52,57,77,42,28,55,45,21,28,52,39,57,68,76,11,50,96,65,6,78,88,16,94,22,72,76,69,35,70,6,18,51,67,83,74,66,45,49,44,45,36,38,56,26,52,35,79,80,47,62,51,96,86,18,72,29,30,72,87,31,52,78,60,87,32,81,93,3,28,16,99,39,26,76,95,53,73,2,13,87,28,46,58,63,19,93,87,49,12,63,20,60,98,28,20,53,49,47,32,95,54,54,42,21,13,77,54,16,36
122,47,15,51,30,5,68,41,3,73,58,24,91,71,48,49,42,31,74,72,45,9,56,49,81,15,81,23,18,84,16,5,51,56,96,33,98,6,18,47,78,98,68,24,5,37,94,68,53,29,63,81,80,29,57,98,23,62,30,74,86,4,99,58,61,9,88,67,30,2,81,29,32,67,52,61,34,67,28,99,9,94,23,30,19,86,88,53,41,54,38,97,81,99,45,98,33,67,45,87,59,89,99,37,29,50,12,75,66,91,73,87,51,48,24,1,28,37,85,12,94,54,4,59,87,49,85,41,12,39,13,68,34,87,58,70,55,93,52,71,58,44,74,67,4,47,71,42,31,8,85,51,69,34,26,23,29,87,12,25,5,26,66,98,51,23,6,80,75,98,28,52,31,75,24,22,42,45,63,69,29,57,36,81,3,44,98,54,81,79,25,87,11,77,5,55,80,90,33,19,22,83,23,82,95,29,31,89,3,76,41,51,92,58,64,12,74,42,3,67,27,12,75,80,91,75,25,28,39,45,32,98,4,98,23,36,11,97,60,27,76,24,56,72,40,4,63,31,49,33,77,78,50,90,44,34,10,67,38,73,22,69,22,78,70,46,83,22,6,47,6,56,85,74,58,60,67,12,52,21,33,54,76,1,46,76,2,34,86,39,44,12,95,11,68,69,92,63,47,84,61,31,23,31,72,40,45,20,31,4,10,66,70,20,15,81,78,33,53,11,54,89,95,43,32,64,6,31,12,84,45,5,74,36,52,13,28,99,58,92,35,7,90,76,36,88,31,43,4,1,60,16,83,33,86,43,62,39,24,26,5,74,65,67,6,55,11,91,16,62,79,74,20,91,89,73,92,68,1,85,15,10,33,78,22,19,78,17,8,37,4,1,32,59,26,84,12,49,23,52,79
123,16,13,21,44,43,63,5,38,35,54,31,53,5,46,15,99,75,71,25,89,7,97,99,57,26,79,44,67,22,65,19,47,50,85,25,49,78,8,20,49,15,62,99,33,45,46,10,93,9,58,86,10,61,13,12,65,9,64,41,60,62,33,19,26,32,67,33,80,96,87,27,68,62,74,61,60,69,48,48,36,16,13,23,59,29,49,67,21,35,90,28,23,11,29,43,95,12,47,61,68,9,11,29,86,70,7,48,16,84,44,48,37,12,37,30,41,96,93,71,11,87,14,54,31,99,66,14,1,22,17,39,95,82,95,21,51,74,5,89,47,87,68,79,88,62,63,54,96,1,79,90,62,93,71,34,75,45,7,2,47,54,5,39,33,4,92,67,91,38,17,17,11,48,92,55,48,17,70,77,96,29,87,45,2,2,56,29,21,80,34,75,26,82,40,8,22,27,50,39,29,97,33,21,55,3,66,12,32,96,90,64,42,8,55,9,94,26,69,37,44,85,30,35,83,10,17,63,7,98,77,9,11,14,65,3,30,94,66,11,2,41,48,97,7,72,73,60,51,87,68,84,10,6,64,55,17,96,20,36,61,56,26,96,48,10,63,87,28,43,30,33,77,80,45,57,67,33,58,89,86,59,65,16,76,82,8,1,80,68,39,75,8,31,23,85,34,68,40,86,31,65,7,63,94,26,3,26,69,41,74,87,73,24,16,50,90,74,1,3,62,14,67,4,5,20,48,17,26,13,60,78,61,48,85,51,66,89,94,11,36,16,92,53,38,10,55,64,73,75,51,38,66,85,3,47,69,69,93,40,17,92,40,18,22,4,80,10,53,67,74,69,67,14,15,85,2,66,42,89,51,66,83,13,9,20,99,32,55,35,85,98,17,36,22,78,48,23,79,6,52
124,62,56,74,6,24,88,71,91,40,94,22,10,33,83,97,29,91,89,97,53,41,33,56,44,59,75,40,8,80,45,6,42,49,43,11,87,20,57,36,61,16,74,54,40,82,22,98,91,3,73,38,80,27,12,36,18,79,98,73,87,16,71,92,17,86,63,68,85,65,35,50,25,56,5,39,82,18,23,83,82,26,60,30,87,97,53,10,76,10,94,50,27,89,63,94,64,67,80,92,21,13,46,19,84,11,58,66,26,83,21,93,43,12,13,1,82,13,57,20,15,10,70,47,58,97,41,80,80,29,87,57,6,94,72,68,95,84,57,54,71,69,50,8,68,76,9,88,98,64,99,48,17,90,50,81,6,59,78,33,3,95,25,6,11,27,46,62,64,89,98,13,91,18,34,65,51,17,16,78,3,78,93,13,73,57,51,75,70,5,12,73,70,19,39,42,29,33,3,32,99,58,80,2,84,76,83,53,42,47,17,93,33,93,92,78,38,49,46,20,76,26,8,31,29,83,73,34,38,25,5,70,47,87,91,80,80,55,93,89,24,72,11,63,87,88,30,66,39,74,71,9,82,81,24,45,62,86,81,86,55,7,92,48,78,93,40,1,64,74,64,12,73,2,94,15,30,19,64,33,33,19,68,33,99,85,28,79,29,10,3,5,33,17,49,69,54,8,74,9,56,59,47,80,19,16,49,9,29,93,60,14,64,92,95,82,80,22,12,7,27,72,69,74,59,24,43,2,88,72,1,23,9,59,37,62,90,88,25,22,52,98,14,39,77,77,39,87,53,7,55,49,84,24,34,32,57,90,5,88,54,98,72,73,78,49,7,32,89,93,66,90,38,88,24,81,6,57,20,56,16,7,87,30,51,38,68,63,60,2,25,41,82,79,62,49,63,77,38,93,62
125,44,2,54,76,4,90,68,39,58,11,38,68,41,86,98,67,7,70,68,16,83,1,34,13,34,57,30,34,13,45,80,80,28,52,33,34,28,97,73,60,76,40,8,41,53,58,31,41,39,98,69,35,47,9,88,83,74,41,56,8,82,60,47,42,58,48,54,22,10,59,8,62,17,72,97,90,57,54,59,60,15,7,29,23,18,22,62,9,4,22,53,91,71,21,87,18,81,80,69,12,79,37,40,68,22,96,70,27,44,65,60,11,46,7,87,43,2,39,38,97,54,41,74,60,42,14,95,75,91,46,67,54,61,84,37,23,37,43,62,85,10,20,83,40,6,68,43,29,47,1,11,37,32,25,14,57,4,55,94,38,49,64,41,70,11,44,35,17,46,76,21,36,69,11,46,90,57,26,17,16,78,94,76,11,40,84,69,97,95,76,66,4,10,3,79,35,29,79,5,98,84,77,14,6,70,29,69,4,93,50,74,65,47,89,37,47,33,17,45,35,8,39,61,29,72,79,46,83,76,62,57,70,3,50,63,95,83,29,61,75,59,87,47,65,93,95,68,35,8,44,54,22,98,26,32,75,10,59,27,79,80,94,66,61,10,68,92,64,66,40,20,42,81,14,35,74,97,54,36,10,61,37,87,27,46,50,61,28,51,40,55,58,12,35,36,52,62,39,7,67,78,78,33,35,25,26,13,73,71,34,53,49,44,42,23,61,50,10,39,37,16,95,72,39,8,11,12,72,65,86,28,7,94,77,10,9,6,13,23,12,89,13,85,20,76,18,5,68,74,26,79,54,11,74,72,7,59,76,45,50,33,59,72,12,94,3,87,7,12,72,93,68,24,93,78,17,83,11,32,65,43,22,65,72,85,35,40,12,82,47,23,49,33,5,83,19,34,17,35,56
126,70,3,73,18,17,78,29,3,35,84,38,43,3,71,74,72,91,77,57,32,20,47,80,38,74,37,46,92,78,85,99,12,47,1,68,55,32,62,12,59,76,7,32,64,92,31,89,18,28,80,14,46,65,80,84,58,64,68,33,95,12,13,55,27,78,97,69,92,28,77,74,75,81,54,47,52,10,14,83,84,53,88,54,44,5,28,41,18,60,37,74,5,30,23,46,26,37,84,96,10,65,30,31,76,63,64,68,40,16,96,86,12,19,82,82,79,20,5,38,78,68,76,60,81,79,67,64,73,5,82,5,78,42,46,72,8,48,79,66,2,41,37,65,71,7,29,55,69,25,62,20,55,41,4,99,55,30,35,4,46,30,97,59,33,86,26,35,40,59,79,1,55,39,47,71,80,28,89,2,26,75,59,66,72,77,8,57,45,39,79,91,30,70,37,21,61,46,81,91,18,68,8,49,78,52,53,75,14,11,20,39,12,25,12,31,5,47,22,78,90,71,72,75,96,55,16,63,46,79,67,36,41,90,79,17,77,50,78,9,63,16,52,60,81,89,44,89,74,71,40,12,96,42,19,68,42,43,15,42,33,59,45,56,66,18,58,53,75,4,26,43,40,10,1,6,81,5,8,23,43,20,70,24,5,42,28,20,57,80,3,21,29,53,52,22,57,49,12,59,68,7,32,88,43,40,76,91,86,79,6,17,94,16,92,37,85,12,89,73,7,7,15,59,9,13,53,71,67,40,41,72,90,24,76,70,87,24,31,69,56,22,44,20,98,47,83,80,70,48,55,88,44,44,52,30,72,60,21,41,45,75,56,81,74,79,43,60,24,11,58,53,14,98,84,29,86,12,22,65,35,52,49,77,35,33,12,4,72,87,97,27,97,74,23,7,21,76,67,34,60
127,13,32,90,46,14,17,68,62,93,37,19,86,72,70,47,4,45,61,12,17,13,87,55,39,36,29,11,82,66,72,56,79,63,54,20,59,31,21,21,88,99,91,18,38,67,1,9,43,5,55,30,1,88,3,40,49,12,97,94,34,36,21,93,54,1,41,85,24,58,28,81,75,90,18,62,81,24,58,30,87,83,48,59,54,21,33,44,99,84,33,46,95,76,30,67,33,7,58,47,30,48,5,42,58,10,79,11,54,6,68,37,90,14,16,18,73,24,93,61,76,70,39,26,34,28,89,90,8,23,78,63,12,6,41,98,34,50,63,58,35,34,55,71,7,25,97,20,89,57,1,11,3,59,32,28,27,24,11,83,41,81,16,20,21,50,31,38,85,60,51,80,36,74,66,61,35,20,40,46,50,91,45,61,88,24,83,81,33,44,11,33,41,22,12,59,18,38,2,48,83,50,19,53,50,88,48,59,50,16,49,33,78,60,2,50,41,85,7,29,61,1,49,64,75,97,96,94,19,6,86,58,82,36,64,67,99,68,71,51,60,10,19,20,2,40,26,91,80,79,68,71,83,49,77,79,99,50,98,8,41,84,72,66,17,85,60,78,79,61,65,62,93,65,17,25,11,8,50,17,3,70,95,82,89,5,35,43,57,46,65,21,83,90,42,84,45,7,89,78,4,96,47,49,97,41,46,35,88,22,69,71,45,10,56,14,98,71,67,28,1,78,40,86,26,39,12,71,51,33,33,78,5,88,29,92,47,59,88,30,16,84,39,64,60,53,11,79,12,2,68,7,35,87,62,45,1,53,38,86,55,3,54,48,13,94,46,42,66,76,77,42,11,16,63,39,21,68,33,44,19,19,32,21,95,3,45,30,99,2,60,63,81,62,97,28,13,24,41,64,58
128,94,19,33,95,24,43,17,36,18,42,64,53,26,7,69,9,78,1,33,30,14,26,18,95,51,87,26,17,85,93,50,38,14,92,55,57,98,30,4,28,79,61,30,20,58,48,99,73,95,48,37,87,50,37,21,77,19,34,17,12,6,61,27,97,76,25,59,52,75,21,7,9,47,94,76,32,62,83,14,17,78,6,69,32,87,48,51,79,24,37,75,58,65,16,8,73,5,36,14,41,8,92,42,97,23,5,58,29,90,34,31,18,64,37,23,86,19,99,58,73,60,53,72,79,28,10,55,58,9,29,77,26,27,53,82,63,65,45,55,52,20,26,15,42,11,50,55,88,4,17,11,62,36,74,79,33,86,59,5,82,15,47,52,23,85,35,32,42,63,83,65,56,95,70,7,91,71,45,69,14,18,50,64,81,26,48,10,39,88,82,85,48,86,70,9,40,91,5,81,1,23,13,38,47,43,19,72,28,11,34,55,23,19,77,89,9,87,52,14,13,62,79,36,48,45,60,44,87,74,7,71,1,23,61,56,43,2,41,32,22,46,59,99,19,60,17,29,68,29,88,2,84,51,24,96,33,21,53,50,79,26,9,68,63,41,71,33,25,79,36,71,88,67,39,40,31,24,16,59,15,59,82,8,66,11,23,51,33,46,50,77,12,85,68,6,64,16,70,55,2,47,3,31,96,36,30,82,97,85,88,35,81,91,83,84,80,89,41,19,78,1,69,28,22,79,92,83,88,1,80,64,98,67,77,51,91,55,88,67,37,71,13,27,50,70,12,16,28,18,58,36,54,10,61,71,68,3,13,86,98,49,81,20,65,29,61,77,73,95,40,34,56,87,99,84,10,66,65,28,40,3,35,86,32,89,90,37,33,16,8,96,77,32,76,86,81,84,11,18,13
129,12,32,84,58,81,20,79,36,46,22,91,9,78,46,49,67,75,17,85,45,8,68,47,15,42,70,77,37,5,17,74,59,8,60,19,4,54,80,61,56,15,9,1,71,94,49,66,4,8,69,83,88,88,40,78,15,28,95,57,34,36,6,8,46,95,81,22,49,17,45,60,36,56,99,99,57,41,33,72,95,99,92,79,45,26,52,12,43,24,96,5,60,33,26,89,65,82,75,72,73,81,75,11,77,20,58,50,66,9,57,26,39,36,34,24,44,8,32,75,34,67,47,74,18,19,30,45,34,60,64,44,57,35,92,35,54,57,6,68,77,13,33,79,87,86,22,38,45,49,82,93,50,27,71,43,78,52,34,81,25,56,66,28,9,22,82,91,72,59,80,72,80,47,10,3,78,62,45,87,80,32,25,56,18,16,74,70,38,56,13,91,26,64,85,60,36,64,10,62,24,21,21,78,51,49,14,31,30,94,98,39,21,93,89,60,49,50,54,23,16,5,57,28,93,41,53,61,42,8,49,51,79,92,31,29,11,53,88,48,96,18,23,43,38,88,82,84,39,69,34,67,35,83,25,86,93,2,93,50,40,58,45,65,79,20,12,23,2,88,69,8,55,1,62,3,11,2,7,63,91,54,78,57,23,6,60,12,93,28,55,77,91,64,43,97,91,38,73,78,14,23,99,43,74,25,59,94,28,17,33,15,88,86,53,15,49,21,9,20,8,70,97,69,59,48,47,47,55,30,85,30,56,14,44,63,18,5,79,94,42,4,45,71,58,61,77,2,16,7,78,35,40,31,71,58,58,29,91,26,94,29,12,47,12,26,39,78,6,4,70,3,13,83,23,38,72,93,13,29,63,23,62,35,20,4,67,25,34,70,88,33,11,45,40,54,92,30,54,1,46
130,20,43,76,21,26,21,95,24,83,25,55,83,42,68,82,19,42,97,85,40,67,84,31,62,28,92,41,88,98,16,36,4,72,30,69,76,7,6,72,11,33,18,95,22,4,67,2,32,78,89,85,43,69,51,10,2,69,69,35,7,24,31,35,70,90,5,40,62,45,38,20,80,69,79,4,61,14,82,1,83,35,53,21,91,96,53,22,37,13,20,81,4,59,95,16,65,99,64,34,91,55,9,91,35,93,46,86,7,9,79,13,94,55,19,93,39,1,53,68,45,95,43,70,18,20,33,40,31,7,9,87,43,18,7,90,56,89,83,48,21,33,21,32,91,29,19,70,82,30,40,92,45,8,84,44,33,13,11,85,87,98,7,2,85,29,76,31,7,60,66,51,66,57,10,85,31,77,22,69,21,10,60,35,73,94,56,18,17,50,2,40,50,31,70,73,28,83,99,65,69,75,12,29,32,36,26,57,76,32,65,75,86,53,91,14,94,37,33,96,62,65,59,70,45,58,95,28,66,31,21,19,44,55,78,68,73,65,44,46,44,65,67,83,57,97,86,66,77,77,20,84,80,12,75,16,77,75,5,99,5,1,56,92,23,21,53,79,4,73,41,23,15,29,5,97,21,85,30,20,45,63,36,9,76,72,95,29,99,36,97,64,40,23,3,34,20,54,28,47,94,22,2,56,58,51,15,8,13,17,63,65,78,43,28,88,73,67,95,98,73,4,75,93,26,67,77,44,90,16,6,29,71,46,77,68,12,70,51,38,40,19,95,40,13,20,73,24,85,58,37,62,93,81,15,68,5,90,32,28,65,65,1,1,28,13,55,22,97,99,5,15,39,44,94,85,61,84,78,24,31,1,25,88,41,35,21,8,22,31,92,70,82,53,25,19,97,67,53,87,55
131,40,4,24,33,2,52,16,78,98,30,81,18,5,46,41,17,25,1,66,44,69,29,54,35,28,4,86,29,63,91,32,54,66,30,63,59,83,80,90,44,96,41,33,30,54,54,66,83,82,7,32,84,29,42,70,72,56,16,39,52,59,45,72,70,41,90,46,94,59,75,64,49,5,12,63,71,50,46,49,92,24,54,6,50,1,55,8,59,66,92,29,84,50,36,34,21,64,20,50,98,7,79,85,57,66,99,55,22,41,9,99,31,59,77,34,60,19,92,56,89,73,16,60,51,83,10,18,94,5,15,12,31,29,5,26,28,47,47,26,16,46,51,29,37,29,24,33,26,73,77,34,79,53,35,79,91,27,10,21,35,49,21,8,87,36,54,55,54,14,18,84,70,61,41,48,44,47,18,73,55,79,4,72,81,92,41,49,90,29,89,95,52,23,60,9,78,10,53,8,34,53,98,26,99,32,52,45,9,36,85,84,87,84,90,1,46,33,61,30,6,91,45,96,4,54,31,59,18,64,80,6,32,30,46,41,68,88,34,60,12,29,39,10,37,3,12,64,29,18,16,66,72,19,48,63,90,1,16,38,31,59,56,39,13,33,94,58,11,79,37,31,28,72,39,4,25,87,41,36,50,86,48,15,65,71,51,22,86,9,66,90,68,47,86,46,76,94,47,9,48,13,85,69,79,36,47,20,9,57,8,63,86,22,46,96,21,86,8,79,34,4,49,47,59,67,64,20,34,74,36,22,85,13,35,9,12,95,88,14,18,55,47,68,56,69,93,85,89,14,83,93,70,55,23,55,47,41,39,84,97,70,63,82,2,49,48,31,54,69,65,85,47,60,79,90,54,74,48,80,38,67,8,46,72,94,77,65,28,21,17,4,81,27,98,15,39,57,32,68,85
132,89,59,68,54,2,16,10,78,15,26,42,48,94,25,91,89,79,72,20,57,14,58,54,54,5,65,66,5,77,68,96,30,29,34,44,42,87,64,65,70,77,25,13,95,32,24,96,78,91,60,46,39,96,75,4,82,74,32,24,28,90,52,58,24,35,99,12,53,71,92,49,82,97,85,5,4,6,95,92,60,18,5,82,91,93,35,31,34,87,75,36,68,83,54,69,49,74,54,25,56,65,25,77,89,24,29,84,54,12,20,11,28,44,64,53,82,11,26,30,29,71,72,92,86,34,92,84,53,63,6,45,61,30,73,73,37,88,60,55,93,78,69,13,97,49,33,77,46,69,59,86,68,9,52,86,65,54,79,12,9,86,48,98,60,88,79,96,3,3,19,83,14,36,57,40,79,6,87,21,35,36,53,88,41,57,27,92,3,23,89,7,88,34,52,68,95,45,31,25,53,95,17,86,3,17,45,71,5,7,61,26,69,89,65,98,29,1,40,3,53,97,11,49,27,3,32,16,98,99,20,44,61,51,35,30,60,51,96,83,96,61,3,38,97,7,33,64,27,8,43,43,46,88,43,94,84,49,39,48,24,14,61,37,32,10,52,72,1,88,94,68,59,52,37,77,27,47,28,80,26,21,28,43,3,41,10,29,30,27,17,39,59,51,55,15,29,33,6,63,33,70,50,80,42,13,60,46,79,95,5,99,20,43,30,72,85,33,88,39,97,6,62,39,71,25,33,64,12,71,6,79,6,70,72,25,64,65,24,13,6,54,20,70,80,26,47,88,79,75,81,51,73,63,47,47,79,73,30,36,84,72,54,4,47,54,33,36,96,99,91,89,28,75,48,98,71,53,72,46,37,64,24,18,2,54,45,67,83,14,99,72,2,70,95,23,94,32,86,85,96
133,10,34,29,3,5,6,1,25,12,71,78,23,29,26,95,98,5,50,47,10,86,48,45,43,21,2,12,97,94,25,22,32,66,69,17,61,31,22,95,27,58,88,52,77,79,99,66,94,71,85,35,15,46,32,35,8,84,25,24,18,89,39,23,75,12,43,12,28,90,58,53,50,82,82,96,34,80,24,79,26,86,88,1,44,17,23,93,60,66,99,56,2,1,29,51,36,79,72,16,68,83,89,68,66,13,39,11,62,69,12,5,9,81,68,95,3,41,30,2,9,63,58,13,51,66,77,95,84,79,37,94,78,27,39,39,25,99,15,84,12,75,44,86,85,79,84,20,3,39,44,94,81,61,41,50,91,45,74,65,1,45,43,91,41,34,47,57,43,70,37,65,17,23,19,82,16,57,48,4,75,14,15,69,81,61,99,80,51,48,51,15,35,26,84,51,1,52,93,14,49,47,71,43,5,14,36,82,13,10,83,25,24,29,63,99,70,36,59,59,98,64,39,94,31,37,48,31,71,95,15,3,70,82,13,73,53,9,28,38,74,22,49,22,72,88,52,30,61,94,85,88,93,77,55,78,54,22,36,8,69,78,36,22,86,12,89,3,25,18,70,53,27,22,35,30,70,94,70,66,60,72,77,4,37,76,21,38,75,7,56,89,65,74,31,27,33,14,53,50,94,68,74,79,24,75,17,77,23,64,9,3,5,79,53,4,45,52,16,49,36,14,25,19,34,39,60,76,68,52,63,14,75,22,54,22,86,72,2,67,44,27,66,59,82,85,28,15,54,27,55,71,93,67,88,9,58,59,12,89,30,50,15,54,89,46,59,75,39,62,43,64,80,72,91,5,91,25,87,16,53,98,47,67,78,38,26,70,9,93,27,18,90,67,99,38,54,25,94,19,77
134,32,77,79,96,18,19,62,9,51,81,86,32,6,21,96,93,45,90,47,55,75,24,68,62,63,26,78,99,95,65,65,12,11,65,67,23,16,85,50,37,80,96,79,38,73,40,41,47,82,21,35,73,12,26,46,4,53,13,85,94,81,97,62,71,4,94,35,19,33,22,71,17,51,62,40,66,74,68,68,59,90,15,61,74,34,39,68,85,97,66,9,5,18,75,48,7,66,47,15,42,91,97,91,14,37,91,65,53,68,74,40,28,28,89,51,78,15,81,76,32,94,27,65,85,90,12,67,49,39,79,19,4,21,97,34,74,75,99,20,74,66,87,71,5,43,53,18,91,54,25,18,33,9,6,2,8,81,9,18,24,44,28,99,74,12,2,12,73,21,20,82,58,40,93,75,77,87,92,69,45,48,44,99,17,4,97,25,51,79,47,49,50,52,21,98,57,33,6,42,28,82,55,45,4,35,20,34,69,32,91,6,83,99,51,65,16,24,93,69,62,58,20,55,76,96,43,56,12,70,22,66,23,40,50,10,59,68,15,21,4,50,97,32,47,20,26,65,77,94,76,60,83,8,5,65,61,15,22,98,50,88,45,42,91,26,25,97,79,47,31,55,4,80,89,20,84,61,12,61,99,24,52,1,81,78,89,44,89,61,75,41,3,51,41,8,63,31,77,77,60,52,34,47,46,16,66,48,48,88,17,5,26,74,43,89,10,18,96,95,53,98,89,93,11,8,7,49,21,59,9,84,25,93,75,18,95,87,43,94,41,9,3,81,4,77,40,58,69,81,5,82,49,66,59,3,9,92,64,79,13,18,10,12,55,92,89,95,62,55,37,51,23,1,20,42,53,96,94,45,10,53,6,11,5,2,23,8,83,62,63,25,75,42,87,31,64,73,49,14,55
135,17,38,59,97,34,2,12,96,15,8,36,49,61,57,75,51,84,85,92,24,46,44,93,61,38,9,44,29,23,80,22,9,77,64,48,28,40,91,45,60,87,16,91,34,97,73,37,51,74,29,77,91,78,15,10,81,29,2,79,30,59,90,18,71,1,79,51,57,6,22,14,22,98,23,34,4,54,94,5,33,77,77,11,88,48,27,93,39,71,78,16,44,36,85,12,68,77,45,15,61,72,7,44,26,85,66,23,20,72,42,94,45,91,92,27,17,24,50,82,92,12,15,41,62,62,80,97,14,68,55,69,4,70,11,98,42,3,12,37,22,91,32,10,15,89,12,29,77,18,2,96,40,83,34,12,93,85,46,36,89,19,19,6,10,12,62,90,19,20,60,36,4,33,42,7,13,88,60,67,39,28,5,80,53,21,85,12,53,2,37,43,27,97,21,91,97,39,63,77,7,42,70,72,61,63,90,35,19,5,70,93,53,76,92,8,94,27,96,90,59,92,65,72,81,54,58,43,1,32,78,57,44,67,3,59,26,7,52,96,89,96,71,55,58,76,86,44,38,70,29,35,23,97,48,65,74,15,50,35,26,83,44,37,82,40,63,42,48,43,61,98,96,10,29,36,40,77,54,52,62,56,25,34,60,12,19,83,72,21,66,97,95,27,26,95,16,2,96,56,23,72,85,85,3,65,69,31,86,91,59,22,13,34,15,42,5,5,93,29,28,25,25,57,6,87,22,36,22,25,87,24,12,62,1,70,61,98,47,46,51,94,97,78,64,55,87,96,10,40,26,8,46,22,41,59,63,4,50,28,34,11,78,73,15,89,24,28,90,1,80,55,57,1,78,44,92,79,18,39,8,37,38,99,97,55,71,37,89,37,10,79,75,98,29,63,76,67,10,12,43
136,8,40,92,67,8,2,55,46,34,88,71,14,4,83,94,44,77,59,78,67,15,7,28,28,32,78,16,93,77,83,51,20,26,21,49,4,27,65,50,85,83,75,66,18,85,50,41,52,29,39,24,51,35,13,44,66,47,57,84,22,16,45,65,43,21,28,63,15,17,75,35,12,73,58,8,72,95,25,39,93,72,25,57,21,81,25,9,37,61,68,19,88,61,91,8,42,91,23,77,23,15,6,24,70,56,74,90,2,76,56,89,69,85,39,4,98,92,86,45,78,62,20,87,2,20,34,89,84,7,74,68,31,31,21,77,82,42,96,27,57,28,22,52,72,32,43,83,29,69,51,71,44,82,62,86,55,20,97,47,69,15,38,31,41,20,50,39,9,5,93,41,10,98,95,81,68,48,35,81,67,69,18,66,10,85,43,32,28,20,44,41,29,82,54,85,17,48,28,96,14,16,90,9,99,60,96,19,24,21,57,59,74,50,78,11,55,20,73,45,87,19,29,93,51,18,10,67,32,99,57,66,81,13,65,78,74,97,96,43,44,23,39,14,63,19,56,30,60,25,95,13,39,57,35,51,85,65,94,47,93,73,22,44,31,97,74,24,16,60,77,5,30,31,5,3,25,96,87,67,60,94,27,22,25,60,73,3,91,76,76,30,59,50,51,37,68,91,17,94,67,91,53,30,18,4,72,28,4,95,22,44,21,79,88,10,47,18,93,66,95,21,38,56,26,45,96,49,84,38,5,24,83,76,43,80,84,73,52,78,84,75,85,97,6,27,2,55,93,6,84,88,62,44,67,34,59,3,62,60,79,42,16,63,5,6,26,77,45,86,99,96,62,69,35,99,49,61,20,90,64,74,12,28,62,78,87,45,64,14,45,20,5,4,75,80,62,52,42,9,40
137,32,29,61,21,66,94,62,38,10,74,23,5,98,61,31,83,67,24,93,81,61,76,79,1,89,57,62,86,70,90,40,48,3,65,62,93,55,29,18,16,70,42,41,87,44,84,57,54,48,43,29,75,22,69,19,33,11,30,73,26,99,73,17,68,67,13,71,54,10,40,81,85,9,24,32,88,79,36,77,79,81,72,28,98,11,84,63,66,82,28,83,58,37,5,86,64,88,93,75,53,21,55,82,80,57,99,47,36,73,5,96,41,36,6,90,27,80,40,17,84,17,94,82,40,5,51,86,78,7,43,93,71,95,22,81,99,88,64,42,87,7,52,98,95,98,52,10,22,68,25,87,53,7,91,7,18,46,42,55,75,20,64,30,1,20,11,13,75,81,20,37,77,97,72,20,51,25,76,63,54,77,37,88,45,53,92,40,7,9,76,43,89,71,8,54,28,89,91,44,26,49,85,79,62,91,69,32,7,71,79,67,66,78,11,21,46,91,56,48,91,5,8,10,81,68,26,8,93,41,8,54,13,88,59,13,47,98,91,95,21,2,7,11,55,34,67,44,3,59,43,14,88,77,59,45,85,93,98,19,75,74,8,39,13,18,39,12,20,75,55,26,39,31,5,10,71,66,5,47,58,87,44,7,27,57,4,95,40,62,45,36,24,10,27,82,1,98,50,55,16,24,16,67,81,86,5,33,13,37,12,81,39,41,89,59,91,11,45,31,4,66,54,50,7,48,13,92,55,15,78,53,25,51,24,77,24,3,70,29,39,79,11,72,39,39,66,57,82,31,13,45,30,46,52,11,10,26,1,19,94,3,86,26,33,86,95,20,68,60,83,10,68,19,1,28,28,32,34,93,71,15,36,37,29,62,19,61,27,62,65,59,92,93,56,33,2,13,38,85,96
138,29,86,11,24,3,12,65,80,20,32,78,19,63,55,11,12,32,5,37,51,27,96,60,63,35,8,32,3,33,60,87,30,72,19,99,14,24,64,13,58,91,37,3,23,61,54,2,53,56,70,75,43,96,73,91,9,71,63,49,57,67,86,29,77,62,62,32,7,29,29,92,2,45,15,68,53,15,46,17,11,91,76,76,45,88,72,84,23,71,31,48,61,69,47,58,29,16,55,7,53,96,85,61,51,46,34,50,13,84,14,99,44,48,19,7,72,38,85,83,90,78,43,88,47,61,71,44,64,8,15,28,63,73,11,19,74,30,69,1,99,69,63,9,71,49,17,96,1,84,25,49,74,28,84,58,44,89,37,57,6,55,89,91,1,42,1,93,21,56,50,52,32,11,97,17,4,60,75,36,22,29,70,15,60,39,17,76,33,80,84,42,15,47,49,58,28,48,29,35,77,94,88,26,82,5,78,25,33,86,86,80,4,24,22,85,37,34,53,35,29,57,93,38,86,13,84,14,44,42,20,73,55,60,49,98,77,60,11,70,21,64,17,38,75,94,86,94,34,6,53,55,87,35,77,18,21,33,81,22,83,75,86,64,71,27,74,81,13,51,42,98,70,61,3,71,37,71,6,89,69,8,55,38,13,31,89,47,31,15,52,13,92,10,53,35,13,2,20,57,86,84,9,55,38,5,69,70,71,87,91,57,87,58,97,28,59,12,42,94,15,57,95,38,16,53,4,18,54,17,84,34,87,9,48,30,85,56,47,50,89,80,53,38,65,72,57,15,71,34,14,80,56,35,15,82,37,18,40,80,52,90,25,67,40,61,96,7,71,11,34,47,55,37,23,22,15,29,90,53,22,45,68,82,50,89,8,14,50,43,2,20,81,32,72,75,86,66,38,44,19
139,31,47,26,32,98,28,53,89,80,60,39,19,68,43,29,88,30,38,39,88,85,7,92,91,92,1,26,96,4,80,1,50,97,58,28,23,23,41,35,36,86,21,78,71,39,75,75,20,21,20,8,82,5,11,5,25,39,70,6,96,21,58,69,46,85,8,55,23,28,74,34,78,63,19,27,33,54,34,89,32,49,4,66,42,39,87,23,7,29,88,58,66,44,11,1,1,50,49,24,30,77,33,78,95,44,98,45,29,69,84,86,10,31,59,35,82,93,11,17,52,17,93,96,67,59,25,34,59,27,98,29,26,49,84,93,17,43,90,77,62,40,40,82,94,70,53,49,32,34,98,88,97,48,71,72,86,51,93,8,10,98,19,62,94,79,87,81,95,22,88,32,63,52,22,82,15,45,97,83,71,61,14,2,57,31,10,46,78,37,86,55,43,66,67,54,77,32,40,15,22,99,85,79,64,65,18,20,45,98,10,90,71,42,77,19,6,11,44,85,59,73,94,34,2,75,67,47,80,8,96,85,64,93,66,93,50,46,50,80,32,83,52,95,14,68,87,15,4,68,57,17,57,74,87,78,30,29,7,72,35,44,9,10,87,8,52,42,81,41,88,30,44,26,21,74,82,27,4,5,90,7,11,33,9,71,66,3,66,1,68,47,16,98,82,27,31,95,44,69,25,40,78,74,49,55,18,30,57,71,98,48,84,4,19,43,15,58,71,25,57,62,25,80,49,63,82,24,93,37,54,78,39,12,45,21,30,36,93,79,83,34,83,30,6,80,49,19,97,28,7,26,13,54,33,56,41,28,11,78,94,72,25,31,70,19,58,9,40,41,56,69,99,37,27,12,30,82,98,47,11,19,12,36,74,29,90,55,4,75,45,67,34,8,90,89,35,72,13,62,99
140,14,60,80,13,70,96,32,29,89,54,85,88,85,50,41,85,69,35,23,46,6,94,75,35,22,88,1,76,85,73,17,95,52,98,82,55,3,75,56,15,9,32,27,22,17,71,10,94,92,58,11,73,38,63,31,64,24,89,95,46,54,4,56,66,84,59,29,87,12,13,72,14,14,60,59,78,19,79,4,79,53,53,68,82,74,75,37,33,24,68,99,13,3,74,10,5,10,62,80,59,77,60,20,30,8,25,43,62,30,4,33,2,87,69,93,33,99,7,99,83,15,30,13,25,67,84,51,78,15,27,1,60,73,12,75,64,65,20,61,82,10,4,91,87,56,37,27,20,18,52,31,75,98,83,10,66,87,47,51,45,71,73,59,9,12,32,95,84,44,85,66,2,7,3,7,93,91,38,28,66,34,80,49,76,48,98,86,72,92,16,33,31,44,72,96,35,85,37,46,37,54,4,16,57,8,89,32,50,90,68,62,41,90,80,98,24,57,7,3,26,81,12,81,38,44,37,12,82,43,67,15,74,2,15,72,94,32,97,59,8,6,51,32,65,6,64,7,11,69,72,94,29,82,92,42,4,93,60,1,60,47,67,14,29,54,72,85,2,8,54,37,28,23,66,83,2,85,54,69,12,51,6,70,49,98,19,36,81,4,91,1,14,84,56,34,82,25,48,76,6,94,71,94,70,4,78,84,18,74,10,85,54,55,61,12,65,74,49,44,88,24,75,32,52,45,72,69,12,55,57,23,12,96,13,36,85,93,75,55,19,12,49,20,4,53,58,1,13,78,46,75,67,21,56,69,86,84,21,2,52,6,96,53,14,22,10,54,57,92,8,36,49,97,43,3,90,12,93,87,60,81,77,68,27,73,37,66,65,49,25,28,78,21,98,77,38,88,28,83,80
141,4,41,78,46,88,18,53,30,68,18,66,16,67,55,94,83,82,44,42,99,34,15,21,23,52,59,99,35,57,4,41,91,16,37,96,1,39,99,28,21,23,68,67,39,79,59,33,80,76,57,90,84,84,97,36,32,64,42,73,77,9,94,99,55,94,36,82,59,26,94,36,35,86,41,52,48,72,3,17,97,57,3,86,50,22,46,53,8,50,30,98,40,76,55,91,28,59,17,81,48,62,28,47,18,62,67,40,71,39,49,34,68,79,45,73,8,79,65,81,74,83,15,37,45,34,51,43,31,71,43,40,8,93,87,4,50,19,10,6,84,30,65,34,50,49,81,62,11,63,56,37,63,16,74,65,4,58,16,38,93,24,90,69,99,39,11,86,82,20,66,85,13,86,43,40,25,38,38,66,22,69,3,92,92,71,17,91,2,11,70,21,72,82,73,12,15,88,13,5,11,89,39,21,41,39,29,7,6,22,25,51,90,84,14,74,97,43,5,23,44,15,18,9,13,59,43,93,76,38,10,32,51,14,56,33,69,61,4,17,48,20,32,63,59,68,83,63,58,32,99,92,15,77,64,30,89,76,12,93,42,43,14,44,83,21,7,60,55,64,18,14,19,60,95,9,64,59,17,93,88,43,10,1,53,79,13,6,98,57,79,26,3,18,4,34,26,49,18,83,2,51,58,31,12,94,65,12,37,59,33,56,4,1,26,55,66,63,77,80,13,71,33,19,51,11,26,38,94,66,89,74,28,97,14,93,9,52,38,99,92,96,37,64,93,69,49,92,66,78,44,29,99,53,43,93,15,12,42,98,21,23,15,45,65,74,6,78,87,22,60,78,54,21,32,29,52,66,24,44,15,21,66,65,19,85,43,3,69,21,61,63,74,30,52,41,35,48,15,97,58
142,79,22,21,34,22,12,63,93,2,14,98,10,9,74,85,3,69,94,11,30,88,97,26,7,67,10,36,50,35,96,59,50,43,94,48,74,64,42,13,38,31,13,82,57,10,24,44,95,90,68,51,57,30,85,75,38,29,16,26,91,53,13,3,48,11,20,32,60,1,57,36,9,45,13,69,44,86,52,28,54,62,7,51,78,9,49,85,20,17,16,92,6,88,99,48,26,31,80,86,57,50,85,15,58,94,98,39,68,99,24,77,35,2,88,60,49,46,35,11,35,74,94,43,1,34,43,68,33,80,32,20,99,28,96,67,72,53,59,30,12,91,92,85,74,85,82,27,76,11,13,84,81,70,52,39,11,58,92,5,46,1,97,1,63,38,78,86,83,13,37,50,25,28,47,75,3,59,49,11,64,6,37,1,43,99,86,30,67,67,63,53,43,3,75,44,86,54,73,17,34,40,97,80,92,83,84,71,86,49,37,94,59,34,61,59,22,2,81,29,43,32,6,65,53,90,18,77,76,53,14,70,46,84,66,96,7,42,26,89,86,30,13,1,80,7,63,8,71,1,76,58,76,61,78,24,81,45,81,16,28,34,39,58,55,28,14,57,1,76,42,77,56,49,90,25,28,22,20,46,85,27,16,31,41,39,34,10,60,60,18,10,9,20,94,78,67,30,84,54,34,71,72,60,2,99,38,70,14,95,30,5,8,59,32,32,85,80,54,46,1,72,18,27,30,98,50,41,47,40,69,99,72,58,28,67,75,71,37,42,26,23,54,24,38,51,57,65,15,35,43,5,24,5,66,54,52,26,86,15,72,1,62,87,83,38,89,61,60,26,75,49,84,31,21,91,35,28,78,63,49,2,62,91,29,28,75,24,59,15,81,10,33,34,75,72,99,36,43,26,26
143,50,44,64,11,49,18,8,93,39,85,60,97,79,26,43,79,32,86,72,44,32,10,8,99,32,57,65,43,82,87,50,36,45,81,54,46,50,18,81,6,93,84,28,17,27,6,81,89,3,73,16,5,50,31,25,49,92,75,60,20,54,98,78,71,14,61,65,65,4,95,32,11,15,42,62,75,3,34,46,1,60,41,78,86,4,71,16,53,71,39,5,53,20,80,7,79,15,98,16,51,1,4,39,13,12,43,16,37,58,1,1,3,89,36,78,25,46,77,65,70,28,17,62,38,72,23,92,90,1,89,32,67,1,44,38,52,72,83,96,40,98,5,59,55,92,65,53,24,27,28,42,17,89,19,18,28,95,50,86,50,95,81,5,48,81,43,49,87,74,96,45,31,20,37,33,59,31,57,59,42,22,73,90,47,39,89,22,55,54,67,78,66,7,15,50,35,26,46,8,65,34,20,97,71,31,18,66,17,5,75,60,73,75,85,20,50,48,95,90,37,42,31,66,65,91,99,51,64,13,27,21,51,73,29,2,16,14,43,2,54,60,8,70,70,39,54,93,95,58,52,5,24,45,67,98,9,7,70,40,79,3,32,23,77,2,10,64,29,4,88,35,49,79,84,50,78,68,89,48,4,38,31,68,7,34,8,21,67,43,48,98,81,86,44,4,71,90,54,80,62,14,32,96,7,73,84,39,34,43,81,70,76,60,28,72,65,88,47,97,45,21,86,54,78,77,66,37,10,19,60,34,65,47,32,3,84,77,29,92,46,58,74,29,33,6,32,48,8,49,60,40,64,67,6,21,14,60,73,71,64,25,48,26,31,18,49,25,11,92,91,86,16,26,74,26,49,58,73,81,20,52,78,64,28,71,8,96,74,99,91,95,75,71,50,96,80,36,81,66,7
144,90,93,47,33,99,93,46,59,86,21,24,98,72,72,81,11,34,16,18,29,59,71,78,23,5,55,57,99,25,33,51,68,75,46,81,14,17,77,98,12,97,14,86,92,64,4,80,8,53,65,2,43,26,25,27,79,55,24,38,6,40,76,5,5,19,63,44,16,77,11,60,88,33,70,73,10,59,3,88,96,94,77,31,78,98,10,33,99,50,8,37,99,95,48,25,36,85,24,1,86,69,2,85,39,55,41,89,7,91,30,91,43,95,79,90,42,60,76,49,60,91,57,11,33,34,13,54,74,94,69,14,92,84,46,8,38,64,77,10,54,88,68,23,19,20,60,67,97,20,68,52,78,59,2,98,97,47,96,17,70,56,40,84,74,61,99,81,28,81,8,15,88,95,35,97,19,91,37,61,67,13,75,4,14,5,43,64,74,85,66,79,71,73,44,43,78,97,28,12,15,39,46,92,25,12,60,87,83,97,68,31,16,59,30,84,51,83,48,62,81,39,17,46,7,95,21,14,76,35,95,23,80,70,22,18,33,20,43,2,63,76,34,15,66,20,3,27,33,95,19,52,56,21,63,77,33,87,21,23,31,39,85,58,19,65,99,88,2,64,89,22,36,3,36,14,64,32,12,64,17,77,84,28,48,24,38,49,40,65,29,1,23,89,27,10,44,74,9,24,57,6,95,54,48,75,95,76,80,74,43,75,58,34,49,57,42,18,38,28,90,40,20,75,64,74,47,22,24,12,53,11,31,42,25,67,13,48,71,6,92,40,99,91,5,97,95,16,85,46,52,20,27,39,78,66,22,7,9,29,84,50,36,92,99,18,7,64,56,11,4,85,37,44,11,75,63,15,62,9,34,25,64,4,2,22,52,37,58,96,34,72,99,22,21,6,7,27,65,52,36
145,83,18,30,14,94,11,48,55,74,59,72,52,76,83,94,62,16,48,2,96,15,3,60,39,65,80,63,69,89,41,2,81,72,19,26,75,82,2,88,96,70,35,23,19,22,75,93,34,13,11,80,40,46,23,96,53,99,88,66,83,76,2,72,96,75,57,38,66,58,65,23,53,26,50,1,42,7,99,48,39,66,62,1,15,1,31,95,33,70,77,64,99,12,98,80,98,36,2,63,14,27,89,57,11,22,49,7,23,50,36,35,9,2,97,98,17,20,94,60,45,22,6,98,60,26,32,96,78,1,61,98,9,58,89,26,16,16,41,69,91,13,37,13,59,74,78,23,25,75,89,76,13,88,19,7,26,14,68,61,5,86,39,84,74,54,13,97,73,79,2,8,56,86,22,99,69,79,51,19,40,61,81,50,86,16,48,24,16,35,8,59,25,87,9,9,76,83,56,98,92,90,95,40,36,78,9,54,72,66,35,86,94,42,97,84,69,55,59,66,6,4,26,71,61,17,35,32,22,57,98,4,50,33,8,29,41,37,77,82,38,74,50,52,95,2,78,6,79,45,24,91,43,28,7,41,79,19,63,19,93,68,44,10,56,23,52,32,13,84,86,91,69,48,22,20,45,97,54,59,42,85,59,7,59,88,92,86,1,54,67,73,22,6,34,74,47,20,28,94,90,71,80,80,87,69,78,89,69,20,62,82,83,75,48,16,55,34,67,9,18,11,45,58,38,4,3,6,58,40,51,91,38,27,76,24,45,28,19,62,97,48,11,82,35,17,51,20,55,52,31,30,49,58,69,44,54,57,87,88,66,97,14,64,86,61,86,48,2,89,75,45,52,23,76,58,13,8,23,56,29,8,65,24,40,28,51,1,79,57,39,50,56,93,21,41,72,98,26,25,58
146,20,54,74,36,40,6,29,45,91,10,80,16,24,86,34,24,7,4,28,60,88,31,44,76,95,1,30,92,26,67,42,45,83,93,18,49,72,59,13,86,34,3,48,95,81,41,81,33,58,90,43,86,94,72,32,82,50,3,73,15,52,76,18,92,98,46,55,50,38,5,6,10,94,79,29,25,80,27,49,60,47,66,57,89,87,96,96,80,49,79,3,49,87,89,84,49,97,71,86,76,84,56,38,45,40,34,80,74,42,93,39,52,42,51,1,69,69,2,23,58,20,80,70,86,7,14,51,15,66,26,7,30,87,22,27,14,44,13,6,43,7,38,42,87,28,69,39,80,58,83,86,93,83,20,47,59,20,94,44,67,34,19,16,5,95,30,34,97,95,6,9,64,95,71,66,59,41,27,19,87,81,67,84,21,54,30,68,15,73,97,68,15,45,53,96,43,24,72,35,85,56,81,27,77,72,45,22,34,47,78,10,83,49,81,53,57,21,60,99,16,56,8,86,14,9,44,35,49,89,10,35,88,53,81,42,79,8,65,66,33,8,78,68,25,24,68,2,28,4,72,43,96,70,74,85,68,28,38,69,14,46,95,75,65,1,51,45,15,66,17,30,2,57,81,40,67,66,11,72,69,58,21,16,35,61,25,67,11,43,75,65,1,38,32,82,98,4,90,13,17,41,81,71,63,23,64,83,14,49,68,27,77,3,14,78,23,6,40,87,96,94,21,91,21,13,37,79,34,45,21,39,97,51,21,30,64,80,98,76,4,93,51,90,61,21,24,57,30,85,78,33,46,28,84,12,7,15,30,16,20,70,64,79,54,8,35,43,21,49,43,76,25,86,44,28,16,53,13,21,43,70,22,41,65,15,64,58,17,43,70,48,54,43,95,86,75,73,86,21,67
147,7,16,5,42,6,75,12,2,75,38,9,80,60,29,93,10,61,55,61,10,4,17,60,81,31,92,92,57,4,92,49,25,59,96,31,47,66,55,60,36,9,36,16,21,75,96,95,39,12,22,90,84,23,99,11,15,13,63,6,54,39,72,84,96,62,98,77,95,61,66,89,73,65,81,61,80,35,73,9,80,32,69,47,9,32,36,7,36,2,95,14,10,57,70,75,23,77,46,5,28,81,8,77,27,27,16,50,95,54,59,34,22,75,68,17,18,17,69,3,22,5,50,47,32,7,42,68,44,4,11,97,48,44,17,37,45,13,74,30,11,2,33,42,26,49,5,76,2,13,24,41,97,53,42,67,18,40,70,8,29,33,67,76,26,56,4,70,98,9,14,41,6,38,19,47,67,11,15,65,49,55,93,83,5,87,66,77,11,82,30,6,78,83,73,90,98,10,90,39,79,22,65,38,79,35,94,30,27,54,55,23,72,48,2,15,12,55,54,18,14,53,9,54,82,43,90,50,56,87,76,22,58,74,75,22,92,2,61,96,33,84,52,8,73,14,89,29,71,37,79,56,82,82,23,5,1,58,54,43,9,89,20,21,96,87,77,78,65,88,42,5,5,39,80,10,76,14,21,21,49,11,20,20,57,55,44,34,59,70,31,81,1,30,82,73,98,2,80,85,84,63,30,17,13,84,55,20,82,88,20,96,61,69,77,95,85,38,36,16,17,87,11,50,27,30,43,89,99,4,17,50,85,3,13,50,99,23,47,92,17,12,94,95,6,92,70,21,79,23,57,57,26,67,22,55,6,68,73,53,46,82,27,41,26,32,37,75,60,54,41,93,80,59,6,45,85,95,34,84,6,64,7,63,72,22,55,13,78,84,14,81,38,79,37,6,34,44,44,88,64
148,10,76,13,25,22,2,56,89,87,27,72,98,66,65,33,90,91,12,37,65,1,60,77,5,80,65,65,1,65,74,5,59,61,22,41,27,55,96,97,79,12,38,48,87,50,91,87,62,71,57,70,49,92,12,80,92,85,1,49,51,77,56,38,16,30,30,5,78,80,25,10,88,92,25,86,85,57,64,51,88,7,19,3,17,48,51,28,68,95,17,63,35,29,19,5,95,19,11,13,21,98,64,67,69,25,65,32,43,22,70,42,60,30,49,84,68,47,89,25,92,67,64,56,32,20,11,87,3,83,59,18,73,56,35,60,46,87,26,57,73,9,74,97,8,82,2,77,7,41,32,90,56,29,7,21,86,44,80,56,73,18,90,88,74,64,51,56,48,81,3,26,52,39,31,65,87,77,95,57,74,22,82,93,62,63,52,69,41,8,93,57,32,38,95,79,66,76,66,90,86,86,80,77,31,99,37,20,34,25,45,88,89,64,23,35,81,31,30,22,49,25,26,28,82,10,34,2,71,98,4,88,11,27,59,74,14,22,83,2,5,33,68,93,99,23,90,3,23,42,22,32,29,65,8,20,88,47,1,69,14,30,70,47,32,62,57,6,8,57,60,32,24,22,19,86,94,58,50,71,61,45,18,2,63,18,57,17,58,18,87,58,99,11,36,53,33,18,17,45,73,74,48,67,99,76,58,39,67,72,26,78,75,4,12,54,11,92,78,9,50,67,28,82,32,20,40,39,41,22,63,35,14,34,33,72,40,99,53,13,2,12,55,73,79,42,94,51,58,43,2,53,43,40,27,42,36,35,70,66,30,46,94,95,15,7,78,97,3,99,10,28,82,23,89,68,31,87,80,98,9,21,29,84,33,42,26,41,17,68,14,77,19,9,11,81,59,18,27,60,71
149,3,60,51,19,52,49,91,63,63,48,10,63,20,63,26,74,94,96,74,33,10,45,29,10,79,89,32,35,97,19,80,26,3,69,33,88,78,63,63,82,59,8,6,80,69,46,65,84,99,7,68,5,27,84,67,89,81,34,78,70,98,83,69,22,63,54,26,44,83,16,47,25,93,53,22,10,76,57,28,97,13,44,64,2,32,60,19,75,51,26,71,66,39,73,72,85,61,19,26,7,53,56,25,17,8,50,11,22,27,8,50,41,88,4,56,68,38,80,57,74,31,37,64,71,79,83,11,1,87,18,60,39,70,68,57,26,8,71,90,67,55,89,98,80,60,35,90,42,12,66,5,83,80,1,68,14,49,69,2,48,37,36,23,11,9,19,21,3,75,53,12,3,6,63,57,64,33,44,41,14,55,2,29,17,47,51,11,26,88,7,85,69,88,51,95,84,34,55,51,3,82,66,33,79,27,15,37,10,22,2,13,42,67,30,70,70,79,47,38,46,4,69,60,5,79,1,95,87,51,96,66,14,8,20,44,33,44,99,37,95,68,11,61,60,84,61,18,23,20,76,11,73,23,98,58,98,49,68,47,44,5,32,70,32,90,22,52,8,97,15,32,40,2,88,45,91,10,58,19,59,44,12,46,60,70,6,74,19,96,60,44,99,6,5,97,22,61,51,71,99,34,84,98,73,86,99,26,9,55,76,64,23,19,44,92,92,76,52,40,62,26,4,5,76,33,39,81,43,41,52,8,46,39,83,83,17,94,34,29,13,67,26,71,77,58,2,35,3,68,1,24,23,39,57,45,69,98,51,58,65,95,85,65,25,24,41,93,96,17,59,14,46,63,85,91,56,87,31,31,57,97,98,90,41,11,41,96,47,16,23,22,85,30,51,24,82,54,13,77,82
150,97,86,93,17,91,81,35,58,54,32,71,63,9,75,74,87,19,60,86,42,54,22,2,26,57,23,20,79,50,8,21,10,57,74,19,9,34,40,55,80,38,55,85,45,65,12,49,3,83,78,27,7,47,89,46,55,92,61,92,4,65,16,42,24,65,61,60,96,86,48,12,98,31,21,89,29,61,18,37,21,2,12,85,1,94,92,16,32,34,60,88,60,24,27,26,45,85,6,36,74,16,66,41,91,10,37,34,36,98,59,66,62,2,27,94,25,93,16,48,18,38,16,70,16,52,72,95,12,88,96,67,67,42,52,27,35,27,11,74,48,17,6,48,60,57,65,21,90,56,42,99,40,46,56,15,35,98,78,20,71,98,34,24,98,53,7,34,49,64,19,10,2,26,81,92,59,47,82,98,77,25,54,30,18,36,20,59,69,17,59,76,36,54,71,70,44,98,59,42,72,61,80,71,30,83,74,32,75,37,93,81,2,81,49,69,97,62,23,87,78,47,58,60,14,17,63,35,62,88,74,31,17,83,84,86,93,4,68,26,67,84,32,90,15,59,91,25,24,96,15,84,22,45,51,16,88,22,53,51,55,5,35,54,63,22,8,8,24,45,10,67,48,14,71,95,69,88,73,37,92,29,52,22,99,13,36,85,36,2,78,26,40,92,81,85,5,11,36,84,59,26,80,70,60,20,45,40,82,3,15,98,45,19,39,44,33,41,49,8,44,5,74,8,78,65,33,58,59,70,32,99,8,38,82,30,64,4,60,94,95,68,27,20,19,34,13,13,45,70,24,91,14,20,14,69,15,48,96,24,86,64,33,12,22,33,25,95,66,36,64,13,14,53,66,86,22,45,63,64,86,47,83,73,22,34,8,49,75,47,5,28,78,61,98,46,94,29,88,51,97
151,75,94,76,11,87,3,52,32,25,21,79,15,40,7,62,46,20,11,2,63,31,44,92,66,38,44,60,72,84,58,90,78,84,19,30,57,46,91,18,28,77,25,31,56,23,5,53,82,71,13,27,45,16,93,94,51,77,17,7,19,85,21,14,47,9,15,48,58,25,91,8,29,28,11,93,1,30,56,83,40,18,80,60,38,23,97,83,52,92,98,1,31,9,59,66,62,40,86,63,62,45,95,83,65,34,52,26,36,11,99,54,80,13,90,6,26,61,47,63,65,72,11,7,39,13,23,17,94,87,89,86,30,57,52,52,22,90,89,8,92,66,24,47,72,3,92,44,92,62,93,82,52,60,11,12,36,79,96,34,19,91,67,66,29,6,84,4,89,38,33,30,86,84,59,48,44,88,57,41,51,51,16,95,43,63,86,8,86,64,22,98,46,91,20,62,47,6,79,27,58,54,9,82,12,26,35,12,62,90,92,22,38,69,17,34,57,95,59,1,89,48,68,32,97,44,35,76,73,85,88,67,5,44,38,47,42,1,42,8,25,69,36,89,8,9,61,52,38,2,71,22,61,9,59,13,95,45,44,62,24,9,59,32,44,53,11,46,38,24,51,14,42,2,12,11,96,48,83,64,16,26,47,31,66,40,89,11,24,54,10,92,2,55,25,10,59,76,19,79,83,9,37,97,38,26,8,77,22,39,65,20,39,97,76,8,84,26,67,67,91,15,89,2,97,32,78,62,34,96,57,8,57,22,9,15,66,46,87,96,97,49,63,32,50,35,20,86,52,16,14,52,71,20,61,38,98,91,58,68,18,43,7,80,13,15,71,72,6,49,95,36,57,39,10,48,42,12,62,87,4,60,12,21,77,85,87,65,41,79,55,8,61,6,90,80,69,88,4,35,51
152,35,13,94,36,68,29,79,19,74,4,37,83,13,56,34,55,28,34,55,51,84,98,57,88,74,38,9,9,56,86,46,34,17,29,39,21,57,81,92,4,68,87,87,33,77,76,95,41,48,57,61,18,66,93,15,71,6,19,90,6,12,91,72,41,22,99,24,95,63,29,4,44,92,73,89,61,73,48,33,61,44,15,92,22,16,17,89,46,1,57,52,27,16,36,49,79,34,99,25,8,84,69,83,4,4,11,26,55,64,12,82,99,41,10,66,82,51,77,16,85,52,20,84,58,54,56,98,33,82,69,13,52,89,92,8,30,52,70,67,99,48,60,84,26,29,50,22,16,84,71,27,27,90,42,28,37,2,45,38,86,79,75,45,99,18,84,72,95,73,74,15,77,8,68,24,39,26,31,80,75,39,29,39,2,5,61,47,55,61,52,4,67,62,37,30,21,89,22,40,66,7,35,69,45,54,47,20,75,94,30,14,80,6,25,48,21,79,56,38,63,8,12,10,25,57,72,45,79,8,62,44,64,92,39,37,95,51,33,66,30,11,14,5,38,64,41,66,75,79,60,51,53,46,47,11,67,71,40,46,26,83,88,7,20,64,20,21,97,25,61,59,24,94,66,39,83,72,20,88,18,31,66,61,73,9,71,38,58,23,86,68,58,92,77,51,49,58,83,60,87,42,48,79,64,37,13,33,19,64,30,91,56,94,24,64,54,7,66,86,29,43,71,97,81,57,28,95,38,19,35,77,71,33,32,32,63,7,80,28,49,33,64,26,17,14,33,31,73,85,19,70,33,11,19,98,9,23,51,65,74,15,44,61,81,6,70,10,91,31,28,78,22,61,76,95,94,82,77,93,84,31,67,14,21,4,34,75,19,89,82,91,10,76,65,32,76,85,90,71,22
153,17,73,37,57,6,29,87,14,46,31,97,43,56,36,80,1,85,26,73,89,83,17,66,51,88,44,14,40,65,4,99,68,9,97,78,87,97,75,11,60,34,10,45,31,13,15,86,43,38,20,88,96,22,6,39,17,32,56,18,24,61,93,22,93,82,89,20,69,13,50,37,21,79,60,5,62,22,63,5,74,27,80,13,96,93,71,83,93,86,63,65,79,33,71,60,67,56,52,49,23,86,9,21,95,50,38,1,53,57,57,6,49,4,41,49,13,75,66,16,89,83,6,40,67,34,17,38,70,49,37,56,8,26,4,74,80,63,79,10,71,59,69,38,55,14,25,5,24,59,27,50,38,42,76,54,45,92,86,52,81,27,53,87,69,84,65,43,46,51,15,17,97,12,74,1,39,52,97,87,20,20,1,49,46,36,55,78,9,40,57,13,50,53,24,72,80,40,2,81,33,30,13,52,93,26,57,4,30,54,7,68,19,83,39,13,65,88,15,16,34,47,21,97,12,65,97,66,60,66,54,87,86,23,13,27,73,98,68,42,26,53,51,44,55,83,82,83,36,86,28,68,15,26,33,15,97,9,58,34,19,77,36,79,90,6,27,41,74,94,97,39,57,96,69,55,61,42,20,72,23,29,45,35,99,89,94,57,92,46,52,82,19,24,63,23,49,29,90,17,57,54,42,62,3,70,47,33,65,51,28,69,62,94,76,26,6,22,85,16,43,33,76,49,40,31,63,71,20,24,3,81,69,88,43,96,51,77,11,58,65,74,43,43,12,49,28,24,11,84,67,78,99,84,42,43,85,62,15,56,63,87,49,59,18,56,90,2,62,84,74,18,84,75,29,42,3,12,52,64,85,70,32,77,17,46,69,81,51,8,69,36,93,37,13,41,94,82,17,50,86
154,81,90,37,5,9,19,4,30,32,38,43,62,17,93,81,63,47,70,3,70,28,33,25,48,19,43,17,59,21,31,90,6,53,91,18,20,78,63,44,54,87,29,50,74,41,45,16,47,49,28,67,26,65,15,83,57,24,56,40,11,46,37,38,69,29,38,53,54,58,13,28,40,81,40,33,95,87,58,62,26,4,35,77,65,17,73,2,92,32,24,30,12,29,65,60,7,85,18,83,78,33,37,75,36,88,23,17,64,72,94,3,86,87,68,97,24,24,34,53,36,7,53,20,81,21,36,74,30,58,56,74,92,61,77,61,54,91,7,33,16,91,48,25,59,17,48,26,95,52,67,14,59,2,88,63,93,43,20,97,53,75,75,82,69,4,33,12,62,94,28,58,2,4,66,41,68,13,79,73,46,98,24,57,35,88,94,27,34,60,64,51,50,90,8,84,72,24,39,32,29,4,78,44,49,28,81,83,89,95,52,87,31,15,4,88,86,80,14,60,8,98,9,16,41,29,77,79,71,62,11,23,10,18,20,93,65,1,44,89,61,42,16,63,95,84,27,55,7,93,82,90,83,81,59,67,77,53,75,14,62,18,46,69,99,90,24,29,83,38,15,43,51,44,94,8,74,67,62,35,71,77,76,43,22,18,50,52,57,14,82,37,55,77,97,98,83,2,27,93,59,49,18,60,54,5,10,29,86,84,86,49,93,6,10,50,28,15,73,15,24,32,91,15,51,9,37,74,61,30,52,88,82,46,86,61,47,72,74,1,84,78,36,95,21,85,85,64,9,54,90,83,43,40,95,39,90,81,83,64,91,32,4,96,71,74,20,74,64,17,28,62,44,1,41,82,24,1,17,44,4,82,91,27,95,6,47,71,28,29,81,9,20,45,10,42,83,39,44,20,1
155,29,14,89,94,13,37,64,3,74,7,73,5,54,83,4,40,97,69,65,67,14,23,93,95,65,4,63,21,71,55,93,30,60,52,95,47,66,54,65,22,12,17,86,3,45,8,34,84,34,4,59,89,44,60,37,16,59,91,42,52,68,47,19,23,46,67,19,94,58,71,79,26,93,88,45,4,93,47,36,5,43,27,11,87,84,2,13,75,55,16,48,21,64,21,86,47,32,74,25,4,30,10,58,54,18,8,8,14,15,4,20,43,23,68,43,54,88,72,43,88,6,26,1,63,58,12,16,43,81,72,26,29,21,24,12,93,3,78,62,97,74,53,68,77,56,59,55,82,25,93,56,32,33,55,2,91,18,51,9,41,58,22,46,39,16,52,69,3,91,92,39,37,55,32,47,99,84,28,18,31,29,90,2,71,17,92,67,40,77,78,71,9,53,14,58,47,60,80,55,57,30,77,12,33,52,40,17,81,68,26,78,83,81,35,16,93,10,49,83,57,64,62,55,70,90,54,67,56,39,94,55,60,85,2,29,44,6,32,10,18,12,57,2,26,39,96,50,34,81,52,48,1,39,97,64,79,16,24,31,20,13,18,59,67,16,3,49,37,42,9,91,73,81,79,93,55,12,36,9,33,52,62,47,60,4,28,96,18,57,55,68,45,11,98,14,11,93,1,44,23,49,18,30,91,21,30,98,55,1,8,40,49,57,87,85,81,10,36,37,8,56,10,30,27,51,44,35,17,12,43,82,73,77,49,75,20,47,76,47,61,34,58,82,11,46,66,36,63,73,60,97,50,6,50,95,52,14,49,95,91,11,36,6,71,38,55,5,72,44,22,74,49,98,98,4,65,93,77,22,67,48,78,35,54,48,94,12,7,5,35,61,95,60,30,80,68,86,77,99,74
156,58,12,97,81,45,89,39,93,67,94,67,19,39,53,29,98,14,19,53,26,53,41,68,16,79,3,80,58,43,3,91,65,46,51,45,56,25,10,1,68,53,56,80,20,9,32,9,49,93,1,25,49,51,44,16,12,97,6,63,55,20,52,96,48,86,37,53,87,68,93,94,31,44,90,26,18,40,61,57,51,46,8,22,55,74,30,30,23,54,69,15,97,87,53,66,47,32,53,89,46,90,1,77,54,53,39,54,95,45,96,60,53,41,28,3,67,6,55,19,33,92,93,67,60,23,53,37,22,9,69,23,10,70,44,48,66,33,66,96,47,60,30,54,43,55,34,41,45,47,5,80,94,68,45,9,31,12,12,32,32,10,54,72,99,25,38,16,59,32,30,54,49,92,93,61,32,97,15,82,22,17,8,14,33,58,33,59,92,31,89,79,45,63,85,48,57,29,65,55,70,80,9,31,90,33,4,50,42,61,78,46,50,71,19,54,7,91,28,85,44,66,98,86,16,99,83,58,76,89,97,79,30,59,73,73,62,62,69,2,62,40,45,35,53,18,24,2,32,93,33,5,75,93,56,34,29,63,86,85,8,81,54,9,78,73,30,25,83,83,41,71,42,4,89,65,63,56,25,22,89,63,67,89,86,83,65,8,75,51,28,96,64,19,82,26,17,42,15,72,29,82,44,8,44,99,49,31,40,22,18,82,98,88,32,10,51,69,47,80,7,64,30,35,58,42,28,91,57,64,52,39,21,3,43,31,83,26,7,51,70,11,56,28,88,89,98,81,20,21,36,39,75,3,91,64,73,50,86,11,63,46,46,1,85,84,74,16,82,86,41,70,17,76,87,35,11,27,75,48,89,22,8,12,3,97,31,19,96,8,37,44,16,90,13,96,35,79,47,69,46
157,61,71,43,61,43,98,50,28,3,54,5,34,54,58,78,43,19,8,21,46,94,59,34,39,77,15,81,37,95,62,65,33,25,53,31,7,96,87,9,60,39,74,26,86,2,37,99,43,11,45,42,57,73,30,4,70,58,7,17,82,76,32,11,52,61,2,9,95,2,9,70,65,70,72,83,8,65,83,76,13,69,60,46,71,39,92,94,71,98,69,15,13,37,95,16,49,96,7,62,74,48,87,7,67,86,75,16,52,49,65,49,37,82,3,50,34,61,12,73,55,81,99,43,40,13,1,48,31,9,57,12,13,51,22,46,72,12,59,38,78,70,35,7,79,12,2,4,45,8,14,80,65,76,2,35,62,51,46,56,56,74,24,8,25,9,5,90,45,93,97,81,85,41,53,57,15,41,74,2,71,61,25,84,72,60,25,56,20,70,12,5,12,46,27,25,44,7,60,3,17,65,82,64,32,88,96,86,28,90,39,95,26,96,95,2,42,52,65,20,34,40,35,88,50,48,70,51,29,38,46,88,79,86,32,49,6,68,42,38,75,87,29,17,86,91,2,68,8,52,70,37,94,88,84,49,75,95,60,42,81,55,17,85,28,24,72,48,25,22,33,86,15,82,20,61,55,79,34,20,4,54,96,29,84,75,58,8,93,43,58,97,33,40,43,46,75,91,60,33,59,7,74,5,12,82,33,14,33,61,47,10,51,48,72,8,95,96,13,5,32,89,39,36,66,21,89,50,72,85,43,6,27,98,19,73,22,82,55,22,64,2,59,61,19,5,66,82,83,27,11,34,98,65,61,84,60,65,94,63,70,10,59,60,85,36,59,64,16,20,36,97,55,21,86,81,88,2,31,24,50,45,52,87,49,85,88,52,33,88,1,50,89,97,43,95,60,3,28,87,63
158,91,70,95,31,6,94,84,5,50,76,62,59,14,54,55,65,31,24,78,27,12,71,35,5,42,14,12,55,91,52,2,19,28,19,92,61,7,24,4,37,85,38,8,31,97,70,50,54,52,39,15,8,87,41,60,57,45,10,68,53,50,68,41,54,43,15,7,47,75,94,11,99,31,67,98,98,60,18,65,47,76,14,10,1,14,68,79,75,85,45,22,55,37,37,18,88,49,10,28,56,99,46,31,56,20,72,74,94,71,37,68,17,64,64,51,80,53,75,82,40,85,98,37,2,31,71,48,28,36,62,81,65,39,79,75,60,91,48,58,71,82,17,7,1,9,49,83,38,89,9,65,72,98,23,51,91,5,15,33,39,39,7,7,93,5,13,73,22,67,46,88,90,22,96,24,2,93,16,17,44,46,22,19,77,92,23,46,10,35,66,76,10,53,36,14,72,49,4,64,98,44,83,39,76,40,63,32,4,48,81,24,53,52,55,23,3,46,74,92,9,33,98,26,17,24,97,69,5,62,87,12,16,30,55,97,20,16,98,40,29,53,51,44,82,33,1,51,65,24,28,98,18,41,83,18,30,6,23,15,44,77,23,17,92,86,67,9,45,73,38,79,54,57,99,18,57,45,33,82,46,12,26,99,75,63,85,19,75,82,30,28,40,11,13,63,23,8,38,24,91,28,60,19,91,33,80,91,32,62,30,55,31,73,18,87,4,36,66,46,47,6,41,3,32,87,61,41,15,25,74,72,7,51,4,22,38,94,19,24,38,50,8,78,86,37,19,49,1,27,58,21,78,45,96,42,92,37,11,13,71,40,15,24,4,42,42,29,28,78,99,87,98,40,96,18,94,27,72,88,20,1,95,28,38,53,65,46,1,96,42,63,80,79,75,65,95,64,28,40,54
159,52,88,73,89,93,47,90,4,43,27,84,21,84,14,80,80,6,16,39,27,51,35,23,37,62,76,98,13,56,44,80,15,51,23,11,92,80,74,54,3,85,58,93,95,80,67,1,96,64,76,53,8,25,83,89,94,75,73,57,87,56,90,59,36,30,41,10,18,88,81,4,72,20,88,35,82,68,88,13,12,52,2,61,72,12,13,40,21,69,66,40,34,62,80,30,10,25,82,43,78,53,71,89,83,62,33,54,65,24,26,57,45,14,14,65,96,93,99,60,27,48,89,35,4,61,20,26,82,9,4,66,90,90,60,50,92,37,34,94,69,92,72,75,74,89,75,85,56,99,74,64,9,2,21,48,9,77,19,9,89,52,50,20,25,81,99,60,67,79,64,15,50,26,11,26,41,31,38,47,1,49,9,71,63,11,34,81,55,14,51,20,49,34,25,16,32,12,89,60,71,50,28,6,29,44,31,22,6,17,31,76,49,20,7,6,26,46,33,75,23,9,19,91,72,52,66,7,82,46,22,82,19,92,62,99,46,48,50,47,62,74,36,30,22,5,59,54,28,73,17,20,59,87,34,2,80,5,17,54,31,14,3,61,7,36,7,80,4,27,91,54,14,4,69,74,79,27,86,16,34,46,52,25,33,92,71,34,10,39,84,65,18,25,61,85,13,48,14,73,47,71,72,79,71,85,23,52,92,50,46,34,31,17,17,34,28,83,54,2,13,7,4,71,8,54,11,5,42,7,55,35,29,93,23,98,30,77,56,72,38,47,99,71,47,35,97,45,85,78,45,47,50,31,93,76,17,13,65,59,61,53,16,44,49,80,50,29,50,68,53,59,5,3,8,3,26,19,99,66,60,86,51,71,20,73,99,95,97,57,44,56,1,47,77,86,61,24,96,36,28
160,94,24,71,91,46,18,22,99,59,58,58,32,30,71,66,37,77,94,51,48,79,27,19,85,94,84,90,87,70,43,10,1,94,53,49,11,63,87,81,65,49,63,49,22,22,9,56,90,71,67,49,57,16,8,78,17,90,71,78,61,64,44,48,43,17,46,10,86,40,6,27,68,64,61,14,15,9,24,69,74,65,85,42,26,96,94,55,7,12,68,93,83,68,40,58,42,19,88,58,27,44,90,49,71,9,19,37,98,64,32,27,31,3,4,40,41,62,95,32,52,35,42,20,20,89,98,58,69,22,89,21,2,68,93,66,1,94,86,69,97,76,30,88,57,44,86,75,79,55,43,20,10,88,20,12,16,51,27,23,88,72,53,89,76,23,82,96,17,18,99,76,53,57,31,30,93,44,22,48,96,4,5,44,89,71,57,40,56,93,53,70,38,32,27,63,22,69,16,50,88,16,10,57,21,24,17,60,69,45,73,76,2,92,31,64,80,80,19,6,81,70,79,34,21,48,78,19,78,85,29,62,37,24,49,31,45,2,34,65,71,69,53,96,47,27,78,99,9,77,88,55,45,77,40,34,62,50,38,7,62,40,20,23,32,66,95,56,6,68,76,57,56,97,24,99,92,48,75,61,90,80,59,74,46,81,78,12,69,86,4,75,12,91,99,24,20,10,80,26,14,42,87,46,62,53,81,78,34,87,90,90,5,86,13,45,44,61,55,50,90,2,83,79,7,24,80,35,21,19,37,52,56,24,86,1,83,83,10,31,22,36,49,25,49,3,16,60,46,44,36,77,2,28,47,54,59,17,19,40,49,27,1,49,52,25,2,28,55,50,47,51,7,70,76,58,12,92,11,98,49,41,79,78,25,56,57,52,35,65,93,59,22,74,22,17,76,97,35,38,37
161,33,81,69,85,30,78,74,30,14,63,63,5,17,71,21,2,55,21,36,79,95,52,84,80,54,36,93,39,82,84,58,17,42,63,6,47,73,74,3,45,40,74,91,15,51,87,42,67,97,45,55,91,37,88,77,6,62,90,7,43,32,2,24,50,56,38,30,83,35,79,12,50,28,60,5,47,6,62,27,84,58,86,85,95,45,24,6,25,93,72,26,66,51,62,52,68,35,52,60,77,36,44,29,29,78,32,64,12,33,63,30,45,4,26,58,63,65,8,95,54,99,52,67,29,71,12,57,88,68,17,28,8,70,26,31,80,26,55,73,69,33,60,68,72,88,29,92,93,31,26,44,77,9,15,53,1,86,37,8,17,17,71,91,21,39,45,15,67,11,95,10,72,35,91,32,37,60,80,45,18,13,87,2,26,5,71,27,64,31,39,49,91,72,54,80,95,92,24,4,40,38,56,77,37,84,8,42,37,11,29,42,98,90,55,96,50,41,28,19,52,55,96,94,42,44,51,60,11,62,41,1,24,4,30,83,29,10,14,8,27,5,98,72,30,42,59,94,46,40,11,61,97,4,74,13,93,41,64,41,78,20,10,81,9,47,70,96,54,35,62,32,31,57,23,23,19,89,41,7,67,60,59,28,1,61,3,69,47,83,7,51,1,41,61,6,43,43,69,70,73,91,67,62,12,97,79,37,77,61,50,94,45,81,5,84,5,81,91,71,48,56,95,64,36,48,58,82,25,48,15,88,53,96,61,81,83,15,60,85,95,87,52,16,6,76,76,39,38,70,62,26,67,92,98,38,75,26,68,84,9,67,15,26,4,91,45,30,84,87,29,3,94,24,27,93,25,39,22,2,98,52,61,12,14,72,45,71,37,13,25,45,56,33,99,67,7,72,41,24,40
162,75,30,67,15,19,15,32,55,28,60,10,36,16,59,77,99,95,8,92,75,47,96,4,45,19,98,3,74,10,84,66,39,98,52,73,29,16,76,89,56,94,30,55,11,17,85,38,91,35,20,53,61,39,58,65,13,22,89,80,6,38,17,4,49,9,82,19,81,69,3,24,19,84,28,76,73,48,27,19,14,3,74,60,37,67,34,2,26,13,27,43,22,6,51,16,7,68,88,33,92,4,10,46,23,59,81,69,72,85,60,34,37,88,72,89,94,45,20,63,83,7,15,70,38,85,21,76,54,45,51,80,4,65,5,58,44,50,9,69,3,60,78,98,75,15,23,4,12,50,3,70,27,32,13,81,16,45,56,91,34,93,82,6,81,8,40,18,18,16,47,41,89,26,45,77,75,76,79,52,77,3,97,27,69,7,71,89,28,4,93,69,41,18,47,9,78,65,99,30,86,7,91,52,15,35,89,78,16,42,10,54,62,46,52,58,34,74,72,16,41,52,21,68,29,5,30,49,28,33,24,77,36,17,89,53,56,86,23,71,50,82,46,96,86,99,86,68,46,50,61,83,45,15,79,26,92,63,88,92,18,18,37,70,82,91,16,37,56,98,41,19,54,61,42,64,42,35,13,81,80,79,36,75,59,68,87,15,80,10,85,44,6,69,7,88,61,11,78,53,36,36,13,74,88,22,56,70,28,20,88,62,15,2,17,60,99,50,48,86,51,62,42,46,59,70,20,93,42,75,43,72,21,58,60,24,67,86,17,71,20,93,16,56,72,19,66,3,18,50,62,88,66,75,59,90,98,62,93,5,94,42,20,48,85,45,27,47,42,99,73,76,95,74,61,61,83,55,45,41,99,97,54,75,78,63,86,39,85,51,70,58,57,66,3,21,89,69,44,37,36
163,82,10,45,38,83,72,18,95,99,58,2,68,21,25,33,59,80,62,59,25,45,44,47,10,48,60,12,23,36,10,53,22,77,70,46,62,59,20,6,90,62,79,73,65,66,33,47,14,93,38,88,25,51,20,67,70,90,30,20,63,24,93,47,36,92,68,58,33,25,9,48,15,98,40,19,84,36,73,73,39,68,7,33,7,83,82,35,41,29,23,56,38,37,58,35,85,80,11,15,73,55,17,44,26,47,56,29,40,31,61,17,31,37,17,23,65,51,55,60,49,1,34,93,56,26,62,22,82,51,6,58,7,51,60,89,22,81,91,78,48,25,15,88,86,40,58,58,23,52,2,32,22,18,81,74,39,24,84,84,49,70,64,30,83,71,31,9,21,52,59,93,93,13,12,42,9,29,74,74,48,95,75,7,89,3,74,36,91,77,7,29,10,10,78,47,8,4,31,88,11,16,50,87,39,55,98,31,90,9,76,95,34,80,37,25,70,23,70,93,16,90,20,85,63,18,78,2,33,85,84,69,43,20,50,59,41,95,25,22,81,63,77,13,72,13,54,92,5,69,6,46,26,94,35,12,13,68,82,80,97,47,37,30,69,22,52,20,47,73,46,6,93,91,7,58,53,38,25,68,89,20,23,69,9,80,77,69,96,7,36,17,84,66,60,10,36,85,86,77,55,31,30,22,70,44,2,95,60,12,17,26,47,45,80,40,41,48,15,71,55,24,75,30,87,27,64,76,45,99,78,57,13,73,47,68,41,44,60,51,45,89,43,17,99,8,77,16,56,50,32,73,87,73,63,79,41,43,10,81,75,73,41,28,58,92,25,29,57,53,48,80,27,82,50,95,75,35,63,33,94,88,88,82,41,56,28,82,20,92,83,30,68,33,41,40,49,46,78,93,21
164,74,65,77,51,31,83,68,96,90,24,88,5,9,16,10,7,92,35,5,42,67,32,2,25,85,56,62,76,89,50,69,84,82,83,32,62,74,66,62,22,75,61,26,24,40,14,42,67,93,90,41,93,68,35,97,97,77,37,66,25,16,70,67,72,74,27,39,16,7,33,60,66,28,80,78,48,70,60,33,88,35,5,79,23,76,6,80,77,40,56,49,28,17,30,53,23,1,8,43,3,41,59,34,21,39,72,44,78,67,98,19,54,99,86,79,49,50,63,78,61,99,17,81,49,65,87,56,59,20,46,38,64,98,21,21,77,1,25,50,53,82,53,80,66,31,92,11,10,19,94,72,71,2,61,89,76,10,1,86,37,81,84,80,28,81,49,99,84,61,55,65,50,27,21,56,46,72,4,64,86,30,61,26,7,63,23,15,70,61,74,76,35,95,44,73,41,74,11,51,21,61,68,31,22,80,12,86,8,37,99,84,12,13,75,17,60,29,59,26,14,72,21,68,53,12,68,65,25,30,70,64,46,95,17,66,50,59,40,81,19,75,46,54,69,22,58,51,60,70,96,6,83,5,47,52,50,71,89,61,91,22,26,80,58,39,44,86,73,64,24,50,84,88,99,18,10,41,40,3,13,64,44,98,17,33,58,97,30,71,42,58,12,89,66,61,78,21,60,69,88,39,98,73,93,76,99,84,92,13,93,88,66,96,63,46,78,50,70,85,23,80,29,32,35,49,92,78,91,5,71,79,42,25,70,65,52,68,59,59,68,47,82,92,25,75,28,1,97,84,80,93,4,15,69,38,49,45,27,69,4,18,20,26,11,87,13,49,58,71,89,23,79,54,47,97,78,78,10,63,52,89,57,8,21,14,79,52,88,58,67,88,93,5,8,20,57,58,34,56,1
165,14,88,74,71,96,47,76,39,45,89,67,45,62,33,10,28,80,86,75,91,1,65,22,3,22,19,29,85,88,53,32,79,32,5,40,90,72,35,70,62,41,23,39,56,34,49,22,27,33,95,30,5,4,73,45,73,91,82,61,23,89,83,82,63,83,76,31,20,17,69,30,91,59,45,37,57,8,74,47,65,38,66,20,99,95,68,57,81,96,71,63,19,16,81,23,93,86,5,89,93,56,78,88,59,97,61,91,38,26,10,47,78,67,75,42,83,77,84,33,19,84,86,2,76,49,13,74,27,59,57,32,38,59,38,58,60,71,54,32,46,61,35,36,21,87,32,7,2,58,55,29,5,89,78,34,63,67,1,6,96,81,8,59,61,74,62,30,94,78,5,95,36,1,70,61,75,96,52,1,15,56,89,58,76,5,8,73,34,32,76,69,42,1,60,99,98,93,1,1,91,71,74,55,6,72,39,1,70,96,70,34,1,32,24,36,32,97,23,14,84,94,79,77,15,78,53,86,77,26,87,70,99,19,70,8,12,28,43,91,83,95,93,10,70,26,7,61,35,86,74,32,99,14,14,5,10,78,65,87,59,68,13,26,12,85,75,73,74,84,98,66,65,86,57,21,3,32,94,80,44,57,58,12,2,34,38,28,79,90,4,95,9,79,65,90,6,74,4,88,85,21,61,73,35,87,82,60,83,3,58,92,81,98,61,39,43,47,5,76,84,46,60,50,42,55,90,49,47,37,35,84,88,17,81,4,35,42,41,69,78,30,61,73,44,76,22,76,43,79,51,6,55,84,13,45,23,35,35,46,24,72,17,70,90,44,41,6,47,89,68,99,19,53,20,2,35,5,63,82,66,26,80,24,95,31,7,9,45,2,65,81,69,19,73,17,58,80,24,17,60
166,60,49,27,23,30,91,21,59,55,82,51,94,57,70,99,12,71,35,10,10,57,1,94,48,25,49,71,40,17,48,38,22,97,75,34,84,75,31,56,96,85,20,88,50,10,23,51,67,96,10,62,74,35,85,52,23,18,28,47,27,10,29,76,87,51,87,24,1,20,25,39,34,28,49,6,25,43,21,68,53,59,15,87,24,10,45,82,3,80,50,33,7,54,38,58,60,21,30,14,15,69,1,41,2,39,99,58,32,86,13,1,32,49,50,17,11,65,2,17,78,20,77,1,19,84,76,74,48,97,17,95,80,30,7,90,18,21,82,59,75,6,33,77,3,92,99,32,13,44,51,53,92,36,64,14,29,93,2,64,9,40,35,42,12,88,8,92,70,75,9,12,3,70,61,76,69,33,31,45,62,5,99,74,37,37,64,50,24,13,37,12,16,13,71,50,42,22,78,96,58,42,93,50,86,95,27,53,50,92,43,9,74,87,99,46,36,4,86,81,29,8,6,34,80,97,39,86,27,14,16,76,25,26,10,81,41,89,25,3,58,32,55,81,14,31,68,55,75,43,82,39,33,54,46,85,44,84,74,54,40,88,21,54,36,75,72,78,66,34,38,78,25,8,6,22,12,94,30,87,88,57,29,27,35,39,18,62,28,19,48,93,19,86,13,47,42,14,52,85,92,95,19,63,59,49,85,66,52,56,25,7,65,45,80,80,47,49,7,3,63,2,59,1,8,52,81,39,27,25,10,11,47,37,52,56,38,67,44,24,73,20,74,46,1,46,11,68,98,51,6,28,13,42,80,36,17,89,32,27,83,67,38,45,76,3,17,88,1,61,13,12,95,94,75,22,56,87,94,9,65,54,83,3,80,6,28,29,45,59,72,32,2,28,10,69,92,50,41,97,4
167,26,49,58,77,88,96,2,33,66,68,82,55,17,58,51,56,80,54,54,33,20,37,19,68,37,61,71,43,23,55,35,5,55,57,5,56,60,41,81,8,84,52,68,46,54,24,67,35,87,50,31,64,98,32,2,48,45,83,35,23,81,83,93,87,93,78,71,71,80,3,71,41,82,20,88,66,48,21,5,34,44,24,51,73,11,16,38,70,35,3,66,22,54,37,21,33,68,33,82,93,72,84,82,89,70,9,24,21,34,9,97,65,13,67,72,15,67,84,86,30,36,38,31,49,94,12,34,69,40,25,80,26,32,53,82,43,99,29,99,47,58,21,7,49,22,18,67,54,27,63,45,58,39,24,89,54,27,95,75,82,24,29,29,18,19,89,32,37,68,60,34,18,91,28,83,74,49,1,33,81,80,17,81,47,67,84,90,78,54,13,5,79,2,37,74,81,37,17,1,65,46,19,12,39,80,66,8,3,72,4,86,7,54,24,10,59,42,79,84,51,12,65,89,4,45,10,65,73,18,81,16,4,39,6,49,15,45,76,92,52,44,70,77,40,21,74,37,90,8,1,73,56,75,43,77,46,53,33,9,89,9,80,33,17,85,22,61,12,36,33,30,35,82,7,9,27,72,21,13,94,99,97,92,82,63,86,99,42,52,52,29,75,4,88,3,74,70,44,94,52,7,49,22,98,99,86,36,89,6,83,27,22,66,35,25,88,18,69,1,88,5,52,47,16,1,10,96,14,99,59,15,3,91,17,89,65,7,22,59,30,43,18,40,60,14,97,65,81,23,78,32,89,98,67,9,48,6,19,89,6,37,48,35,45,53,62,75,73,51,12,82,18,47,66,35,73,50,77,40,17,37,40,20,40,12,27,94,43,3,61,9,71,91,9,62,72,73,81,84,46
168,22,23,42,80,10,88,85,36,95,84,24,92,95,20,59,70,23,96,58,93,23,94,94,4,92,11,71,29,99,90,22,6,3,25,99,54,84,47,7,78,57,35,91,33,82,35,46,90,12,62,6,12,51,25,99,55,93,15,38,51,12,41,2,53,46,97,27,90,4,32,50,13,66,98,86,5,49,15,7,5,78,38,72,59,79,23,99,97,33,18,19,72,96,10,30,47,30,10,22,69,8,21,45,73,48,62,83,13,51,90,69,13,70,48,97,1,35,28,33,41,17,86,57,31,3,84,32,46,47,62,49,51,19,13,68,30,78,70,67,94,36,63,47,17,37,82,14,67,22,72,39,75,73,86,6,14,44,77,16,1,89,76,80,99,49,99,10,65,5,67,92,57,14,18,63,48,96,87,83,84,92,73,10,49,4,29,9,7,31,39,9,3,76,31,44,80,43,98,54,61,78,89,71,63,62,15,54,43,3,37,57,52,39,67,49,74,75,93,98,39,32,33,15,58,21,6,44,50,67,48,78,11,39,36,67,24,10,86,75,85,20,38,48,17,29,99,48,63,8,91,44,73,9,99,40,78,99,73,22,43,48,56,26,37,32,85,50,54,60,83,50,1,24,98,8,11,72,25,4,88,59,24,20,41,84,58,33,97,8,57,38,96,1,23,1,43,48,28,50,70,71,17,12,69,99,25,7,91,13,67,92,41,83,98,51,54,25,59,11,32,92,93,12,59,49,38,6,51,39,47,48,8,37,85,67,86,11,61,43,93,25,38,37,59,18,46,64,11,52,81,17,50,73,21,72,64,57,86,87,75,99,99,36,31,38,69,64,25,45,51,95,51,66,23,6,82,88,89,75,99,17,21,10,60,88,63,15,80,58,53,22,70,91,34,92,69,38,71,74,50
169,14,96,2,91,33,97,47,79,73,2,10,86,2,2,85,62,58,51,82,84,95,24,33,74,88,93,91,9,23,31,5,4,92,59,85,12,59,82,25,60,35,69,22,33,91,5,91,97,62,43,62,35,43,93,42,5,76,1,93,87,98,45,22,78,7,48,92,5,47,81,21,57,8,31,15,10,19,73,62,37,76,75,17,31,78,80,67,57,83,91,28,28,5,43,99,4,83,15,58,60,67,52,48,33,68,4,55,93,56,84,12,85,59,71,9,98,54,19,30,89,76,66,17,41,31,6,37,2,36,99,52,98,94,59,82,30,30,51,28,98,83,77,95,23,90,19,96,8,91,3,5,76,19,65,94,86,48,61,84,5,29,93,98,50,60,60,79,58,8,84,19,61,75,59,51,56,45,71,53,70,41,77,40,51,40,89,43,79,68,62,49,42,18,42,25,93,16,1,79,48,85,68,2,84,16,30,20,29,56,13,59,59,85,68,55,96,18,54,98,69,63,10,45,51,85,51,95,37,67,88,1,61,78,69,20,22,18,35,61,62,48,93,5,56,42,8,45,98,88,22,58,97,19,96,75,45,80,60,43,82,81,60,2,68,87,99,93,44,78,20,81,77,74,89,39,66,2,26,51,76,73,99,90,4,22,19,33,28,14,18,16,63,15,83,34,77,62,46,46,97,93,22,98,77,5,17,70,3,78,69,82,18,47,84,56,97,8,20,79,87,23,99,90,2,20,59,18,99,90,89,25,99,8,96,32,56,93,29,7,17,79,7,95,19,5,78,89,42,5,75,81,71,50,17,59,85,12,30,74,39,53,41,21,30,90,64,95,62,73,76,38,61,79,27,9,24,56,70,21,59,20,72,25,68,20,75,23,81,67,88,98,39,43,27,69,18,46,86,40,94
170,94,22,62,23,7,8,46,92,19,36,82,16,10,29,44,57,27,39,10,67,62,65,8,64,95,12,37,11,97,76,53,62,87,92,70,10,4,84,55,11,66,48,42,17,35,45,75,36,56,43,13,59,60,10,80,71,74,70,24,8,8,20,41,70,78,13,98,82,3,85,62,5,98,93,76,29,34,37,37,64,81,32,5,98,68,17,8,31,43,72,5,29,5,29,5,75,35,53,27,83,14,52,52,76,25,74,89,69,20,45,18,35,71,4,19,80,23,74,64,10,49,77,41,49,10,55,99,85,71,44,77,16,29,98,50,32,7,13,46,40,47,47,52,5,53,44,73,88,30,79,25,67,98,1,79,25,82,24,20,27,58,87,59,17,31,86,3,35,19,81,85,28,18,51,11,8,97,70,61,73,89,19,18,24,64,44,90,14,80,36,48,65,16,65,10,78,60,78,42,43,34,6,14,76,29,92,36,33,83,55,8,10,45,54,65,83,95,3,50,28,84,75,50,58,82,87,97,44,18,41,35,86,66,37,13,10,6,89,43,30,70,82,13,67,83,14,86,82,13,19,64,40,25,68,47,54,49,63,70,51,70,33,98,21,47,98,86,81,25,51,42,39,41,92,20,37,77,16,5,43,72,36,77,17,9,64,80,67,27,80,86,87,34,48,70,56,31,20,85,8,2,79,31,32,12,78,34,28,39,9,70,52,86,8,27,76,91,2,80,35,34,68,86,16,25,78,87,13,21,63,82,12,61,40,83,2,97,31,92,52,26,7,75,57,20,90,46,56,90,93,84,25,99,73,20,24,12,95,80,72,99,94,17,48,41,63,83,56,68,14,53,75,38,31,90,18,17,54,79,94,81,52,84,5,89,67,86,40,66,21,70,43,39,54,42,19,50,61,8,86
171,65,91,72,24,91,30,70,3,85,32,56,19,9,37,3,86,41,19,30,26,5,45,79,63,99,16,60,86,44,50,79,62,43,17,22,34,33,37,47,24,96,51,57,89,74,80,46,69,78,29,43,20,47,34,84,4,2,17,73,99,52,59,18,97,75,30,85,80,28,88,9,58,7,84,43,70,88,3,98,50,89,39,87,94,62,98,37,9,51,82,81,59,52,31,98,64,54,3,47,88,28,83,33,45,58,1,39,33,18,30,78,65,16,71,6,22,43,44,99,33,46,94,50,25,62,32,44,41,17,47,65,8,36,28,93,54,3,23,41,81,72,56,16,16,68,17,25,52,14,24,95,26,94,81,34,24,13,54,99,79,61,76,87,67,79,31,71,85,56,25,69,94,86,43,87,19,10,90,79,14,4,52,14,23,34,44,24,98,39,32,12,25,26,41,37,8,27,22,94,61,57,58,2,35,26,73,27,67,94,99,5,42,66,42,30,31,31,98,47,10,61,89,88,27,85,83,91,75,14,84,90,79,13,45,89,36,84,50,46,33,94,74,77,36,59,29,3,19,82,35,74,20,53,71,81,65,62,33,75,91,96,40,8,29,94,2,86,72,30,29,11,23,55,40,95,41,23,31,4,31,74,87,19,54,71,94,87,43,30,60,90,3,32,4,39,46,93,98,57,53,16,54,15,7,38,98,66,18,64,71,3,34,9,8,80,5,67,83,10,73,28,17,49,32,68,67,62,13,91,79,92,38,63,63,61,80,83,45,45,23,60,16,4,64,2,36,54,71,13,47,78,15,10,14,21,45,26,15,58,85,28,13,6,93,44,77,75,82,1,26,34,94,33,78,17,31,99,11,25,21,54,15,9,65,75,53,75,40,73,98,73,52,18,78,70,82,86,76,29,58
172,82,56,11,82,90,57,89,83,16,13,18,90,69,15,26,73,98,69,28,97,62,50,24,61,38,19,63,76,23,76,7,73,72,84,32,44,7,20,7,52,33,4,54,81,61,20,14,17,98,21,99,40,38,17,89,8,18,2,24,52,59,70,76,90,84,88,73,45,1,67,73,38,57,18,62,72,35,87,7,87,42,67,25,24,55,66,44,86,62,91,77,33,46,22,5,98,35,1,64,68,2,64,15,56,48,51,16,2,41,21,34,36,15,46,34,43,87,56,54,8,31,11,84,28,30,17,83,68,18,47,61,70,34,19,69,43,88,62,57,62,44,3,67,37,69,22,73,21,24,87,78,32,30,80,65,16,98,15,15,79,80,61,43,79,72,78,61,65,74,53,68,81,55,23,56,53,68,74,78,5,41,61,84,17,72,13,13,38,37,26,29,32,55,25,54,3,4,51,60,54,37,5,73,97,64,56,10,95,66,53,76,3,14,89,73,57,45,85,42,35,29,33,10,96,18,39,72,50,56,35,77,73,9,42,68,39,58,18,78,5,70,3,67,7,73,21,53,68,56,1,73,82,91,36,84,68,69,58,39,88,90,16,50,95,45,65,82,5,5,53,46,62,65,53,71,52,96,22,44,71,75,40,79,89,53,1,61,25,72,14,98,5,9,1,99,21,16,20,80,24,98,35,15,67,67,55,64,35,63,19,85,9,2,69,53,83,34,73,33,17,83,95,4,77,77,82,73,11,79,19,67,77,40,72,28,19,58,67,10,34,10,67,30,28,7,82,84,99,9,34,76,48,85,90,89,24,98,94,66,2,47,10,44,35,27,95,69,39,41,24,69,59,60,10,73,27,8,37,27,71,59,24,47,42,1,44,23,32,3,26,16,96,48,17,25,81,42,15,92,8
173,30,65,94,31,1,35,67,40,67,92,37,52,57,84,65,25,44,43,82,54,87,66,68,45,32,58,23,50,89,83,46,58,24,74,67,21,45,94,7,88,28,71,4,31,79,99,35,54,32,64,55,34,38,2,28,83,81,37,58,54,17,3,36,39,24,37,27,84,82,56,79,58,22,37,98,5,88,21,29,24,71,18,54,64,15,45,87,67,91,49,93,50,93,49,89,39,77,25,18,65,97,56,52,71,8,29,57,67,31,89,63,96,54,28,54,65,54,63,81,34,43,95,46,19,39,70,18,65,30,57,84,19,99,73,10,84,56,12,19,70,48,3,26,99,17,15,7,55,81,22,56,40,38,58,83,33,41,20,4,17,34,96,35,97,30,32,64,94,88,51,60,47,50,40,1,57,90,6,50,49,13,93,43,54,5,78,27,64,17,51,63,20,21,87,50,6,14,51,92,16,13,47,45,7,24,41,88,86,82,7,34,65,99,46,5,40,48,52,93,89,45,50,65,48,61,43,58,13,78,72,75,85,46,81,97,46,55,59,91,23,77,23,43,8,60,77,73,67,53,61,39,51,1,78,15,32,31,14,40,65,49,59,10,79,82,55,82,55,42,55,9,75,44,15,22,95,25,87,22,10,37,71,71,6,43,40,38,67,8,70,89,3,74,24,76,81,27,40,51,85,79,52,59,49,9,18,66,85,8,59,1,13,2,46,75,16,21,26,56,36,17,36,62,58,38,6,52,78,56,88,65,32,27,38,58,28,65,19,46,26,88,32,51,1,60,21,85,23,74,21,75,42,65,43,26,93,69,79,10,24,68,39,51,58,2,28,33,68,17,13,26,9,51,72,10,70,74,59,11,81,81,42,16,82,91,91,47,5,79,65,1,28,34,1,24,14,68,81,88,36
174,89,33,80,38,57,32,75,8,17,72,55,48,6,24,15,13,87,21,72,6,25,15,23,25,69,63,15,42,26,42,7,27,55,15,63,1,20,27,86,88,50,98,75,26,24,69,34,31,87,81,56,47,90,55,37,64,87,21,43,9,25,97,85,94,79,37,22,81,68,65,34,95,30,8,74,5,59,65,15,63,85,25,48,32,11,91,69,26,78,8,6,78,23,12,2,30,10,87,88,40,17,5,11,14,61,88,51,17,21,55,42,31,45,43,16,39,11,58,26,5,34,46,99,13,76,80,38,71,12,66,44,71,14,52,3,97,50,72,11,23,77,46,49,85,43,12,5,15,51,59,16,2,17,53,43,5,71,12,49,88,41,65,37,77,6,82,1,41,20,89,10,87,36,51,99,38,81,88,76,77,90,2,63,61,54,50,57,79,60,62,41,42,14,71,70,20,56,47,53,48,43,14,74,24,20,93,50,23,26,86,44,54,56,82,40,53,46,28,63,79,50,9,93,73,10,94,71,36,42,84,75,44,57,30,34,81,19,24,59,51,69,61,41,53,12,70,64,5,49,77,11,25,83,56,31,93,32,11,45,22,68,43,49,43,38,92,84,7,74,88,83,65,6,57,23,79,69,4,16,76,11,89,17,17,90,16,69,22,42,65,98,92,84,16,67,67,51,49,44,13,52,44,43,56,87,95,50,24,96,33,25,50,14,94,49,42,47,29,77,60,97,38,7,41,58,30,16,50,72,42,99,59,78,57,79,20,94,97,90,8,2,74,51,93,65,28,81,65,52,65,64,84,87,1,27,26,13,76,91,73,60,77,98,42,68,27,42,48,7,38,99,20,29,98,43,29,28,72,46,17,28,56,26,28,7,98,87,99,26,78,36,55,3,20,55,64,65,10,1,68
175,50,28,33,84,52,40,23,43,33,9,39,41,72,93,90,39,81,64,33,12,93,33,37,5,75,69,56,88,44,28,5,13,68,14,52,50,28,39,92,96,30,2,8,44,21,49,37,94,70,99,72,53,73,14,7,87,29,36,17,61,39,20,61,24,71,72,10,62,83,56,57,90,63,70,89,29,62,67,66,46,28,31,51,87,16,63,17,64,20,25,91,26,67,71,36,55,29,6,55,4,2,36,99,25,42,77,36,75,77,95,24,77,68,57,38,33,60,84,78,27,50,93,74,12,28,88,77,48,97,83,2,8,18,63,24,92,94,53,26,90,92,83,33,15,39,87,10,89,35,27,81,97,58,96,18,89,90,56,83,74,84,96,56,48,22,23,57,7,4,2,94,75,85,89,46,15,68,25,63,84,41,91,98,92,62,80,32,71,25,13,41,6,74,40,66,19,98,64,70,36,45,79,60,50,85,12,88,26,24,86,12,21,39,88,73,60,96,61,80,33,80,7,27,64,83,22,39,55,38,45,81,84,53,14,13,12,95,10,7,30,52,63,74,33,36,31,11,41,70,51,34,92,46,62,95,9,94,97,67,49,42,82,36,42,68,7,35,53,19,30,63,37,79,11,61,25,7,64,87,2,22,68,54,70,27,50,7,64,87,26,71,47,43,15,65,24,9,31,58,28,42,78,65,4,77,92,69,10,46,3,61,5,75,62,36,6,3,14,36,53,73,68,81,86,25,48,65,44,55,92,91,52,65,74,15,60,57,71,9,44,42,83,96,83,50,82,26,34,9,81,7,38,40,91,70,31,3,23,55,28,13,85,70,38,11,73,89,13,58,84,21,58,27,73,65,29,21,97,75,31,88,39,75,51,20,32,27,54,27,36,1,11,20,57,7,19,86,47,86,26
176,75,71,59,17,67,63,68,80,29,10,56,45,4,66,5,88,6,49,44,99,3,81,5,27,22,53,98,49,96,7,22,74,90,5,11,13,86,54,20,55,76,96,21,30,68,63,79,62,43,58,76,57,53,90,30,43,33,36,15,19,13,3,58,42,3,7,97,70,4,16,33,27,4,69,6,41,34,78,76,21,52,26,29,13,40,37,3,16,97,72,62,30,73,36,26,49,17,89,18,58,53,9,29,32,29,26,44,44,87,27,34,10,24,23,84,5,3,57,87,2,46,4,13,16,57,21,40,44,70,74,93,82,59,68,88,70,17,83,65,40,15,89,33,75,4,85,64,76,88,32,57,48,72,61,73,2,87,43,18,38,79,25,53,88,36,76,18,56,35,67,53,78,51,28,48,77,52,23,90,6,53,50,77,5,50,37,49,52,85,5,39,95,6,77,59,38,96,77,12,16,2,61,11,77,46,6,78,62,65,70,34,37,90,57,28,66,62,26,42,37,98,45,4,25,30,26,32,86,36,34,22,80,13,16,73,6,9,3,26,85,21,37,74,7,73,28,84,81,71,87,35,97,89,13,58,97,86,34,14,60,30,85,21,64,32,25,3,7,2,99,83,49,7,48,59,96,49,24,92,40,12,52,83,85,31,15,28,89,19,36,26,92,53,39,61,64,4,92,91,77,93,65,66,43,44,62,35,69,10,87,56,27,9,72,26,88,83,58,24,18,80,37,23,12,45,25,79,88,62,24,51,13,75,69,58,71,41,46,44,7,14,81,72,89,87,51,83,18,34,76,17,25,49,8,26,76,32,99,50,26,14,96,65,38,98,61,81,4,50,83,11,88,56,35,62,46,37,80,8,15,5,74,73,87,87,68,3,22,26,81,65,39,50,83,67,64,38,88,87,31
177,89,38,31,27,8,53,90,96,54,3,72,91,22,23,80,16,40,23,74,55,58,56,50,81,50,94,25,83,97,88,17,32,32,68,40,70,54,66,85,8,84,30,32,81,23,88,25,55,61,58,76,86,8,40,29,84,1,29,59,90,5,23,38,28,51,61,33,78,14,36,42,84,9,52,92,32,68,43,80,32,51,15,43,22,31,19,60,48,41,91,4,93,66,77,32,16,4,16,60,22,45,60,93,23,84,98,54,76,81,92,76,85,55,30,87,31,64,84,93,17,53,67,83,62,8,2,91,54,1,85,54,51,52,49,32,69,96,38,68,25,33,23,75,98,29,94,34,64,82,22,58,53,56,37,34,61,81,94,64,73,30,13,2,79,88,56,52,47,92,71,82,57,93,91,46,66,54,92,11,4,62,21,66,49,9,73,28,78,85,3,75,17,60,48,90,68,43,14,50,84,79,79,76,25,33,12,2,27,89,9,70,64,48,13,57,81,88,80,29,32,39,64,46,79,68,51,85,62,42,33,5,96,84,53,23,6,92,4,54,10,94,14,11,84,82,14,13,59,85,40,25,75,55,87,65,4,22,3,47,77,93,60,22,42,1,34,60,72,45,93,68,50,5,15,89,68,25,42,74,18,48,42,33,38,59,4,91,11,18,24,83,32,53,65,20,86,6,69,3,24,61,21,46,15,31,53,52,31,16,85,24,71,6,95,14,52,34,88,33,53,17,94,18,24,75,68,62,13,36,55,82,2,66,86,25,44,2,52,13,81,45,62,47,6,54,1,72,61,9,13,29,97,57,32,35,21,62,2,49,19,83,45,99,22,70,93,67,41,87,64,18,31,20,92,27,46,28,65,21,3,49,29,40,75,57,76,5,73,47,68,56,40,17,22,55,54,38,1,25,59
178,40,12,43,29,9,9,23,37,69,14,23,78,73,31,2,29,51,89,51,35,41,70,20,47,4,4,42,38,65,68,97,53,35,85,61,65,67,31,97,22,49,8,76,55,75,76,16,16,69,94,20,3,78,99,20,65,85,81,99,39,46,64,34,35,75,70,76,79,35,32,65,58,40,24,68,64,82,3,43,65,8,27,62,51,20,30,54,42,75,20,47,4,48,14,16,53,47,27,99,67,44,4,30,63,61,90,47,31,8,95,31,24,97,12,20,49,28,38,18,84,72,3,86,63,28,44,93,26,22,10,9,82,88,7,76,53,48,70,72,78,17,35,18,3,21,46,45,51,79,67,62,83,89,8,13,19,28,67,9,33,12,38,36,91,9,9,88,42,46,41,94,52,60,23,80,28,56,20,58,72,97,73,80,33,97,93,88,81,30,68,87,77,84,17,99,7,88,74,72,47,78,7,84,27,47,18,34,87,87,4,47,45,94,47,16,26,9,61,51,6,79,88,24,25,17,62,96,16,9,2,26,61,89,67,8,55,64,92,55,36,10,44,72,83,32,29,63,89,34,7,56,22,77,54,77,83,26,69,26,71,72,8,89,45,8,46,31,23,91,75,55,66,76,37,31,88,72,98,69,43,64,31,81,18,61,70,32,81,48,9,71,20,60,93,45,46,85,45,4,59,85,74,79,91,40,70,27,22,9,46,30,66,56,11,50,35,48,17,41,71,61,16,24,43,51,46,53,87,13,55,16,54,80,19,8,56,38,93,84,11,57,2,5,45,29,14,16,10,48,19,21,59,23,55,99,91,65,63,53,56,40,77,68,37,51,25,87,32,72,52,60,80,82,66,16,81,30,8,27,3,69,32,58,20,38,37,66,68,79,20,51,23,30,22,75,4,95,8,20,63
179,68,25,78,18,16,78,22,46,17,90,46,40,34,86,8,26,6,92,84,15,75,3,15,56,37,63,52,69,73,28,44,46,16,23,9,76,18,84,99,87,17,89,11,33,59,58,92,48,65,62,24,93,93,81,54,84,6,70,20,33,34,89,79,98,13,78,45,26,27,33,11,65,54,74,76,73,39,42,60,95,61,99,38,29,99,66,14,48,5,93,70,29,93,61,57,26,20,68,14,21,10,10,46,81,77,51,20,43,75,67,43,25,80,39,38,31,42,10,83,81,54,72,79,31,59,70,53,39,63,36,13,23,68,37,49,47,24,73,89,56,58,58,22,89,8,33,20,82,39,61,25,30,41,28,3,35,6,27,43,4,86,68,12,81,76,79,45,68,52,28,25,37,45,38,19,11,42,12,73,95,47,32,29,94,7,70,2,97,4,88,21,20,43,55,60,15,29,93,31,68,3,27,51,2,72,94,65,73,79,44,19,4,73,56,54,87,32,71,8,57,59,21,32,67,28,54,74,47,10,99,32,31,37,3,33,48,31,12,78,32,49,39,25,97,63,76,33,80,12,93,95,44,31,48,61,30,17,47,78,38,60,6,52,14,72,98,40,41,45,4,93,24,92,2,85,10,50,12,56,50,87,18,41,99,57,45,73,76,84,75,7,17,19,93,82,10,79,76,92,84,39,60,50,93,61,26,99,44,85,11,69,66,34,62,25,49,52,48,24,87,73,85,26,42,99,20,94,94,48,53,85,14,48,22,63,50,99,90,8,26,32,6,88,85,72,67,37,8,95,50,88,28,11,24,83,52,92,88,73,24,24,36,48,12,86,39,63,93,38,32,59,58,6,79,37,38,6,12,75,14,94,39,17,69,14,26,20,2,89,64,96,27,84,91,43,4,70,31,39,18
180,99,48,18,50,6,39,36,57,69,70,45,74,1,9,29,22,30,56,10,75,17,20,5,12,85,66,93,44,29,90,54,85,27,87,95,91,80,10,45,59,18,92,80,99,24,4,68,57,28,48,88,87,59,87,28,75,94,44,91,90,48,46,40,50,98,69,57,47,18,9,28,31,72,1,42,99,46,30,78,32,11,75,26,63,73,74,80,37,64,68,52,29,10,33,82,84,7,42,35,2,11,36,86,67,6,10,65,54,62,15,38,72,17,1,36,37,68,54,55,20,94,88,92,57,65,11,8,94,7,55,67,12,93,54,50,37,50,78,27,53,87,5,12,98,22,1,68,19,44,96,12,67,96,26,24,86,77,6,92,62,19,60,21,99,24,71,97,4,79,38,66,62,82,33,35,81,78,21,9,85,97,63,16,87,7,51,92,49,42,56,74,58,26,56,13,21,46,4,26,50,23,97,27,23,60,2,6,7,84,59,22,31,23,34,83,94,91,20,85,33,39,60,14,15,42,75,65,66,18,77,13,39,16,41,25,70,6,77,68,79,28,88,64,50,31,32,4,81,71,18,93,25,24,14,66,87,99,86,40,93,60,36,78,48,99,19,85,49,45,59,96,42,33,72,84,15,28,18,90,22,69,34,1,8,22,45,72,80,83,87,82,3,8,28,82,9,68,62,79,87,24,80,54,69,20,74,13,21,52,53,77,99,2,3,85,78,91,37,99,17,36,5,59,89,83,17,62,78,71,20,90,30,14,33,30,55,19,98,8,60,7,19,59,17,47,20,64,96,31,4,19,49,44,69,77,48,79,12,61,90,82,27,56,73,14,85,20,10,10,65,51,59,55,64,29,61,88,66,86,47,90,99,5,45,39,39,29,10,20,4,81,45,34,98,99,61,77,5,44,4
181,61,49,10,51,2,37,23,66,86,8,58,99,50,22,25,28,14,37,35,92,52,98,60,5,99,64,19,55,98,89,46,90,77,58,78,25,21,96,93,69,24,56,48,60,19,38,93,38,37,10,82,67,79,86,93,59,89,2,97,47,18,38,46,27,8,22,94,24,34,70,32,26,20,26,53,40,99,4,54,62,56,79,71,16,51,64,94,2,13,10,81,74,81,71,89,66,68,25,76,16,19,10,46,75,66,94,94,58,38,51,77,14,61,36,61,27,8,63,33,3,93,84,65,32,51,7,15,47,37,77,22,90,16,82,24,71,76,25,59,65,50,91,70,97,57,26,97,23,60,59,68,80,95,66,51,84,96,87,32,10,85,86,81,12,9,34,37,91,13,55,46,35,11,25,23,24,94,16,71,11,25,11,52,52,6,19,6,60,90,3,25,20,73,45,48,81,74,61,16,17,36,48,62,27,61,59,5,96,75,48,78,60,52,95,70,22,43,54,48,93,67,29,15,53,58,53,13,44,66,79,8,28,84,47,97,68,48,63,72,76,86,11,7,22,26,20,12,58,59,29,77,69,75,84,33,66,53,66,31,15,84,45,77,80,17,15,74,62,7,78,57,58,84,14,47,65,69,38,76,79,67,81,32,9,16,55,28,39,59,72,69,10,24,1,54,35,1,83,80,6,73,16,77,68,62,42,22,45,97,41,62,42,20,65,54,53,7,31,80,15,69,8,42,14,68,73,12,86,19,88,25,51,57,25,80,8,24,67,43,93,73,83,58,39,46,80,11,79,88,83,63,62,44,79,53,11,51,91,89,97,5,67,10,84,88,60,30,93,64,25,74,43,24,25,50,63,1,90,93,85,64,64,52,95,65,19,37,31,32,46,94,1,67,53,47,74,8,19,68,81
182,1,49,68,44,18,61,1,66,26,21,65,93,55,96,93,13,20,65,57,25,74,41,72,58,99,36,43,44,55,23,26,69,53,21,95,80,62,32,67,5,93,43,81,27,70,77,78,32,95,78,87,32,18,36,17,45,73,3,51,69,44,22,2,83,32,78,38,40,31,74,8,26,99,68,46,58,78,91,72,25,84,93,71,4,99,7,43,46,25,80,73,60,53,76,56,25,80,33,51,61,57,41,52,34,12,9,56,90,43,16,99,23,24,80,82,56,89,17,93,50,62,52,67,44,13,51,35,19,37,21,2,56,99,9,89,13,59,15,87,89,80,47,4,36,45,65,80,46,11,43,31,70,40,16,2,2,36,2,90,18,1,58,63,72,15,59,30,90,16,36,72,80,64,34,5,7,68,90,46,15,70,16,34,38,40,73,71,63,23,87,30,67,5,79,36,6,42,78,25,38,36,36,23,33,2,15,10,96,92,81,54,73,31,56,39,31,98,49,31,77,20,8,3,84,36,52,62,5,63,89,87,75,85,16,41,55,10,62,56,73,6,19,11,43,52,83,92,7,37,49,60,51,69,78,36,17,29,55,46,46,82,85,94,29,71,19,13,61,75,16,54,62,2,78,64,25,93,73,25,36,85,9,34,59,69,26,76,75,94,46,49,33,95,48,41,35,80,79,53,69,37,96,10,61,13,7,63,67,74,26,42,14,44,39,76,78,19,9,57,47,49,96,55,63,89,55,17,82,31,89,95,32,77,96,15,84,50,65,73,72,77,90,7,26,97,6,84,42,39,25,2,6,49,76,61,17,97,3,1,73,16,67,39,74,65,42,29,69,45,38,43,57,8,40,41,46,37,95,82,89,31,75,78,23,27,22,61,23,2,32,26,76,25,33,98,78,40,24,65,3
183,14,88,63,19,82,41,6,31,17,54,15,11,33,94,75,4,68,90,71,72,41,84,18,1,12,53,44,51,80,82,84,56,34,29,30,74,22,67,80,2,23,9,52,72,2,25,3,29,44,70,18,74,3,77,42,28,60,34,93,19,49,99,47,46,10,46,65,75,11,9,43,55,66,15,18,95,70,8,71,2,89,55,26,66,8,33,86,26,78,53,34,42,8,72,42,79,42,56,63,56,67,38,71,36,83,53,89,99,19,82,73,56,86,27,65,25,37,86,56,8,11,93,44,13,19,49,91,6,44,73,75,27,58,18,70,63,5,13,64,81,81,3,89,77,80,80,48,94,2,72,27,24,47,29,14,90,78,89,12,68,96,11,50,30,71,69,78,79,25,72,40,6,52,95,80,8,11,36,25,17,13,62,48,91,46,76,19,90,80,79,16,99,30,36,91,9,78,98,45,80,24,43,2,71,88,40,19,34,81,33,7,77,12,61,30,1,11,2,25,4,16,41,94,8,58,77,15,47,49,91,85,77,5,9,57,26,28,74,84,60,26,28,63,71,85,15,21,58,89,33,28,82,10,41,48,9,69,89,88,19,18,93,72,59,41,29,15,45,85,92,57,30,82,32,95,9,8,67,59,43,56,88,32,52,59,22,21,94,3,35,20,62,45,99,21,8,27,79,46,50,32,11,95,37,79,5,84,21,8,70,33,44,43,5,5,96,31,9,99,80,67,13,79,30,45,3,3,98,94,79,12,40,77,9,37,33,7,51,42,42,89,42,49,11,20,73,94,98,18,54,65,17,88,38,68,56,44,98,4,89,42,85,44,31,19,20,11,27,19,15,67,28,52,41,93,93,76,73,4,82,11,75,41,79,46,96,31,49,14,68,93,24,9,99,55,32,16,73,66,97
184,60,9,17,83,14,92,64,93,35,31,92,2,22,98,51,97,66,70,20,71,35,26,64,87,8,67,70,75,67,89,86,36,44,58,65,90,84,86,68,49,94,2,41,21,41,55,1,63,95,67,19,27,94,28,86,72,51,23,62,96,16,35,8,66,22,79,60,4,59,19,96,18,79,48,86,35,99,81,84,47,12,27,18,92,32,35,59,45,71,59,50,41,47,33,61,70,86,65,18,4,81,61,7,90,52,13,23,60,12,94,45,50,71,5,14,7,87,85,94,72,34,22,5,28,7,3,16,64,79,63,9,35,63,98,84,1,16,25,76,79,45,41,96,60,53,36,15,13,9,97,36,23,91,58,52,32,62,38,14,62,87,68,64,80,53,78,64,11,24,67,6,37,45,19,64,16,17,21,58,43,3,97,6,5,17,35,6,62,15,38,55,7,6,98,54,22,6,18,2,97,16,81,35,31,60,85,19,61,6,57,87,54,93,39,76,39,72,46,40,54,3,55,42,21,19,37,94,4,44,51,19,68,25,84,76,37,74,88,65,40,99,22,87,37,55,60,32,31,2,68,66,30,8,76,20,35,37,55,56,42,12,39,31,44,33,11,21,49,78,42,18,36,71,63,68,5,34,58,83,71,67,2,63,3,28,15,86,46,50,38,78,88,60,92,67,73,49,10,34,11,6,87,26,95,48,31,86,79,8,20,57,73,58,53,11,69,59,59,72,95,35,96,33,27,84,20,99,86,93,95,76,17,7,35,23,85,67,97,51,99,45,14,58,78,6,71,96,66,60,83,80,41,71,54,37,10,44,18,15,59,37,31,29,96,39,79,2,6,49,7,69,92,88,22,34,62,82,37,88,41,59,84,76,87,42,20,74,31,66,31,8,69,13,86,47,58,73,33,77,28
185,42,47,55,89,60,7,14,21,5,95,99,51,29,15,42,39,87,65,61,74,47,30,80,5,30,79,66,68,83,55,63,28,76,27,33,64,45,84,82,73,24,48,20,5,92,37,62,63,62,31,98,66,95,15,10,51,24,4,94,11,25,82,26,57,69,42,22,94,36,51,93,96,77,98,35,60,30,53,21,11,97,54,59,65,47,69,17,92,58,72,84,85,31,53,69,19,72,87,53,18,74,11,12,14,37,32,52,91,49,89,4,89,6,84,95,78,61,19,27,26,84,31,54,19,32,16,11,2,58,85,38,38,51,45,38,59,72,78,82,92,34,94,94,97,61,96,12,96,93,6,52,24,43,34,79,31,86,76,17,97,32,87,23,50,97,36,58,81,78,3,80,53,99,96,55,42,80,1,92,87,82,12,91,96,37,4,56,16,38,39,72,72,68,10,1,57,12,83,70,34,25,84,70,7,31,68,80,15,57,94,3,50,64,19,27,9,58,64,50,15,49,15,49,5,31,80,64,77,19,97,21,91,76,86,60,47,25,63,18,50,38,95,58,96,63,40,66,22,44,32,39,56,10,48,24,15,23,5,9,11,54,1,43,3,94,76,80,33,19,87,49,46,42,31,59,9,23,25,27,17,13,47,76,27,47,8,91,52,58,52,38,95,46,91,23,10,97,83,75,40,91,66,2,38,99,54,12,14,87,82,32,89,28,78,77,73,83,87,69,20,27,37,40,46,33,40,22,98,43,92,53,71,11,50,40,53,3,41,89,61,31,24,54,23,89,8,47,69,57,4,85,42,90,11,99,40,13,79,24,73,64,4,57,2,14,62,19,47,22,77,36,56,54,80,78,98,98,86,4,99,18,67,70,54,80,37,16,10,43,55,94,9,92,81,95,91,23,19,73,50
186,1,77,58,79,79,3,12,24,39,86,44,38,15,51,15,84,30,1,27,42,38,92,7,56,25,33,24,3,97,6,17,1,24,52,67,2,53,33,53,62,89,32,45,78,82,33,67,2,77,47,48,78,88,74,96,40,83,4,19,23,34,48,20,41,9,91,98,2,69,68,35,46,83,29,27,44,97,24,97,99,78,23,60,15,6,69,22,76,12,44,4,57,5,22,94,39,43,51,76,73,62,48,63,51,12,88,81,43,27,86,78,85,44,24,33,6,74,72,56,68,43,41,11,25,31,99,70,87,90,4,26,57,76,21,49,4,77,10,28,47,93,74,44,45,42,44,76,94,33,75,4,56,5,78,73,96,81,98,93,98,57,37,16,52,22,13,22,36,19,66,46,13,38,68,61,84,90,33,90,4,6,43,52,7,43,83,85,77,58,36,65,80,36,49,45,6,66,62,12,95,26,75,87,29,35,2,19,18,54,19,61,68,89,19,34,70,52,95,14,29,16,62,90,85,80,1,61,25,31,38,59,89,88,28,62,45,78,82,20,64,36,77,62,69,11,43,52,10,16,84,64,15,55,75,76,61,42,54,52,25,83,87,97,61,46,33,30,33,79,80,21,49,36,32,94,58,28,57,84,62,17,90,33,4,88,28,68,98,7,46,96,94,41,23,27,51,27,26,28,24,78,1,10,80,6,75,96,69,21,64,66,28,78,40,16,96,16,3,73,93,40,88,42,52,11,91,10,67,71,46,25,24,31,72,96,15,24,59,41,20,29,31,14,95,10,6,73,79,96,16,56,3,44,81,34,80,77,2,55,16,8,55,63,98,78,56,24,26,22,91,35,94,82,89,6,64,47,19,71,37,46,41,73,30,45,74,81,62,68,94,27,60,89,69,85,5,77,68,26,34
187,24,81,87,42,19,5,18,5,68,63,93,75,72,19,99,20,42,83,94,95,66,30,21,59,56,72,90,11,48,79,5,43,51,61,78,1,26,65,11,13,38,60,46,3,19,28,81,96,18,66,5,24,15,9,6,48,86,60,16,4,5,54,56,52,93,21,5,76,86,93,39,78,98,37,6,76,82,87,73,80,17,87,60,63,76,67,87,92,36,58,19,55,83,18,42,54,90,99,38,63,58,74,75,56,82,44,37,81,73,56,27,65,15,9,57,89,37,86,26,70,27,25,12,72,8,87,50,27,14,45,71,19,62,47,99,40,56,87,97,18,74,14,15,74,3,44,55,53,7,38,82,33,22,51,46,56,44,16,40,77,26,45,89,47,55,61,53,15,99,33,89,51,38,62,51,21,35,3,98,79,76,64,7,13,68,66,56,38,63,83,37,88,61,12,30,66,49,11,18,93,82,79,21,66,84,70,23,55,17,67,13,72,23,40,86,30,67,69,89,6,37,19,97,51,72,27,49,10,24,97,34,29,98,63,77,43,89,71,14,63,21,4,78,72,44,4,30,78,45,5,84,76,78,48,88,17,54,90,54,27,83,70,75,47,81,50,62,43,88,41,63,21,40,68,6,35,26,77,35,97,93,14,19,72,97,1,86,63,47,39,45,38,8,67,74,62,32,4,59,57,61,15,57,24,90,33,25,65,68,81,19,10,92,20,35,92,97,49,65,47,85,47,92,19,10,25,43,64,76,46,56,27,28,33,61,48,1,25,14,54,5,9,85,37,33,26,78,87,53,8,54,36,88,17,15,93,19,67,64,29,1,14,27,77,4,45,81,5,69,10,22,68,54,54,88,68,21,3,31,51,70,10,65,86,60,10,86,46,42,94,26,40,77,54,38,21,89,39,46,45
188,82,22,23,67,90,19,48,34,67,56,34,47,79,21,69,42,47,23,42,10,17,54,88,98,84,79,57,84,13,47,25,92,99,69,35,13,21,80,2,51,97,24,13,58,16,31,86,12,56,52,2,12,23,45,47,62,4,30,82,61,44,23,50,96,44,36,15,21,10,74,95,98,16,58,14,95,51,50,40,1,45,97,21,90,76,39,37,26,59,43,24,52,44,60,71,5,76,38,82,80,99,11,40,59,11,25,7,12,2,97,81,87,49,66,55,37,96,33,99,14,85,72,74,25,63,67,35,6,61,68,46,13,28,79,53,27,77,2,34,94,93,4,63,28,36,11,37,3,43,11,20,28,6,81,37,70,65,39,18,42,96,12,58,97,50,25,11,18,28,5,44,91,89,76,43,79,4,67,4,1,86,81,28,85,51,17,71,69,37,32,85,61,15,54,2,22,3,83,13,4,70,39,57,45,28,57,2,33,88,7,57,55,90,85,76,59,30,42,37,97,49,20,75,18,19,24,42,69,50,44,40,53,83,91,17,80,5,76,87,79,75,20,39,98,89,75,67,13,59,2,70,48,3,71,6,31,55,22,79,15,42,83,28,32,2,8,94,17,82,74,77,60,38,47,25,8,42,81,61,92,27,20,95,13,94,32,24,37,86,97,48,45,6,51,4,59,37,83,48,83,51,47,62,31,99,41,24,96,3,24,54,74,36,71,50,33,82,58,95,58,21,79,69,78,96,24,46,97,4,59,44,88,11,26,96,67,37,69,60,80,25,51,66,83,83,30,9,75,24,77,55,67,17,8,26,76,39,26,39,11,12,2,87,53,46,43,18,85,82,8,79,59,66,8,80,33,40,2,20,51,60,56,83,80,26,15,70,19,67,37,4,20,22,23,3,40,15,60,84,8
189,45,80,20,80,63,95,14,4,18,33,67,6,58,96,77,19,27,61,99,77,7,57,15,22,45,34,9,63,21,52,13,66,34,84,35,3,89,62,62,11,10,49,75,30,45,52,71,61,46,56,12,27,42,75,33,29,64,2,43,81,66,5,70,43,96,35,60,19,24,3,79,87,8,99,72,28,1,20,89,71,50,12,11,33,30,37,84,2,57,90,59,43,24,20,11,73,86,43,71,27,94,45,95,67,92,73,40,32,82,59,30,48,20,11,54,25,97,17,35,2,90,66,83,20,81,78,78,29,19,67,13,46,14,59,77,43,42,91,28,28,8,46,31,48,52,34,46,12,10,10,3,92,60,84,17,75,79,85,54,73,15,28,30,4,21,17,48,93,34,45,50,56,7,9,91,11,32,34,3,79,62,87,12,94,53,59,75,66,13,57,25,57,19,84,34,53,43,73,98,14,81,68,51,16,66,78,5,21,58,34,81,83,18,10,34,17,92,85,36,36,19,3,27,14,82,45,2,96,3,24,89,13,95,84,10,71,18,48,41,1,98,21,41,38,74,55,92,96,17,64,75,85,24,92,72,45,67,70,23,13,97,32,74,10,66,81,41,98,38,81,10,13,61,92,19,78,60,70,27,51,36,36,81,28,39,85,30,60,54,56,69,54,16,75,55,82,52,3,10,62,23,57,75,3,19,53,51,12,98,32,11,59,17,55,80,15,41,62,31,55,31,12,98,64,87,18,5,32,41,78,50,64,87,60,20,36,20,4,69,45,3,44,17,75,4,79,39,35,7,62,18,12,69,37,30,16,92,63,35,2,96,4,98,89,9,20,58,33,92,60,55,48,42,97,69,9,12,35,52,25,58,33,55,97,43,61,39,97,80,60,65,85,52,12,43,23,42,78,60,50
190,86,42,8,26,94,75,96,77,97,52,14,26,2,46,6,80,69,79,8,9,13,63,75,81,32,19,8,69,86,95,38,4,1,1,56,25,34,50,9,66,44,62,38,15,29,73,59,93,88,15,42,98,31,2,7,6,78,2,41,86,3,93,32,56,11,8,70,24,53,80,51,24,34,26,21,2,33,84,61,91,2,54,76,9,70,85,24,77,26,80,39,67,61,81,42,73,29,68,10,89,16,25,62,59,76,73,92,12,2,95,95,37,2,5,7,83,66,50,73,25,42,94,21,43,2,58,75,39,94,2,30,10,78,21,27,24,13,15,9,92,51,64,96,41,40,42,74,49,67,19,75,53,37,38,80,68,9,69,89,79,4,64,62,70,72,73,2,70,1,89,54,45,34,1,93,43,41,79,77,61,86,37,40,32,79,3,46,81,47,94,53,4,75,80,2,55,37,44,94,24,90,14,26,82,86,51,75,41,49,5,61,88,88,35,54,42,26,14,53,56,89,22,31,23,81,7,86,21,21,5,6,73,37,86,71,73,94,64,28,37,66,38,88,18,70,55,41,51,30,81,37,30,2,64,80,5,82,96,77,47,97,65,90,11,7,86,50,54,3,93,14,32,65,99,46,60,20,49,33,63,69,5,40,65,81,89,37,7,58,18,51,24,40,21,80,71,85,14,22,17,2,34,15,97,29,96,58,96,91,88,85,55,85,78,98,42,90,71,78,56,67,95,93,6,99,56,51,78,57,78,1,13,18,13,4,24,9,99,49,32,58,1,87,26,47,14,58,25,21,52,19,37,77,9,72,26,68,8,98,67,84,72,77,28,50,17,15,57,87,84,9,67,36,57,13,55,14,76,18,51,4,6,77,47,17,51,26,38,42,76,65,8,70,57,32,84,88,75,25,92
191,33,4,28,96,56,58,8,57,77,72,73,78,1,3,17,13,78,88,97,96,2,37,87,94,8,55,41,3,78,13,71,35,4,48,96,92,57,97,69,78,85,68,26,52,25,10,29,93,53,99,44,79,85,84,61,85,38,54,95,59,41,95,67,82,89,38,33,53,21,66,16,30,23,43,34,95,73,20,81,43,83,14,9,56,79,21,10,93,58,3,90,38,58,89,2,26,48,82,37,33,1,12,76,68,40,31,49,98,33,77,1,83,6,69,16,19,11,77,90,67,41,69,12,90,55,69,81,93,64,93,41,55,86,34,64,57,88,72,10,9,20,28,7,66,92,41,62,58,1,41,25,43,47,65,56,57,16,21,53,17,45,10,54,43,28,51,15,83,23,48,98,29,6,79,8,58,9,48,58,34,73,66,22,96,8,27,16,63,77,96,40,37,5,83,33,31,48,98,61,68,74,39,91,29,32,16,73,68,74,3,72,20,48,2,80,53,56,49,73,9,29,32,94,38,91,21,11,70,37,67,69,21,90,61,18,6,28,9,91,21,24,94,5,81,44,46,19,5,79,1,58,56,47,90,96,13,71,70,45,46,68,21,88,46,54,61,26,77,44,70,75,87,83,93,88,59,73,80,48,36,52,69,20,47,9,12,10,46,56,45,35,95,49,15,9,77,67,22,5,9,72,59,71,55,96,65,77,91,78,74,89,30,66,82,88,45,88,98,6,45,44,59,13,11,53,57,43,16,83,86,42,94,84,35,73,50,34,29,31,84,38,9,62,67,87,37,15,24,86,37,37,74,93,77,16,82,48,28,33,55,31,1,38,22,50,31,70,17,26,1,77,45,51,98,85,4,75,91,92,72,78,11,76,10,99,35,18,88,41,20,19,7,4,68,49,38,80,8,24,86
192,2,82,23,87,75,36,74,65,14,26,51,53,4,75,22,24,68,1,80,87,23,56,71,89,2,95,80,52,46,50,40,7,45,82,95,2,40,80,5,12,61,28,97,23,73,40,69,39,20,15,37,80,53,33,58,92,16,96,48,54,51,4,72,34,54,80,40,53,46,6,68,93,98,11,55,48,10,75,41,55,83,5,21,26,9,87,79,9,32,91,6,94,74,3,75,82,76,97,12,87,55,59,65,57,39,96,50,61,75,8,13,97,60,4,55,27,54,76,46,27,72,58,54,36,70,70,29,6,50,19,63,72,77,22,35,37,58,86,70,94,27,21,49,28,59,46,23,29,11,84,23,34,84,70,9,62,86,29,52,43,40,41,79,73,21,97,61,67,19,92,75,29,3,98,17,13,33,60,94,25,83,6,98,21,42,46,56,98,80,46,69,31,80,93,28,90,9,48,84,25,10,99,45,88,46,25,13,62,36,59,16,32,95,79,5,30,1,84,46,17,75,69,56,29,4,63,78,55,1,47,54,41,80,67,71,77,89,48,56,66,5,32,48,36,1,69,53,75,17,6,63,74,75,73,73,74,58,88,21,48,57,3,42,10,6,75,45,9,24,73,8,91,62,84,26,41,86,56,70,22,36,29,34,11,93,51,33,87,11,42,33,40,49,7,79,19,44,8,93,29,7,6,83,50,56,88,19,83,37,67,20,22,9,65,1,1,75,3,40,42,73,82,32,51,75,15,6,44,60,45,48,65,16,49,40,11,27,46,46,90,16,86,52,20,63,10,42,4,4,64,66,88,31,37,31,36,37,30,39,70,22,22,4,23,9,27,50,26,54,22,97,52,13,73,13,13,94,50,19,75,43,83,37,53,81,93,19,91,69,88,88,15,97,79,73,67,56,57,50,71
193,37,54,51,12,28,55,96,4,21,73,81,57,39,79,72,91,59,79,47,13,33,39,5,65,35,30,11,69,36,23,97,3,89,33,34,75,26,71,70,27,83,67,78,22,78,21,26,45,85,39,77,61,99,89,51,7,92,15,91,65,99,91,95,5,98,28,63,74,5,66,24,21,65,57,23,19,42,81,91,2,97,8,34,46,38,18,83,51,34,34,26,30,61,84,41,64,1,58,1,14,21,36,67,34,96,14,92,82,86,89,24,47,26,44,26,36,80,24,28,91,11,16,35,73,39,96,68,81,84,74,62,76,30,41,73,88,20,39,16,47,23,46,83,36,41,69,38,60,35,23,18,21,1,93,66,46,44,52,72,49,32,78,31,88,40,41,93,86,87,48,73,28,37,71,67,52,6,36,84,26,90,18,8,23,54,18,85,15,8,16,29,31,13,25,43,30,29,31,26,75,17,48,57,42,27,69,54,19,45,83,37,47,50,36,59,32,12,35,83,90,6,29,41,15,43,34,78,77,98,25,6,85,19,80,79,71,90,71,73,68,34,70,27,67,91,17,68,69,74,97,7,58,28,86,71,52,23,54,72,13,73,80,98,39,39,32,12,74,1,99,54,78,81,87,29,76,56,85,92,40,23,6,49,34,55,84,34,63,28,92,56,60,57,75,20,96,92,2,72,4,8,93,64,88,40,12,30,30,72,49,52,50,63,45,36,63,42,11,34,7,76,46,42,17,22,67,3,35,73,49,30,13,12,48,54,30,36,22,5,36,8,14,26,21,55,57,15,38,92,40,56,91,59,2,43,95,49,46,9,66,54,96,21,25,95,10,63,43,13,1,58,9,29,13,20,76,82,71,97,55,6,75,46,66,26,90,54,93,47,67,11,99,74,45,39,8,27,39,43,28
194,60,86,62,70,40,4,72,21,26,28,70,5,28,64,25,64,22,43,88,60,72,80,64,6,29,97,26,60,76,52,95,99,87,60,34,65,31,37,76,61,41,99,59,44,34,85,55,11,76,91,21,19,13,55,97,43,19,80,96,90,20,58,66,52,2,65,67,83,24,46,20,93,72,96,28,46,31,49,63,88,55,53,90,73,58,41,95,85,99,34,14,86,62,88,86,48,4,99,40,64,85,66,80,1,38,64,73,81,66,76,24,53,57,60,60,11,83,34,8,67,43,66,94,28,29,2,86,53,77,3,42,48,63,32,76,54,64,30,26,54,67,41,26,68,52,7,17,95,29,63,87,92,71,10,45,3,49,82,96,49,64,80,49,27,90,72,34,61,58,38,48,99,18,22,93,33,94,61,4,17,30,52,8,70,86,14,11,40,59,16,52,76,54,33,18,79,45,43,65,45,12,71,35,74,47,41,50,96,82,51,73,55,6,58,19,69,55,69,67,45,60,74,49,71,11,8,66,77,56,87,37,78,5,36,45,76,48,49,33,29,25,4,13,90,10,83,53,49,68,34,15,16,67,51,33,36,49,88,99,94,43,14,3,55,40,36,88,61,18,72,83,41,90,6,13,60,4,88,22,73,34,14,31,40,2,99,36,69,46,24,32,8,28,93,91,51,26,88,42,62,19,57,86,41,58,9,30,66,94,13,26,28,15,87,12,59,78,19,22,75,71,40,65,26,3,34,59,10,10,55,38,68,29,99,87,49,85,8,96,17,24,99,3,70,13,11,47,35,71,9,4,23,59,54,1,40,65,95,76,87,52,12,15,52,55,85,63,98,21,71,1,24,80,67,67,54,82,87,15,64,55,3,90,40,83,95,46,6,34,74,24,75,95,79,94,78,16,58,63,65
195,88,88,19,84,52,18,79,59,39,26,9,90,98,8,80,57,34,76,4,55,51,54,47,7,97,70,79,33,96,28,83,9,57,6,41,41,56,34,91,92,21,98,72,24,13,88,48,28,49,16,28,20,6,92,35,18,75,83,14,55,57,9,98,49,28,4,87,1,46,79,87,98,19,69,42,31,28,3,73,70,98,20,71,54,56,46,8,65,5,74,13,64,9,68,9,99,67,42,76,6,23,18,16,87,74,61,25,44,25,87,47,47,75,88,72,47,30,47,37,58,50,74,2,55,82,63,19,60,84,15,49,69,90,6,27,92,2,59,98,53,77,56,72,17,80,7,28,3,44,36,14,19,87,58,3,97,17,52,52,15,59,6,74,82,2,12,51,97,63,90,90,61,92,3,16,46,28,53,50,59,80,88,82,17,72,93,74,75,71,53,24,43,15,93,28,68,15,69,28,54,79,84,67,82,70,49,11,3,33,12,5,15,46,88,34,87,99,72,54,14,65,27,12,97,34,65,75,9,64,57,77,38,83,59,30,59,81,31,61,12,5,82,22,9,89,46,78,57,97,94,45,54,5,4,89,39,52,41,60,62,40,90,36,37,13,67,81,93,30,50,60,61,94,70,80,95,97,6,99,96,37,63,35,23,47,38,20,19,86,45,94,54,86,34,59,15,94,26,63,76,96,64,24,64,41,63,66,59,71,5,67,74,6,5,3,46,95,36,1,48,42,40,15,73,85,17,36,33,8,25,25,92,80,81,12,23,94,88,41,86,22,96,85,86,91,4,57,2,88,41,96,35,3,19,70,13,97,65,8,62,90,70,13,35,55,31,4,57,22,78,94,22,33,59,6,8,59,4,94,70,52,91,24,99,72,16,72,36,27,47,89,28,77,53,99,45,63,67,3,37
196,75,94,20,24,95,67,59,17,70,71,9,27,99,59,82,33,15,67,21,48,11,68,70,98,99,78,6,56,89,61,31,12,93,86,49,45,51,76,91,66,67,59,98,6,1,92,4,32,38,1,3,81,3,90,95,19,11,31,53,82,42,21,11,45,90,57,59,25,64,68,7,33,97,53,36,97,72,93,69,70,68,60,4,34,93,41,97,57,13,61,97,58,97,88,95,59,76,69,68,68,83,37,92,13,37,99,11,9,1,68,88,80,42,14,86,67,55,37,32,38,52,7,68,69,98,50,60,64,34,66,70,26,16,29,66,80,87,9,73,11,31,33,85,63,75,95,68,8,21,98,62,19,42,6,41,29,34,67,24,91,49,48,3,22,80,59,5,90,11,40,84,45,38,13,52,25,49,37,11,17,15,63,16,43,14,26,75,3,95,5,79,43,75,73,74,66,71,63,21,41,39,22,30,91,6,21,89,70,75,16,98,94,13,51,65,62,74,77,9,39,2,13,15,82,44,59,74,87,92,75,6,42,28,53,84,65,86,20,58,97,80,71,70,60,20,36,64,76,62,36,15,53,75,38,9,68,57,45,67,99,28,33,7,26,58,47,89,86,68,31,54,74,29,51,59,36,73,64,11,23,96,6,1,22,61,49,76,34,48,86,93,75,25,81,53,8,10,10,95,87,78,21,98,50,1,16,28,14,32,40,91,64,77,82,14,70,90,36,65,12,4,22,86,31,89,86,95,66,23,12,56,80,76,78,22,33,24,15,22,41,27,49,57,16,97,75,33,50,88,43,36,43,93,39,92,44,25,61,39,52,61,58,5,86,13,41,71,2,78,22,57,62,56,10,34,26,28,35,55,21,28,39,44,97,76,19,53,69,45,22,48,71,44,21,75,98,80,53,97,48
197,49,46,24,53,26,76,7,17,83,4,91,17,65,52,47,68,70,31,29,85,65,18,31,76,47,53,60,93,28,61,16,44,92,44,37,18,8,60,96,19,63,80,63,92,17,31,49,60,97,81,71,71,77,7,29,70,66,30,97,15,39,95,68,97,9,98,62,25,2,77,8,57,28,58,49,98,14,61,35,61,64,28,36,85,39,77,94,7,91,83,50,7,87,97,98,1,98,87,17,20,45,63,49,10,57,63,55,78,86,61,2,8,54,96,2,33,13,86,45,51,31,75,61,95,12,44,14,21,12,93,74,97,56,96,54,68,25,78,88,98,39,18,15,2,59,41,49,10,25,57,82,56,89,50,13,51,23,8,96,56,46,32,63,23,23,41,29,74,87,54,92,85,12,57,93,8,65,60,5,62,26,26,45,25,60,76,11,81,51,53,57,58,21,2,80,5,30,42,52,99,16,52,89,49,9,89,1,48,11,80,10,14,53,97,17,87,63,13,33,32,83,97,42,42,6,82,28,54,45,80,4,24,50,70,52,3,48,74,71,30,97,61,35,42,82,85,19,1,78,58,13,12,28,4,72,3,80,45,79,73,71,94,79,29,41,13,60,93,29,50,82,95,55,32,15,33,38,66,76,15,16,50,22,27,95,81,36,59,10,22,96,12,83,4,24,93,42,59,23,92,38,30,6,74,42,15,72,20,3,75,28,67,73,28,81,93,68,6,88,33,31,35,6,67,66,81,12,84,6,77,33,50,59,55,64,69,73,32,95,42,11,72,46,47,56,6,82,41,1,76,38,53,46,72,77,34,68,58,60,13,45,7,69,25,81,88,8,36,63,39,21,26,15,73,15,20,84,73,56,57,77,33,16,45,3,61,8,66,20,29,91,40,61,94,87,92,87,50,52,20
198,50,62,61,37,95,42,43,88,58,55,32,27,40,13,42,77,90,33,2,36,10,65,56,19,3,9,90,81,95,76,29,66,41,23,58,53,6,91,23,59,16,21,44,59,77,68,5,83,95,89,99,57,25,23,81,88,72,51,84,75,72,66,45,8,87,60,73,21,61,33,42,66,49,13,75,49,83,55,96,19,43,27,18,6,93,91,91,10,90,12,40,48,24,74,84,16,41,50,17,99,81,29,60,16,76,41,12,34,48,73,69,44,74,90,83,18,2,6,87,99,59,74,50,34,22,10,47,97,33,17,77,21,19,27,57,73,37,27,88,1,19,6,36,91,44,77,65,68,7,65,14,80,3,11,37,58,2,90,29,36,78,6,81,71,64,59,8,67,6,53,75,34,28,64,82,58,45,54,9,42,50,5,82,48,15,12,15,69,28,70,49,71,24,99,62,33,63,95,16,25,11,81,12,24,2,65,41,15,23,68,35,70,46,73,26,9,51,62,55,61,4,15,7,42,65,19,86,89,69,97,51,32,40,72,13,26,11,21,24,81,49,76,64,69,97,4,36,25,13,74,32,94,41,3,3,39,64,70,24,56,33,4,86,18,24,78,19,68,93,34,76,49,28,36,33,13,37,45,39,81,71,78,75,25,14,10,6,81,21,85,28,8,78,34,27,94,26,80,72,99,22,27,53,2,67,70,95,99,90,38,80,78,48,9,6,21,70,1,44,20,4,38,76,15,13,16,92,70,18,12,32,47,27,11,66,73,51,53,89,30,71,51,18,10,41,32,47,20,84,77,32,12,35,89,3,64,17,73,8,31,62,35,94,79,99,78,6,78,57,24,5,39,58,57,89,80,44,44,55,83,56,6,8,14,68,78,47,79,89,9,4,59,55,57,14,70,67,67,86,90
199,38,93,70,29,54,36,30,16,14,92,23,48,41,27,74,89,82,13,69,34,50,83,52,99,21,13,5,28,77,27,62,89,72,97,43,39,8,88,10,95,12,41,17,38,95,54,55,3,9,15,67,59,55,10,63,82,73,77,41,92,77,49,30,50,40,96,8,17,82,56,44,49,89,44,66,86,96,32,72,91,46,54,82,53,15,84,67,32,8,93,29,56,40,35,66,48,17,39,77,97,78,62,41,65,34,15,88,32,62,55,54,72,74,82,30,40,16,15,59,82,95,59,14,63,26,78,72,20,78,35,53,40,49,53,39,6,12,67,92,20,95,15,30,55,48,60,14,80,69,7,59,2,70,32,13,70,6,21,60,54,46,30,99,99,89,72,88,89,70,68,34,99,74,26,90,64,27,81,8,70,15,39,53,17,95,71,55,83,78,49,14,83,12,23,71,29,19,81,11,9,46,87,82,96,50,40,87,35,95,31,62,91,87,7,95,92,99,64,93,56,5,63,96,96,63,78,39,99,57,36,92,28,28,33,1,74,52,36,80,30,82,78,59,78,23,32,65,2,55,55,98,70,34,69,60,73,88,87,69,63,77,45,57,1,55,26,57,5,39,62,87,9,64,13,66,78,36,66,27,67,55,25,20,9,85,78,76,92,37,95,85,84,4,85,47,94,46,66,40,75,41,1,67,63,3,31,52,1,51,71,63,72,99,98,14,19,33,89,93,49,90,35,27,51,34,66,90,64,72,27,43,82,77,64,76,32,74,6,66,30,75,63,29,26,33,71,36,40,43,86,50,84,37,44,52,82,32,38,22,60,21,25,28,50,99,24,34,41,65,58,43,43,69,90,47,2,90,66,37,71,21,30,41,82,42,56,15,1,89,69,77,78,35,1,56,27,2,31,24,99
200,26,43,48,60,95,87,33,98,49,94,87,86,90,69,80,38,97,91,91,48,62,65,56,35,49,16,87,85,45,82,4,68,93,51,33,57,69,36,19,88,26,35,98,16,34,25,78,9,86,11,81,66,6,16,29,67,7,37,87,78,68,7,40,75,89,20,98,9,42,67,50,53,55,5,33,43,78,70,26,36,94,59,90,9,4,77,93,56,98,93,4,61,18,52,23,45,90,18,64,7,98,1,16,16,30,4,77,85,57,73,6,43,46,2,75,39,54,70,72,48,46,32,43,47,43,72,87,79,1,51,95,11,84,6,48,69,72,50,93,66,62,83,76,16,14,15,42,87,8,99,9,91,82,45,48,13,69,57,32,44,90,59,19,25,83,55,91,52,27,90,75,87,82,33,46,29,32,55,72,28,30,35,6,12,81,55,91,45,9,36,75,66,22,89,97,41,78,42,73,34,19,91,8,74,21,84,89,80,92,98,49,63,93,80,51,87,81,30,77,39,77,64,90,36,56,97,16,55,93,61,83,30,86,15,4,36,42,94,1,17,45,35,95,35,64,4,99,96,38,57,66,89,22,59,55,11,17,98,46,19,46,10,90,96,9,5,72,95,13,48,68,52,83,11,29,54,48,71,88,92,5,2,56,54,48,96,4,22,29,14,16,75,31,16,47,13,50,75,62,52,32,48,34,45,60,1,2,96,28,72,58,61,83,73,63,84,2,48,48,13,27,58,80,80,5,46,35,10,74,2,88,11,67,18,50,26,76,33,76,23,15,86,82,29,81,58,36,12,34,36,25,64,33,63,18,67,63,73,22,99,77,96,75,69,33,37,65,83,9,11,7,6,84,45,22,81,15,68,98,85,44,5,38,90,50,17,32,19,32,73,28,10,78,5,15,42,29,66,50,91
201,38,26,54,44,6,73,28,30,23,25,34,30,1,17,22,62,60,16,14,97,8,34,52,87,14,55,5,77,52,36,94,54,48,51,77,55,56,20,77,59,55,40,15,89,30,26,56,11,95,36,25,88,5,98,31,33,16,73,45,76,4,90,28,13,58,69,82,6,34,11,79,90,44,29,89,70,98,76,14,65,97,83,46,92,4,67,94,35,94,48,76,81,27,81,71,63,47,34,95,63,5,9,24,12,67,21,23,25,62,97,16,15,86,72,51,3,84,54,10,73,96,29,55,83,63,69,10,31,99,27,65,79,3,53,84,9,66,17,46,39,66,93,19,39,65,69,72,74,66,36,2,13,26,52,67,89,47,61,17,63,2,50,68,86,6,47,77,83,96,44,26,67,3,96,12,83,27,21,89,96,83,20,10,87,42,23,55,85,18,18,59,46,65,24,40,21,88,5,11,3,57,89,28,90,63,53,98,50,81,11,26,84,87,61,71,81,56,12,68,75,40,43,91,1,78,65,20,88,89,20,65,2,99,24,25,74,40,70,60,40,81,21,59,86,95,50,90,33,56,49,77,14,51,56,69,66,36,89,56,68,12,56,62,47,42,79,30,60,98,81,63,27,50,85,15,46,80,95,58,71,23,39,74,72,88,23,72,62,67,85,56,63,93,56,63,56,44,75,71,20,47,69,32,8,8,54,66,86,63,10,58,83,24,88,34,64,47,95,11,14,13,40,32,67,87,70,27,9,54,47,68,11,70,38,37,64,39,78,67,30,26,3,86,22,97,1,93,86,24,74,82,80,9,9,54,45,70,71,17,39,25,21,78,77,10,70,59,69,58,22,71,87,99,43,76,85,60,83,54,85,97,67,67,61,50,70,32,33,8,29,25,62,5,1,72,78,58,40,17,45
202,76,75,17,26,94,93,37,14,78,39,18,63,17,34,1,29,42,86,14,85,56,67,87,74,21,63,90,48,8,95,94,8,41,89,12,70,8,93,32,18,17,65,38,51,83,49,26,40,84,22,28,80,53,49,80,37,85,23,50,81,1,95,64,75,98,2,73,96,40,24,91,89,99,86,85,73,76,22,79,9,12,92,78,97,53,82,85,94,10,13,22,19,39,34,23,55,57,50,34,85,95,36,40,37,15,8,81,92,84,96,91,82,59,14,74,37,91,42,59,53,93,25,97,65,24,93,23,38,80,97,63,46,59,87,69,85,86,66,83,50,37,19,72,2,31,26,92,98,29,22,51,66,40,17,12,68,24,16,63,77,18,99,30,15,29,32,97,1,19,32,67,41,35,54,83,14,50,44,60,30,14,14,83,66,12,50,31,83,55,27,75,39,41,87,68,88,22,86,88,16,74,45,52,69,79,60,23,32,5,35,90,77,7,94,60,12,52,27,99,67,64,81,33,85,32,52,18,4,50,15,98,88,39,64,7,17,44,23,97,10,55,31,57,77,43,64,54,62,94,82,57,39,1,47,75,70,16,27,66,67,65,56,8,34,3,77,51,62,37,65,10,9,30,50,76,49,51,19,25,2,57,42,52,21,10,21,3,83,52,38,88,98,33,78,23,22,52,54,92,75,34,49,20,56,51,73,43,92,50,20,65,85,7,27,4,1,89,60,29,3,85,12,62,9,95,57,75,52,49,63,57,33,87,2,59,94,33,48,15,59,39,81,20,60,93,28,99,38,40,49,29,44,20,11,10,93,59,6,55,94,94,47,51,42,58,37,24,38,98,81,48,10,23,52,45,99,68,66,53,83,40,6,90,69,64,43,34,6,85,6,52,48,54,12,54,28,99,50,49,73
203,27,38,3,43,66,71,41,50,86,14,7,52,82,30,44,69,66,8,40,83,4,11,1,31,74,28,9,16,28,50,67,32,4,93,4,71,16,83,3,16,30,60,92,82,62,84,46,74,2,19,19,15,50,39,6,12,60,87,86,96,16,34,34,17,84,6,36,26,10,23,24,90,33,63,96,53,38,19,74,54,93,7,23,30,49,97,95,91,40,71,87,97,86,47,18,52,44,57,71,72,78,88,87,69,30,1,90,49,56,93,69,49,85,1,78,56,76,81,33,22,6,82,97,75,58,70,80,36,8,67,77,39,58,33,83,81,83,75,40,24,92,42,52,59,64,41,73,35,45,99,14,52,28,55,90,36,24,75,26,62,84,18,37,17,36,38,85,88,89,81,92,66,46,28,6,77,75,26,11,4,68,41,16,42,13,86,86,84,77,84,12,70,74,50,27,19,73,77,94,17,3,80,75,12,94,45,30,61,39,86,11,48,57,26,33,13,52,17,1,94,41,37,90,99,75,84,7,53,4,43,27,82,28,12,29,5,7,62,2,29,85,53,15,46,92,25,57,50,77,4,71,96,56,73,86,63,90,39,35,90,9,81,12,22,39,49,61,19,96,47,80,15,74,76,36,80,79,53,41,51,58,58,72,32,35,21,30,85,22,35,87,37,39,39,87,41,60,53,54,9,63,23,98,73,38,59,74,73,27,37,92,19,18,7,75,77,3,66,15,60,80,43,72,90,12,89,43,22,67,20,25,73,52,77,19,17,71,20,41,24,49,84,58,50,73,82,91,53,56,43,12,46,82,96,38,92,32,26,91,7,19,5,48,75,88,91,84,42,50,49,86,96,96,65,72,97,96,13,90,87,12,72,35,79,22,4,74,79,39,70,22,48,59,95,65,83,82,91,92,79
204,85,13,22,44,78,97,94,12,28,16,28,37,90,60,98,50,81,63,15,75,78,61,81,37,14,17,1,60,82,69,8,71,8,87,76,45,18,4,9,20,31,65,49,70,40,34,54,91,23,49,86,17,65,24,1,73,36,9,98,35,4,88,65,82,81,77,96,46,22,97,85,31,5,86,21,60,60,4,37,93,8,28,64,23,30,25,88,65,28,20,40,20,77,18,48,22,13,83,75,81,1,92,82,37,10,19,22,76,27,15,19,44,24,44,43,96,6,22,42,42,14,34,37,16,83,31,41,18,97,85,19,82,5,20,38,43,27,38,13,93,2,51,85,71,72,1,13,26,9,50,24,5,47,80,47,14,46,62,73,22,49,80,25,73,85,60,35,23,80,46,7,43,86,14,35,8,42,99,24,83,56,46,78,74,76,66,4,34,52,29,30,41,53,89,71,47,92,49,45,29,92,63,34,43,65,86,63,32,8,13,10,88,84,30,6,51,25,46,89,25,35,94,71,59,36,48,73,39,91,73,87,78,74,94,54,77,74,15,65,14,98,93,77,61,35,4,45,63,64,42,18,81,96,67,97,42,10,62,82,58,74,57,3,27,7,72,56,24,8,51,68,31,85,41,25,74,99,16,10,94,24,10,79,15,13,63,6,95,88,46,73,1,42,88,81,66,14,99,44,5,85,29,56,44,63,21,8,35,79,99,90,15,30,41,96,72,66,95,44,53,71,4,95,81,36,30,14,40,70,10,89,56,30,67,97,40,61,90,92,42,21,63,62,82,19,94,92,50,77,63,61,92,23,12,81,54,12,35,2,32,66,41,34,10,92,3,32,39,12,38,28,23,79,91,45,54,21,11,2,23,49,83,26,85,24,27,21,82,19,95,29,54,64,12,24,77,28,55,15,75
205,59,51,15,51,61,85,79,38,92,71,53,54,8,82,8,45,99,44,3,89,50,34,54,30,86,8,19,81,69,68,51,15,18,90,25,34,25,53,46,94,51,43,93,87,66,4,66,70,1,78,25,61,16,99,42,42,55,30,60,4,76,83,39,68,1,79,85,73,17,94,81,59,61,19,9,7,37,80,19,31,16,20,94,65,19,45,2,32,14,71,38,81,79,89,50,52,72,40,87,31,32,94,90,30,30,46,80,20,65,23,74,50,43,17,48,11,89,85,29,52,68,26,50,48,26,52,36,76,59,77,19,93,36,50,28,63,43,77,95,80,53,65,8,70,70,58,43,22,80,9,98,36,75,83,43,42,85,7,23,90,65,46,59,13,14,43,49,7,21,1,27,87,16,30,43,80,42,32,4,78,6,78,1,48,38,51,19,12,92,13,42,93,87,75,81,84,16,90,47,11,85,71,30,34,64,23,40,34,54,61,98,16,61,54,18,45,42,28,45,84,91,76,76,63,65,52,33,70,18,70,76,56,47,13,58,11,30,52,67,55,78,82,56,83,66,38,55,95,83,98,10,19,74,91,61,30,93,36,67,32,14,4,63,17,54,99,52,54,73,63,67,99,37,90,30,37,91,59,96,82,3,38,15,81,87,48,16,83,8,39,7,54,44,50,80,16,49,13,12,60,79,1,50,32,91,2,21,2,18,17,82,30,73,50,48,30,84,16,56,67,71,78,81,97,11,96,64,38,46,26,15,74,96,20,41,67,52,73,41,24,27,80,99,19,15,98,29,94,10,54,69,40,30,49,97,44,64,73,26,22,25,23,1,88,16,46,29,84,42,96,66,97,91,44,12,22,48,4,59,13,5,9,88,56,94,54,17,93,78,68,55,62,53,73,18,1,33,33,38,35
206,56,87,90,23,86,79,70,15,49,67,93,50,44,28,15,33,56,4,5,21,81,49,80,70,17,53,84,58,5,21,11,18,95,52,26,29,32,30,25,80,68,58,62,67,95,89,7,34,98,92,97,9,48,71,82,53,40,30,77,56,5,43,82,70,62,71,47,30,83,79,21,40,51,40,48,56,6,21,53,31,89,34,2,47,39,21,50,91,91,18,5,88,17,76,70,38,40,80,1,43,1,60,86,84,54,67,65,7,13,10,63,27,84,15,34,14,23,63,66,47,4,72,10,10,56,91,23,97,62,95,12,4,19,71,51,32,85,43,30,6,16,46,46,19,89,97,17,59,26,94,41,85,41,60,44,10,91,87,11,94,75,12,53,71,48,79,20,15,67,41,71,68,32,76,37,55,68,31,1,53,83,32,93,83,53,5,29,40,66,79,29,83,29,69,56,71,66,78,65,6,93,28,46,20,1,59,82,96,76,57,46,30,9,66,7,93,83,90,65,50,83,58,10,29,42,59,80,62,88,39,21,23,42,98,50,37,22,72,15,20,82,4,50,24,54,27,92,60,50,46,1,44,70,59,63,26,99,32,33,24,13,55,96,66,51,79,60,46,33,89,5,47,38,65,70,44,94,72,22,81,71,98,62,34,94,79,61,92,59,40,68,62,98,56,20,68,70,20,48,79,92,70,22,97,68,73,16,91,67,55,26,51,51,29,45,43,51,16,66,4,52,38,85,3,29,19,11,27,64,65,94,98,82,7,95,6,82,27,9,86,23,75,21,59,9,15,87,86,43,82,95,51,53,49,37,22,32,18,6,7,38,91,35,82,35,28,15,71,67,5,14,26,39,18,44,34,79,20,69,8,10,43,64,99,28,36,18,17,91,25,66,10,58,74,13,73,35,48,34,43
207,10,3,89,21,83,9,13,7,57,12,96,10,70,17,71,60,7,6,86,3,37,27,94,90,94,98,77,53,21,79,21,9,60,57,40,19,36,72,65,61,73,26,58,51,62,7,39,53,48,82,61,1,50,48,24,13,78,95,69,48,58,73,98,92,32,82,60,21,35,4,56,69,76,74,1,23,77,48,89,75,66,38,45,71,99,70,79,75,44,95,76,16,89,17,71,30,12,96,54,20,10,52,29,7,53,78,12,58,93,37,56,67,82,48,21,90,98,54,9,93,60,78,53,53,42,8,32,43,20,88,13,52,77,86,32,7,67,70,5,34,99,58,93,57,95,42,90,14,5,68,49,88,30,60,38,55,4,95,28,13,48,51,34,55,39,32,84,5,9,11,82,17,72,25,61,25,36,78,57,44,13,3,62,7,43,25,78,33,80,12,73,99,32,32,69,1,37,93,34,39,47,3,53,84,54,41,42,95,93,59,77,38,22,42,70,83,96,31,93,6,72,21,49,39,17,66,44,66,1,82,63,53,29,92,61,67,44,69,54,94,87,59,58,67,36,30,93,89,68,92,51,53,74,10,3,13,56,1,10,87,23,4,40,24,48,22,7,42,97,53,45,70,55,43,39,11,10,66,68,37,46,38,53,66,1,65,6,50,64,5,26,50,17,26,82,76,10,21,56,49,97,35,15,83,8,39,75,29,6,30,97,81,18,3,56,50,9,59,99,5,10,93,50,32,83,14,72,27,10,18,87,6,13,70,2,52,3,98,87,28,71,95,32,1,4,1,31,43,96,18,23,29,79,41,84,65,40,13,67,32,78,48,46,81,47,51,48,44,92,40,31,89,48,96,11,84,92,44,75,68,41,39,84,67,95,77,69,40,54,94,3,56,90,79,5,25,63,1,55,68
208,71,57,35,2,85,36,42,8,17,61,76,1,58,26,89,16,64,22,4,9,10,5,56,71,55,73,87,28,60,74,39,75,7,4,31,66,36,4,60,30,23,92,77,68,27,2,64,97,6,29,75,48,3,84,83,89,95,96,9,12,22,88,94,80,23,35,63,35,24,48,11,50,36,15,85,64,89,69,32,4,29,90,83,34,45,23,89,4,31,55,50,45,94,85,72,16,27,44,67,76,34,37,31,82,98,7,26,87,21,55,17,55,34,38,36,10,3,80,20,56,27,17,60,64,74,67,94,3,37,25,82,81,9,90,1,77,96,87,39,82,42,61,22,91,31,85,36,67,77,89,93,33,31,50,43,80,94,44,32,69,77,48,80,71,43,42,23,65,89,90,37,96,46,78,47,47,72,69,44,50,90,72,55,13,32,14,1,15,4,65,19,74,68,63,76,29,6,75,10,69,29,66,20,31,62,64,58,14,64,32,14,24,37,2,96,90,58,47,25,25,80,68,12,4,79,10,10,48,62,83,51,54,40,3,40,40,95,20,20,78,98,2,1,20,22,93,19,14,78,53,67,29,69,84,95,14,91,6,55,74,67,50,53,13,73,17,91,18,96,78,14,1,29,73,48,71,95,23,32,36,1,52,84,66,78,5,19,7,62,37,88,45,15,93,38,65,41,29,61,21,45,25,19,17,46,96,44,39,31,61,51,11,29,22,15,18,30,47,99,18,18,33,91,20,30,4,13,43,68,46,2,43,57,94,56,15,94,55,3,90,81,6,75,26,20,97,10,8,60,7,50,83,1,81,71,98,49,2,10,40,54,77,24,5,62,70,18,33,94,18,25,16,29,43,36,45,41,74,47,15,98,35,87,95,51,62,98,99,58,94,25,16,78,50,29,69,21,89,85,60
209,29,66,64,78,22,25,23,81,89,33,48,33,81,31,49,40,69,48,50,29,4,28,63,51,78,30,3,30,65,78,89,35,29,39,59,8,52,86,89,51,47,25,3,2,35,58,10,51,7,90,95,6,39,66,23,85,86,43,52,12,67,14,30,85,59,71,51,86,8,8,24,47,77,42,30,31,28,64,45,44,31,39,40,18,40,95,11,82,19,31,52,78,43,82,75,53,53,30,12,31,22,43,78,42,73,20,91,50,99,12,79,25,62,38,89,95,37,88,12,79,37,55,8,91,67,98,20,22,75,36,44,95,95,97,18,70,80,94,14,91,23,26,55,93,9,44,75,97,4,74,17,91,23,86,29,73,15,60,94,74,93,82,2,50,66,19,54,48,34,60,59,17,53,39,98,82,10,38,5,48,57,94,90,49,36,35,8,33,22,62,68,23,95,44,84,92,13,52,88,10,32,61,48,65,25,63,82,37,41,95,70,81,63,61,85,63,21,3,36,23,7,11,67,12,68,1,19,62,5,75,5,90,68,37,22,35,27,18,51,12,71,27,75,11,89,39,6,46,48,63,53,28,27,74,28,72,13,78,47,27,51,57,93,46,18,29,53,34,14,8,70,54,3,86,27,74,30,13,82,46,30,15,45,89,78,69,13,63,94,61,30,44,20,88,22,60,34,79,54,16,92,73,75,72,81,27,2,25,27,63,77,73,34,30,71,37,7,60,3,10,65,69,50,88,12,4,69,79,32,13,60,54,37,73,26,24,70,82,66,48,48,51,63,78,68,96,16,40,62,19,52,3,97,32,42,34,19,34,47,84,69,39,93,38,54,68,53,40,35,23,80,86,13,19,45,12,84,32,38,42,45,93,67,24,78,59,78,10,50,18,68,92,50,48,74,7,20,59,54,32
210,70,26,34,68,73,51,98,88,55,23,43,32,19,17,29,69,85,26,50,3,70,30,57,73,33,76,34,38,37,34,85,74,76,10,2,21,58,60,71,89,98,89,90,55,1,49,1,46,69,64,40,93,78,84,87,22,22,4,62,46,84,60,10,89,52,79,53,42,41,86,57,79,60,48,36,66,61,71,35,81,20,64,44,43,98,26,93,92,49,68,11,19,69,24,14,18,35,13,3,63,99,8,37,64,98,71,39,76,72,14,87,87,67,21,6,74,27,31,24,42,49,52,38,94,8,19,72,14,28,41,5,35,46,40,68,79,93,24,67,56,39,73,10,93,72,38,51,94,21,15,82,43,94,33,11,68,63,79,95,41,18,7,9,17,76,3,86,58,7,36,24,33,47,82,75,93,3,34,40,93,92,53,74,98,18,24,6,71,3,17,17,99,79,44,18,96,7,88,85,36,50,75,73,47,69,68,13,84,25,36,22,93,97,26,96,89,37,79,69,72,42,18,48,31,91,2,29,68,71,33,83,84,88,89,97,29,74,25,85,28,14,81,78,4,81,69,87,20,23,14,44,52,76,96,72,69,70,24,77,52,66,90,96,95,19,36,84,7,24,23,53,25,65,64,1,95,52,57,61,28,4,24,51,50,11,7,26,42,74,26,46,20,78,12,59,13,61,3,21,41,85,35,74,2,39,52,46,29,15,53,78,37,41,80,62,87,67,20,51,18,89,41,44,48,81,51,39,32,3,60,92,97,63,56,57,54,75,97,31,99,16,79,31,2,6,94,10,12,81,33,55,31,48,68,87,71,19,16,74,66,75,39,91,64,78,83,79,60,33,46,98,86,30,47,93,65,64,19,55,78,26,17,76,32,66,72,76,13,58,57,22,62,16,97,53,85,50,32,38,90
211,44,59,65,46,69,74,2,57,72,74,81,23,30,59,61,92,52,46,85,25,93,21,97,76,71,7,68,17,59,70,15,92,98,55,8,41,16,35,21,59,91,56,2,61,74,26,53,57,83,85,21,5,35,45,36,54,89,12,22,19,60,28,53,82,93,49,80,50,32,66,79,79,87,64,57,62,19,88,61,33,4,4,16,77,1,84,42,1,78,77,32,58,19,43,51,92,55,92,82,5,80,66,56,28,93,63,32,94,79,55,80,49,31,10,55,85,49,32,85,96,86,79,95,96,9,53,33,11,82,20,69,5,5,50,39,9,16,89,40,87,78,91,86,12,80,29,37,22,1,63,39,43,59,11,2,80,83,11,64,79,55,70,6,66,87,17,17,24,22,92,20,76,77,97,67,12,59,15,8,56,29,96,17,22,51,44,72,43,47,28,58,30,35,28,80,20,84,60,85,13,5,91,80,44,37,1,39,93,45,99,12,47,19,29,79,93,96,20,58,98,18,11,56,21,38,44,5,6,67,28,99,26,38,35,11,93,54,53,49,95,56,58,88,89,41,92,29,10,26,66,47,42,26,54,97,47,63,45,21,57,98,62,6,63,48,72,84,45,27,94,3,3,11,42,47,29,63,85,46,83,39,86,42,71,88,26,54,61,32,78,65,90,83,52,7,77,46,63,46,66,6,80,69,63,82,76,1,31,85,16,64,14,22,40,30,53,26,51,5,77,66,28,27,87,71,31,36,45,30,4,91,91,75,21,21,19,71,53,69,98,69,43,16,47,39,91,53,60,17,26,54,12,35,76,37,97,27,44,25,68,14,12,13,65,75,19,79,81,80,6,78,12,34,83,21,76,40,75,7,89,86,1,54,45,96,30,34,17,11,3,83,75,36,17,68,32,29,39,89,42
212,30,71,25,32,37,62,45,27,77,5,77,18,92,97,49,27,38,19,35,63,49,7,20,79,65,68,90,63,84,60,91,3,52,46,29,12,87,94,7,58,57,99,43,70,75,27,54,37,38,88,78,70,84,38,11,26,27,41,67,33,17,64,21,38,74,49,1,3,12,8,42,81,22,70,95,33,37,47,62,65,62,35,28,20,63,83,57,62,89,78,99,15,80,41,98,12,84,14,27,72,70,2,52,45,45,60,22,52,55,99,79,90,89,13,83,21,25,9,12,3,52,92,74,12,44,23,55,43,49,21,43,82,26,72,19,59,70,73,47,28,39,51,96,40,12,91,54,91,82,48,96,42,46,38,99,2,7,87,20,67,46,77,85,5,73,57,35,96,29,52,80,36,46,61,49,99,33,9,25,39,63,83,4,38,95,62,12,81,26,58,71,29,77,61,6,11,78,99,32,7,24,71,44,97,39,7,64,27,67,33,60,5,36,15,38,19,21,29,2,45,96,39,43,72,31,42,67,75,68,21,77,28,25,2,40,10,8,3,92,31,22,46,48,8,73,93,70,92,63,80,76,85,6,32,83,82,69,41,1,32,19,22,27,16,26,50,47,73,86,54,55,24,56,85,93,22,26,89,99,32,67,15,97,7,82,33,95,81,58,2,6,78,93,74,14,26,31,11,24,24,29,69,62,80,38,17,88,92,12,34,61,24,67,54,65,20,53,81,46,80,12,39,17,64,99,15,81,42,17,65,54,18,6,26,1,61,40,76,30,2,25,2,7,8,98,1,19,56,44,37,65,21,34,18,69,67,65,19,81,30,80,94,28,17,96,49,65,17,78,75,7,6,39,17,48,17,18,19,23,42,14,65,72,67,39,9,70,8,56,80,63,19,81,64,2,74,13,81,84,12
213,31,62,71,48,51,42,48,77,67,12,9,76,7,65,4,11,19,84,52,60,70,96,5,57,91,25,68,98,80,85,10,29,85,60,50,68,85,99,99,13,99,63,12,37,44,68,98,39,91,42,1,45,4,3,71,18,16,52,2,99,57,64,45,91,61,99,93,86,21,15,39,61,94,61,32,13,97,30,56,15,53,51,22,93,78,88,18,8,33,47,26,76,60,39,16,93,83,21,60,94,57,20,14,91,71,11,26,43,19,24,61,90,73,48,53,99,71,50,85,3,8,52,73,57,64,48,11,44,38,84,23,12,97,25,7,62,86,57,1,11,47,49,37,32,28,79,19,43,16,26,72,90,14,16,37,85,72,56,67,9,28,93,21,78,30,36,78,90,76,55,27,16,99,70,74,39,92,69,26,66,88,70,60,97,12,59,34,23,24,28,44,62,83,35,26,94,82,59,11,51,78,31,56,69,79,53,61,22,59,25,21,98,10,16,51,34,81,93,79,25,53,76,37,7,64,77,18,35,29,63,54,35,89,17,90,54,74,55,33,35,95,34,6,66,5,72,80,37,57,95,27,3,10,9,15,54,33,87,13,8,16,9,51,77,1,67,41,29,94,22,29,92,94,1,89,31,21,79,71,79,82,98,50,61,62,87,22,12,21,88,75,68,30,57,33,80,21,84,51,6,88,11,38,50,72,11,37,21,74,80,50,98,66,15,40,96,71,59,97,35,97,25,91,11,90,6,24,69,56,99,64,98,73,22,41,75,38,80,9,28,21,75,39,14,71,11,80,17,26,55,95,66,56,36,49,63,51,93,41,1,85,93,84,29,29,32,95,42,52,12,68,55,65,71,92,96,10,7,58,86,81,59,20,53,62,68,39,17,60,8,26,43,78,92,36,2,51,72,55,47
214,56,82,50,3,35,96,42,74,71,93,47,77,2,42,73,46,24,18,22,83,92,52,14,7,13,11,48,90,43,14,57,81,53,22,68,93,51,5,25,32,3,43,96,77,68,81,27,87,73,66,24,81,73,48,55,43,90,86,18,96,80,8,29,43,56,14,88,83,18,30,86,8,43,64,91,9,71,98,47,33,11,38,28,96,92,29,42,12,66,42,95,40,8,47,54,88,73,15,69,93,66,63,83,36,95,36,28,17,23,8,88,12,50,19,84,37,64,84,40,16,9,86,10,46,81,65,26,29,47,9,34,2,51,91,50,73,68,78,15,24,84,56,88,54,54,61,71,79,44,80,99,64,60,9,16,82,59,3,29,22,16,16,26,47,89,60,65,77,91,23,31,65,98,90,30,64,99,41,19,99,83,73,68,83,56,60,82,89,87,95,47,18,24,13,86,34,13,25,12,28,8,21,52,1,30,32,48,80,1,40,50,16,74,94,99,9,87,42,55,62,76,29,33,36,50,19,64,67,19,80,70,14,58,26,68,61,20,15,19,82,53,63,14,50,57,98,9,39,97,46,42,60,22,7,86,34,37,49,18,85,74,63,54,3,54,73,40,53,30,72,9,88,68,47,18,47,87,97,54,90,63,97,85,54,17,26,73,99,47,81,48,78,71,5,81,9,23,26,51,62,18,46,10,4,28,27,1,7,88,45,17,1,9,67,99,8,86,65,14,45,57,4,20,58,19,83,66,16,75,43,97,7,44,58,44,16,15,84,48,21,72,84,64,66,33,94,17,9,54,37,52,15,67,96,41,20,95,25,83,70,22,10,23,77,51,56,56,62,40,59,87,62,9,46,73,83,21,76,66,17,34,18,80,71,68,98,88,52,53,83,39,59,54,51,69,54,45,65,52,41
215,69,38,27,16,36,48,27,23,84,7,80,97,49,93,29,91,93,95,8,60,49,70,6,65,50,91,58,98,81,3,13,86,14,29,58,56,7,52,22,94,69,12,57,65,90,61,61,81,5,65,40,19,46,50,14,58,42,31,86,98,75,38,87,15,76,1,5,17,8,14,72,79,5,20,67,2,23,78,48,8,19,21,30,15,80,1,21,29,40,61,39,26,51,65,33,35,48,57,49,45,43,38,44,36,40,70,63,42,83,79,13,19,85,6,56,82,60,60,6,23,86,48,46,35,47,33,8,49,24,53,7,18,83,88,89,51,90,11,77,83,7,55,72,13,15,70,34,91,67,97,36,89,37,67,49,89,34,27,67,79,85,69,45,47,30,38,41,88,16,13,89,14,57,36,60,56,61,18,2,1,89,33,37,6,13,70,91,81,43,70,55,37,31,82,83,76,49,28,74,8,1,2,68,1,47,11,37,73,75,65,68,34,45,20,14,70,40,27,17,64,72,44,12,20,28,45,53,44,30,10,77,11,19,76,33,94,49,86,76,87,62,81,49,50,75,36,35,57,47,56,42,64,17,66,95,45,16,73,3,90,59,91,54,14,30,78,18,61,71,10,36,83,21,75,16,80,74,39,29,21,45,41,99,70,53,72,3,65,21,27,53,46,17,96,8,77,60,86,42,60,91,90,23,29,28,50,58,27,31,97,34,62,88,69,46,65,10,76,1,52,76,48,35,32,14,9,42,19,21,91,51,9,82,86,38,51,44,33,91,25,22,6,75,30,13,55,74,16,13,24,70,87,82,84,52,98,80,50,73,73,58,75,90,81,10,4,86,4,77,56,66,13,64,39,64,38,15,42,78,97,3,33,93,15,16,70,93,63,64,76,64,10,59,28,4,72,44,96,62,93
216,6,16,20,98,21,24,8,58,84,25,87,40,85,40,41,10,51,65,11,6,50,15,74,28,7,23,53,78,31,68,92,42,28,7,6,65,9,76,3,23,82,37,80,87,34,46,13,40,35,54,16,3,61,89,50,11,42,37,60,97,27,63,86,1,21,3,29,90,19,84,44,10,66,57,91,10,67,92,96,61,92,83,84,98,2,51,59,51,68,96,22,99,28,45,37,98,28,53,57,16,66,49,64,79,39,95,8,55,93,6,30,90,41,1,24,81,19,99,93,4,72,1,22,64,75,98,85,21,5,48,10,16,10,20,30,50,10,47,63,70,44,97,73,84,40,85,67,12,49,4,28,19,56,23,81,93,88,46,10,12,15,51,76,71,46,28,38,39,23,69,41,50,48,82,48,16,33,45,38,80,36,14,6,15,17,98,5,96,55,10,8,62,74,85,4,86,72,18,25,93,64,2,9,57,65,57,37,95,14,70,38,82,9,83,83,63,28,23,91,25,61,78,96,88,31,17,15,6,2,32,61,11,95,18,56,54,50,64,49,71,7,29,81,47,54,15,19,88,93,58,15,13,90,78,73,66,74,26,28,83,7,50,61,5,21,43,18,14,17,86,83,14,37,75,58,90,31,16,84,29,41,12,93,65,91,59,86,22,86,17,41,94,35,64,58,78,85,44,34,94,2,77,69,60,71,26,23,63,42,31,30,22,8,65,49,91,23,35,74,59,40,25,67,19,51,17,49,9,17,27,49,83,32,97,29,78,54,33,42,43,40,56,26,20,99,82,24,56,97,11,88,12,55,56,91,13,92,79,36,27,76,77,12,14,7,84,87,70,40,7,19,95,61,57,57,75,42,71,9,87,70,12,24,73,21,53,21,10,94,91,88,59,15,36,66,22,77,71,31,67
217,72,31,60,6,88,62,81,29,62,95,97,41,81,14,93,92,64,97,4,64,26,85,28,68,8,42,85,52,64,98,88,16,17,50,32,74,61,35,77,60,24,99,95,43,41,66,87,82,61,17,69,34,32,10,89,15,53,17,18,4,26,90,18,16,66,28,47,9,71,86,11,8,58,47,47,39,63,18,97,6,29,63,89,59,9,38,99,23,93,26,98,10,73,12,25,40,68,35,99,61,73,18,72,22,57,76,97,9,53,72,48,76,54,45,42,48,37,31,5,73,5,31,49,16,11,27,54,16,91,9,47,82,92,47,38,54,77,57,19,49,56,89,86,37,37,9,7,64,63,78,64,45,18,70,72,89,75,24,46,45,80,62,11,89,44,41,7,41,47,83,98,2,3,93,69,75,69,22,87,66,31,86,25,20,76,50,51,27,65,28,50,74,33,64,37,51,72,62,62,14,3,15,5,91,46,45,14,97,24,31,15,48,51,82,7,18,73,84,83,86,10,87,82,1,23,36,89,7,3,49,56,96,45,74,24,1,22,30,48,13,70,49,78,91,77,68,44,94,28,38,2,7,34,44,38,2,2,17,89,80,25,68,68,50,61,19,30,83,2,31,44,29,67,40,86,63,73,81,30,8,13,41,46,7,54,21,86,19,38,56,76,39,98,84,20,18,50,10,53,53,63,51,1,82,44,98,9,1,6,54,30,9,2,69,41,27,9,94,3,83,31,18,94,28,45,2,37,56,83,40,96,68,50,29,16,98,97,48,27,54,28,93,9,64,87,65,81,82,35,62,40,90,24,99,4,42,55,25,28,63,17,38,79,79,16,84,73,79,18,83,46,55,96,46,90,59,68,78,11,83,21,70,63,34,20,64,21,39,14,54,49,14,4,7,61,88,1,61,1,45
218,77,98,2,22,55,91,61,29,81,5,18,10,79,93,22,82,74,98,26,31,38,85,40,15,39,94,55,52,66,98,51,88,34,22,51,48,33,95,23,72,17,48,6,12,53,49,15,96,68,43,84,59,44,48,51,7,10,30,36,21,78,91,74,74,60,36,17,46,91,45,61,96,82,96,21,80,48,48,98,75,60,26,39,99,68,59,3,31,61,3,49,34,81,70,24,58,18,26,41,61,73,88,48,49,46,52,64,41,82,16,18,90,48,41,9,58,16,28,13,81,10,43,33,66,52,96,33,78,67,12,15,92,72,41,55,17,69,86,3,69,21,13,19,40,18,29,97,38,61,20,30,9,5,55,75,1,85,15,68,76,75,96,97,84,24,38,61,68,87,93,15,24,71,7,63,73,81,18,20,16,62,45,24,43,40,71,17,65,58,5,78,61,22,82,63,80,85,43,1,91,5,9,93,24,83,37,77,68,14,87,58,2,33,67,38,92,69,44,24,55,7,44,30,49,16,91,2,90,80,67,6,50,19,61,67,97,38,41,12,34,32,43,82,42,78,3,82,18,58,92,87,32,31,92,36,97,14,46,27,30,88,18,86,59,77,95,16,78,77,8,37,36,53,87,36,97,57,82,36,59,45,10,53,14,32,55,7,12,8,98,97,17,82,84,39,69,95,40,31,11,67,50,93,42,97,87,50,29,17,44,90,2,77,39,30,21,39,95,39,56,72,51,61,36,49,87,82,95,60,62,67,56,16,22,4,24,45,63,8,22,7,97,71,24,71,19,92,86,93,63,12,20,28,79,46,99,4,15,48,15,53,45,76,63,93,31,13,3,50,12,10,14,59,81,88,45,68,70,57,88,77,71,58,18,49,33,95,72,22,40,91,53,17,65,85,25,15,84,1,86
219,48,98,96,65,19,16,29,74,33,64,47,90,26,47,43,21,84,9,34,20,26,30,76,20,64,56,39,38,60,89,25,68,5,53,32,66,86,64,83,33,69,29,56,43,23,15,47,52,88,64,71,75,32,30,99,23,15,60,74,29,25,66,6,87,18,84,67,31,31,98,25,82,87,7,52,64,32,91,7,85,72,20,74,16,62,3,64,46,28,36,35,80,75,3,91,75,3,77,94,24,2,94,53,23,47,56,26,87,61,27,36,80,32,47,19,9,55,30,48,6,20,30,46,45,82,8,19,93,12,65,32,61,99,71,97,65,55,78,69,60,24,58,36,84,15,52,80,82,29,54,93,37,56,32,25,52,81,21,32,75,73,21,71,36,44,99,69,81,4,95,32,30,70,57,41,80,22,38,99,70,29,37,43,7,20,47,93,20,94,47,36,89,32,44,60,64,45,76,30,70,59,43,66,26,16,92,3,76,10,49,53,72,64,74,17,65,9,85,96,50,85,97,5,87,19,17,12,19,20,10,78,50,78,29,78,79,42,30,59,29,94,14,55,37,59,2,44,90,88,36,56,27,39,90,56,41,23,2,24,17,65,80,44,41,72,66,96,73,57,82,70,51,35,69,99,46,19,22,42,36,46,77,11,79,47,80,49,30,30,14,98,96,89,81,45,79,57,11,70,34,1,13,45,70,27,35,95,90,16,87,6,53,16,94,90,37,7,1,90,26,73,49,53,57,14,74,80,71,11,69,95,19,47,36,54,24,43,25,58,49,44,5,78,21,90,8,98,1,29,96,38,79,64,47,80,22,59,73,42,99,1,2,90,11,38,46,17,32,7,80,57,40,3,8,27,15,82,73,17,65,32,73,3,10,96,1,30,59,14,9,11,10,65,44,74,81,12,66,38,89
220,52,31,49,19,28,29,69,74,66,81,49,50,42,94,87,80,8,9,46,47,20,36,2,77,97,91,17,22,21,79,57,27,96,9,9,66,29,55,29,32,5,33,25,46,44,84,41,61,86,97,68,62,20,50,28,29,17,43,59,91,3,5,75,35,69,74,41,96,76,44,82,83,59,7,40,68,12,78,66,92,32,74,89,19,44,84,15,64,51,7,32,35,15,22,95,52,33,44,34,85,75,10,33,96,84,15,55,60,92,88,69,5,7,25,27,43,83,3,20,78,55,30,23,94,96,68,80,31,99,52,73,82,21,13,68,43,7,16,17,99,6,20,22,52,72,9,68,90,70,18,39,23,96,87,29,38,51,65,10,16,34,87,42,93,50,11,27,35,75,63,18,92,38,12,37,18,48,61,26,32,78,7,61,22,67,81,27,89,47,28,80,53,80,15,38,19,35,33,92,9,3,91,73,20,64,75,3,9,86,38,64,73,54,10,53,84,87,42,9,96,91,2,90,1,41,42,75,55,33,84,75,21,54,15,17,62,73,71,12,39,23,4,43,34,83,68,89,33,44,26,25,16,95,84,3,57,5,78,59,62,89,20,18,68,83,61,99,75,32,98,62,12,23,18,21,50,47,68,77,84,69,25,94,19,68,81,66,98,2,87,57,50,12,96,72,9,60,74,19,80,64,72,41,90,7,28,8,12,75,37,87,68,68,53,92,90,59,55,86,75,62,98,15,95,75,76,76,9,30,13,83,30,59,9,52,67,57,92,10,35,68,43,3,75,43,29,13,45,66,99,22,14,27,35,69,11,6,80,36,80,34,83,65,75,30,59,52,38,56,78,59,98,37,3,10,31,20,70,81,61,45,81,1,79,21,99,47,16,58,98,59,6,99,87,20,24,89,80,9,80
221,59,89,2,61,46,60,83,95,83,99,17,2,44,8,55,96,66,96,81,35,17,97,88,51,23,70,27,69,47,26,55,34,18,32,24,54,79,31,40,72,56,87,91,35,34,2,58,46,41,15,54,36,26,96,68,18,70,34,80,22,22,21,58,81,68,43,86,61,24,57,62,4,87,54,2,38,46,10,48,50,16,57,41,31,1,23,21,12,46,67,74,21,70,52,39,56,16,45,24,26,15,59,12,30,6,57,21,24,36,50,4,85,13,98,38,23,86,47,84,71,87,80,19,16,78,62,98,87,88,58,10,35,78,99,74,81,53,79,20,49,79,22,73,35,63,43,56,93,5,54,61,10,77,97,75,35,55,46,58,77,44,18,84,22,18,99,86,98,62,11,52,53,81,34,6,99,17,73,66,78,52,94,34,63,89,77,93,47,24,88,92,19,55,57,41,25,74,34,40,69,50,13,4,92,67,24,97,97,11,35,44,95,29,13,33,73,28,16,92,84,1,2,1,83,52,88,50,58,66,57,18,27,99,50,48,94,46,42,73,95,56,73,33,45,54,45,45,8,84,9,59,7,53,31,47,56,17,44,37,26,49,40,5,46,97,27,81,51,98,72,71,81,91,85,19,58,37,11,89,99,1,54,87,67,82,31,71,44,83,49,64,9,35,61,69,16,32,75,35,92,28,57,67,83,23,2,19,35,76,44,86,1,30,52,29,80,80,47,13,19,96,22,15,66,95,57,74,90,76,55,26,69,42,82,79,75,38,11,7,48,45,98,37,2,52,25,48,49,40,2,48,37,28,65,95,90,9,79,86,30,97,33,26,20,14,94,69,69,45,8,12,36,49,54,2,95,90,72,48,77,3,7,60,89,26,37,85,63,47,66,98,21,61,34,62,57,26,75,20,15
222,6,57,76,38,41,53,58,19,37,6,10,47,96,52,88,34,40,51,12,27,87,56,16,59,25,64,81,47,64,73,24,61,67,11,62,87,97,9,89,58,64,24,34,79,2,47,5,74,57,43,45,27,63,23,51,28,24,5,31,50,75,8,96,77,81,94,34,90,82,72,33,81,91,3,39,5,36,4,21,90,78,95,85,13,56,60,1,89,19,87,52,55,42,29,26,30,21,54,9,74,96,15,5,89,85,40,85,14,91,92,19,52,75,54,78,10,1,57,6,69,10,45,7,18,4,63,30,7,95,97,41,35,58,56,35,81,63,75,65,19,25,54,61,82,1,64,62,98,92,82,96,68,16,73,37,89,49,48,65,72,80,28,83,39,62,54,49,5,43,88,26,60,87,73,8,25,50,54,22,56,13,66,73,49,18,69,99,16,51,61,65,99,32,63,92,64,66,19,23,45,84,44,29,87,20,50,60,69,64,34,19,21,59,31,25,25,82,2,80,55,54,81,22,63,88,24,35,97,66,97,24,65,69,10,7,51,82,54,53,60,25,20,27,95,42,4,66,2,60,80,95,47,5,76,89,83,82,73,91,39,43,5,63,10,68,44,84,80,86,86,66,5,23,99,16,89,58,2,10,64,12,99,60,35,91,24,97,70,1,65,11,62,42,27,12,20,86,31,17,13,49,71,40,40,97,78,67,78,47,41,8,10,17,34,99,33,97,21,87,71,27,85,62,13,52,61,69,43,56,72,70,4,25,54,32,31,32,27,6,12,55,13,12,76,51,85,88,94,74,11,26,27,49,14,94,19,23,88,83,54,96,51,5,78,16,5,27,54,3,79,19,71,29,68,33,19,33,99,71,61,5,44,70,34,24,59,96,91,86,47,96,58,53,4,73,6,41,13,2,74
223,39,92,44,13,70,75,30,54,20,51,79,88,20,3,48,20,56,71,68,75,78,63,1,91,19,83,45,5,13,48,31,66,73,47,51,62,81,29,78,42,70,88,82,23,52,64,84,63,7,48,97,95,30,47,36,39,88,98,72,42,64,61,37,77,11,12,28,82,39,7,20,58,58,45,37,58,95,73,8,99,32,26,65,68,11,81,76,2,75,21,21,57,4,22,34,88,91,9,12,57,9,37,78,18,3,76,10,86,5,72,50,52,53,86,58,33,38,80,2,46,24,30,53,5,13,90,61,11,29,61,69,25,58,53,18,77,39,23,58,80,97,58,93,21,83,16,5,99,18,7,70,36,25,12,48,76,15,45,48,93,96,78,16,9,76,71,56,73,55,59,60,27,83,65,89,77,44,55,87,36,95,47,25,42,96,59,93,20,11,56,9,44,74,6,59,50,75,15,23,33,12,9,12,67,27,12,63,58,31,18,50,82,82,55,81,96,80,8,33,29,64,48,38,95,70,41,68,65,82,88,93,58,88,56,57,2,56,52,10,6,95,51,82,49,2,40,39,77,36,93,6,82,63,86,8,60,29,59,82,46,3,99,56,77,90,65,28,60,89,7,40,67,19,12,12,92,3,70,42,54,1,77,32,76,38,13,53,78,55,21,44,43,79,77,57,97,67,75,89,25,10,91,96,63,22,45,75,67,29,75,25,51,70,71,24,5,62,58,63,23,26,67,26,17,41,26,71,99,6,2,61,25,16,89,32,56,53,82,41,48,7,66,58,10,37,2,76,44,36,22,7,50,61,49,35,87,94,28,31,85,88,93,86,69,29,72,87,88,32,85,43,82,85,97,23,20,57,68,39,28,8,86,31,26,37,17,72,81,40,63,78,19,50,82,59,82,72,35,44,1
224,68,92,14,79,84,89,80,10,97,27,52,60,81,83,6,9,50,39,8,78,14,23,85,61,48,89,44,63,93,48,65,22,70,26,72,1,65,14,75,11,25,31,47,56,23,95,66,86,34,82,81,62,73,49,17,22,10,35,94,35,21,51,4,92,85,74,61,52,77,17,47,47,57,72,13,32,75,94,92,16,96,65,86,91,42,37,41,92,99,85,34,88,78,27,50,11,66,22,73,32,58,81,56,98,72,53,37,29,47,5,54,32,64,66,17,33,95,80,47,72,82,22,92,62,81,47,89,98,77,87,84,84,7,4,45,70,26,65,65,12,33,79,60,59,25,81,50,16,41,37,96,57,35,68,76,87,33,29,36,24,8,61,42,9,10,58,26,25,84,88,97,7,69,98,19,3,99,67,82,90,19,9,15,17,72,23,55,44,81,57,63,98,63,86,88,77,29,62,13,58,54,94,48,36,29,31,93,83,65,12,15,22,89,29,56,15,20,6,35,13,62,87,63,6,14,76,29,23,33,43,57,85,85,50,76,17,86,43,15,53,4,41,16,64,4,24,85,6,50,97,73,40,90,18,8,25,57,87,73,76,25,95,88,33,54,13,51,28,71,41,49,6,61,68,44,46,43,51,5,11,13,76,65,10,79,36,21,45,48,23,39,85,34,39,54,37,12,98,23,71,16,60,35,9,10,91,18,39,19,46,15,81,46,59,33,29,81,83,80,76,25,61,25,30,4,7,18,99,72,61,59,1,30,95,56,6,63,13,55,99,94,79,42,38,20,32,48,86,62,3,99,57,66,56,57,64,93,76,10,76,73,66,25,44,24,61,53,57,72,27,81,92,81,70,3,88,63,92,79,23,42,14,56,29,36,49,12,84,31,37,69,24,59,85,61,37,23,53,53,89
225,72,68,25,78,96,60,72,61,90,6,24,3,89,81,4,62,71,83,64,27,29,69,57,70,17,8,18,3,82,73,26,52,9,45,65,72,85,80,32,74,90,10,2,44,55,34,35,84,19,66,59,42,99,50,14,82,47,96,43,28,41,5,92,5,11,79,82,22,49,41,33,6,56,40,40,11,46,11,31,83,22,2,30,20,28,91,72,64,81,99,11,22,85,50,65,17,96,10,39,52,11,9,27,90,96,21,47,23,70,54,62,47,7,49,28,32,43,72,7,9,85,76,55,97,12,84,24,50,28,93,91,30,66,9,59,31,51,11,33,33,34,35,81,84,49,1,23,23,39,67,91,7,52,42,67,61,54,6,91,85,78,69,73,4,19,7,10,73,55,53,20,74,51,83,57,57,14,78,3,64,5,26,74,36,45,92,6,78,75,44,65,5,76,54,2,63,68,59,58,1,41,39,50,73,83,19,37,11,25,43,82,18,58,14,5,97,28,39,21,58,93,18,99,43,51,60,74,70,59,97,79,25,73,73,25,98,32,43,4,90,92,77,24,38,4,6,73,8,60,61,21,4,62,55,47,96,29,4,53,3,69,97,5,65,57,75,28,77,57,24,66,95,71,74,73,90,78,7,13,37,45,90,65,57,65,62,37,6,28,92,11,26,13,81,44,71,43,73,21,88,20,6,37,1,81,17,23,76,6,21,60,68,73,17,2,45,47,31,79,33,15,2,19,54,46,72,1,86,97,99,69,26,50,73,70,65,91,92,62,59,49,60,11,32,90,44,69,15,22,60,52,50,52,98,87,99,67,48,80,31,94,47,10,85,88,9,31,95,9,95,13,88,23,91,30,68,43,60,87,86,83,5,13,17,10,61,12,20,60,27,81,65,59,22,97,86,51,36,53,56
226,12,75,29,60,94,8,81,96,84,35,11,63,4,92,43,36,62,72,64,49,21,91,72,48,96,49,66,92,9,85,53,62,15,60,14,27,52,62,76,80,23,62,39,91,75,94,99,95,78,59,72,92,48,72,96,22,63,76,93,40,68,56,81,90,76,78,55,73,34,26,72,29,33,30,26,21,9,8,92,84,43,40,29,40,2,8,45,66,87,76,3,8,95,1,99,99,59,64,23,51,55,88,58,74,89,49,70,31,62,28,10,88,59,40,25,86,44,20,47,48,91,16,33,73,6,3,65,55,91,55,24,59,43,83,39,97,69,42,64,55,28,53,38,95,14,88,38,7,40,70,45,51,98,24,98,68,43,32,7,37,40,86,74,99,93,42,47,24,84,7,20,99,67,17,94,17,13,10,45,98,84,53,80,93,36,35,61,59,52,54,23,8,68,16,76,48,81,58,26,86,33,69,86,13,68,20,68,58,79,93,94,26,11,61,70,80,62,32,71,40,16,65,36,1,54,87,48,50,98,78,45,68,20,40,83,43,6,82,84,76,14,28,54,34,62,6,33,16,7,65,15,46,69,35,53,91,13,85,20,76,79,42,78,79,13,14,63,40,13,88,93,27,19,21,57,85,1,38,7,77,28,10,47,66,90,99,73,8,25,1,68,79,17,82,66,8,64,25,66,76,44,39,91,88,42,36,70,55,7,95,9,52,67,94,44,75,75,59,19,78,25,73,82,28,23,78,41,74,20,68,95,84,80,84,58,23,31,49,50,20,59,13,97,6,7,47,51,4,96,68,22,6,73,97,54,74,82,29,22,83,39,20,5,77,53,66,67,74,19,10,46,35,6,41,9,77,22,31,42,11,16,53,95,58,89,60,40,74,40,71,53,30,90,26,41,87,93,14,33,13
227,66,77,96,27,81,63,28,98,47,68,15,40,77,17,6,66,21,47,69,10,92,83,60,85,37,51,74,16,58,27,8,76,10,6,37,38,34,22,67,11,39,77,29,28,96,76,74,88,88,37,76,59,65,24,50,50,46,35,39,81,41,52,6,5,95,32,42,52,56,50,17,99,79,35,24,58,13,27,54,70,66,98,60,21,15,15,87,57,12,43,10,87,40,92,31,57,84,49,77,15,94,33,78,10,4,44,35,43,81,22,25,51,25,71,70,58,52,10,32,29,85,67,21,46,47,7,92,38,93,94,30,23,39,27,44,47,47,46,56,89,68,19,80,33,62,96,70,96,10,67,34,52,45,34,48,2,69,36,96,7,80,71,6,79,20,46,35,20,27,35,75,56,57,66,61,86,44,4,51,81,95,88,28,40,20,23,1,66,62,28,51,5,95,39,46,40,22,14,80,2,49,60,83,82,33,95,66,42,13,41,12,18,47,58,37,30,43,14,99,71,80,28,11,90,27,83,73,10,83,8,51,82,86,46,67,27,15,81,34,98,24,31,10,34,32,48,54,94,99,73,8,33,5,58,78,7,23,4,89,21,22,76,90,66,68,32,15,16,38,6,40,47,92,32,7,44,45,1,55,29,97,62,25,42,62,64,73,6,2,72,61,48,13,15,14,61,36,28,66,39,5,21,8,2,45,13,86,20,38,32,5,14,52,21,53,44,36,97,15,7,51,57,87,85,5,68,28,55,51,79,61,38,24,70,89,5,24,38,96,30,37,56,38,79,66,61,78,91,32,50,95,34,2,3,46,20,43,99,51,25,64,13,97,61,44,41,94,34,3,11,63,59,37,52,19,92,6,65,77,10,86,79,45,29,39,41,69,17,16,49,90,93,83,86,97,9,35,4,24,66
228,32,19,7,33,9,62,69,14,80,72,87,41,29,70,4,81,11,58,38,48,58,63,81,43,39,31,77,74,72,43,34,78,26,89,95,9,66,74,78,42,62,8,80,44,68,74,83,75,32,48,42,9,27,80,21,22,90,34,92,15,65,23,15,16,58,56,54,33,97,93,6,85,14,9,33,32,76,20,48,67,27,68,82,44,48,34,36,83,41,27,43,16,25,58,10,35,87,16,28,41,47,39,82,21,9,93,36,29,23,65,77,73,98,41,94,49,92,56,72,8,64,96,46,4,90,60,19,52,70,3,18,50,99,73,24,30,34,56,97,38,6,40,87,95,18,69,22,78,18,22,24,23,74,47,97,54,2,8,41,68,87,9,93,20,56,97,36,35,26,99,56,79,36,85,23,10,4,68,54,50,21,29,38,47,25,60,61,94,43,61,74,92,84,17,12,12,87,79,24,35,46,92,62,37,44,11,30,3,17,74,50,42,9,97,86,60,41,17,45,14,14,31,81,70,98,21,26,84,87,74,73,82,28,48,89,27,15,58,29,36,53,19,5,19,93,70,99,24,93,3,11,80,41,12,1,14,74,20,82,41,4,25,77,16,26,77,23,12,96,82,20,85,62,86,42,27,63,11,41,52,6,63,71,88,76,11,91,59,36,92,71,10,95,59,67,52,92,54,18,43,8,27,69,87,53,18,53,55,23,15,69,33,20,13,64,5,99,66,98,4,97,15,64,16,77,53,39,47,44,18,86,38,34,22,92,11,52,51,70,22,83,56,83,76,95,55,4,10,58,19,80,83,58,62,44,14,60,39,17,11,33,9,91,31,93,25,46,45,48,7,15,68,71,8,40,4,15,73,56,93,14,40,18,31,21,29,48,35,87,57,29,87,66,80,5,9,6,78,3,15
229,89,77,14,90,89,10,39,31,42,47,70,90,72,15,27,27,89,87,65,48,27,99,47,83,92,34,51,14,84,88,13,44,6,92,67,53,45,54,48,42,50,6,51,3,21,27,84,12,81,55,51,69,77,43,5,2,93,50,93,48,75,96,57,29,22,30,46,19,31,48,97,46,28,30,90,97,37,58,37,12,15,51,41,44,3,81,77,85,95,68,15,22,28,21,48,16,14,28,19,69,85,34,73,83,8,83,41,18,37,52,31,57,28,41,41,68,46,35,17,96,58,83,2,98,28,13,16,40,95,3,24,40,41,40,97,17,10,32,43,77,65,55,30,74,34,47,10,83,23,80,13,19,47,62,13,72,21,42,88,92,57,61,93,47,63,89,79,88,34,11,42,73,93,34,45,41,59,48,52,38,27,30,59,14,85,82,2,10,98,59,19,13,51,10,13,2,3,28,97,9,64,26,40,39,62,53,6,12,32,1,1,64,52,12,93,19,79,87,83,15,92,85,95,47,21,2,97,52,26,5,96,41,51,1,66,90,83,53,51,36,32,53,51,1,21,92,95,47,69,34,88,30,58,24,36,63,36,58,32,35,80,33,40,16,61,47,54,19,11,85,40,82,17,9,78,98,12,32,73,61,11,84,44,25,12,32,56,51,3,8,41,59,51,56,69,73,32,62,60,45,50,84,89,99,64,55,38,78,77,34,97,96,11,62,54,19,13,71,74,33,75,35,70,43,24,59,84,16,46,25,58,53,55,38,19,85,64,86,2,38,94,88,23,33,76,69,90,20,18,30,39,32,30,13,65,23,88,65,74,44,77,71,46,54,8,99,94,92,45,7,68,3,55,38,19,47,97,90,91,52,9,52,65,84,19,16,30,76,97,16,6,13,23,67,29,53,19,72,79,24
230,65,23,43,53,40,35,32,97,62,40,31,76,95,99,83,86,42,41,13,72,50,88,26,61,82,72,38,55,63,32,68,83,10,26,78,65,31,49,14,83,71,11,41,71,82,60,58,66,85,60,55,50,9,61,57,44,42,46,99,25,61,90,56,17,59,92,37,17,44,56,55,99,30,32,54,89,73,33,94,89,78,39,58,14,42,32,66,35,19,86,71,49,47,66,98,79,88,58,83,13,93,6,9,90,73,23,49,26,46,97,54,42,90,6,42,95,3,98,42,62,45,60,31,18,55,83,28,1,75,23,61,90,41,12,94,16,22,26,82,72,15,62,81,82,42,38,22,69,15,75,30,53,28,28,55,1,11,21,89,58,36,18,86,86,89,35,12,67,34,32,35,24,24,85,78,52,35,95,17,18,18,17,82,80,16,99,12,1,19,56,1,80,89,85,15,34,47,30,8,29,5,55,94,78,96,36,40,70,37,84,61,98,14,37,30,36,96,81,15,2,80,98,80,15,36,72,88,74,52,59,64,61,66,91,41,80,69,45,21,62,71,80,39,33,85,24,58,69,20,41,47,67,57,18,29,7,45,27,47,31,20,98,88,95,12,77,36,93,76,53,16,68,55,67,73,26,44,88,67,38,5,92,4,4,83,79,19,76,19,53,17,69,22,59,79,75,19,78,27,53,45,48,65,51,76,98,26,31,30,84,22,56,66,79,96,92,47,20,69,42,19,61,94,80,16,42,39,99,50,87,57,65,91,52,29,78,48,59,96,64,16,95,2,45,93,5,70,42,16,37,65,80,59,96,67,38,65,36,30,82,52,51,73,87,50,93,39,18,40,30,72,18,77,32,71,19,65,18,32,66,79,54,39,87,2,67,9,28,83,82,6,69,86,53,93,36,20,10,39,50
231,72,1,58,6,4,91,44,81,63,40,84,19,13,55,77,29,8,68,57,31,9,6,38,93,80,80,47,49,13,70,97,83,64,64,31,42,80,49,48,67,68,81,41,84,77,50,6,21,77,65,29,54,41,29,23,6,26,27,59,21,47,7,46,81,47,94,87,60,54,37,24,86,10,82,63,64,48,94,48,88,40,1,38,24,25,36,15,69,65,11,38,19,93,24,96,82,39,73,62,34,6,98,2,66,64,68,53,1,85,7,6,39,7,4,13,19,12,70,29,20,98,71,94,35,87,19,9,68,59,21,92,1,3,84,66,49,90,71,38,87,70,64,61,73,12,62,10,50,22,47,88,90,70,42,42,67,98,60,9,35,36,40,47,84,73,42,24,32,69,80,77,86,52,96,27,39,52,62,15,67,2,96,93,80,57,78,42,63,47,10,55,42,79,40,65,24,63,40,85,4,85,22,65,55,34,68,7,86,22,89,89,62,72,61,30,50,65,18,44,15,64,62,63,63,17,34,51,48,39,92,82,73,57,31,35,42,78,8,29,50,69,14,16,76,81,67,69,25,6,16,9,97,83,92,75,21,85,67,94,35,68,81,99,32,14,80,60,81,78,97,65,42,95,99,92,20,34,43,67,41,59,37,22,8,59,97,34,51,61,14,72,12,84,97,4,84,9,39,10,46,88,79,27,90,4,32,99,62,49,95,25,73,83,9,1,75,5,74,2,8,69,21,79,99,30,99,87,45,65,97,64,11,80,21,90,57,39,67,31,33,66,57,41,40,43,17,31,52,64,62,35,83,34,76,41,68,6,77,77,29,78,63,71,59,58,3,71,53,97,2,34,75,21,1,12,66,59,78,73,36,77,64,17,33,86,25,43,65,43,39,16,32,56,20,90,21,25,34,18,39
232,17,4,69,9,72,34,69,62,40,42,9,85,72,68,49,62,31,80,48,78,97,85,94,32,28,81,67,44,62,67,10,17,25,84,73,50,36,62,86,35,31,64,94,19,6,79,3,10,5,53,97,29,40,35,3,75,3,50,57,55,94,61,51,70,71,39,9,75,53,58,84,37,26,16,93,98,77,34,12,48,58,49,60,75,12,20,42,43,98,36,88,45,90,98,93,60,51,14,22,13,30,29,39,55,35,1,78,19,56,88,66,89,72,65,45,94,98,18,14,73,63,43,4,86,37,44,47,12,85,22,26,93,44,2,35,1,27,58,36,68,55,78,49,97,22,98,22,47,79,95,49,88,8,49,74,64,5,21,18,73,43,88,30,41,49,9,38,40,95,97,58,44,62,6,92,80,62,86,84,46,96,79,22,45,65,12,92,5,1,39,63,98,1,65,76,61,16,13,17,53,76,70,48,11,51,5,58,91,1,84,39,21,37,23,20,13,57,8,89,20,92,99,33,29,10,3,74,89,93,7,94,31,33,85,32,26,48,90,59,9,77,33,30,86,67,66,55,78,73,33,42,74,13,5,43,15,72,17,3,74,62,52,27,93,84,69,30,77,31,84,17,51,70,96,3,69,28,35,13,76,43,26,40,68,33,99,10,87,86,99,71,16,54,70,81,45,68,76,78,82,15,94,72,13,67,6,48,41,79,19,36,54,48,73,81,89,54,27,18,66,52,56,15,18,3,66,55,9,40,31,22,62,94,18,3,52,14,53,38,98,20,3,26,32,74,37,25,35,70,51,27,32,24,80,29,84,61,9,47,31,7,79,72,61,44,86,24,27,94,34,86,12,32,73,25,43,88,14,77,26,33,18,97,58,63,49,74,94,3,76,65,87,16,71,20,25,90,87,80,34
233,90,79,90,69,46,65,82,40,40,30,99,49,35,65,98,42,33,88,36,52,60,4,96,79,16,11,54,4,6,98,52,38,29,11,10,52,31,93,41,2,74,75,82,96,51,60,83,37,39,43,1,55,27,98,85,54,28,60,44,54,64,77,96,44,2,96,68,71,74,70,38,57,45,59,20,2,52,5,38,19,87,59,24,11,97,57,54,67,17,49,87,77,33,69,54,11,14,79,66,99,60,31,29,7,5,67,90,62,68,15,18,39,44,33,74,40,66,48,5,25,31,55,26,51,5,46,61,71,2,14,57,35,80,25,7,63,9,97,78,58,21,20,18,82,29,90,65,89,28,95,17,20,98,35,67,16,23,96,88,51,99,82,82,53,96,76,30,11,15,93,44,37,10,88,2,42,75,97,63,4,47,30,49,91,17,86,12,1,77,20,76,15,96,18,66,80,88,81,15,32,59,86,20,23,31,79,41,80,53,84,23,47,88,43,63,28,71,33,47,20,12,20,11,87,42,82,68,94,3,30,2,55,10,50,38,43,96,82,45,82,38,51,58,83,53,10,82,55,45,88,1,71,2,5,84,68,87,87,59,2,5,35,40,49,36,20,80,16,58,49,60,93,57,55,46,68,46,70,34,39,98,11,79,55,54,9,94,94,21,33,18,40,54,97,62,81,17,92,18,35,62,61,7,56,60,44,24,12,14,96,73,80,35,85,56,79,88,93,5,56,65,19,24,8,28,41,67,40,86,79,27,63,21,73,44,28,36,97,93,61,25,6,82,97,17,83,75,51,48,67,16,32,90,37,23,70,48,34,61,85,40,79,87,26,41,10,49,23,70,26,42,40,9,22,72,93,2,73,3,94,5,89,59,78,81,50,93,61,82,81,27,70,80,54,96,37,33,43,64,90
234,7,45,2,65,18,89,76,14,27,49,7,43,28,23,93,57,60,5,91,56,22,5,44,91,53,62,81,43,52,70,47,35,8,27,59,45,56,35,40,16,20,88,19,67,61,70,43,93,23,21,53,20,79,17,70,37,90,4,60,91,73,74,29,68,2,56,28,67,82,14,54,43,41,43,80,19,18,65,67,47,54,66,20,99,52,93,18,52,31,76,78,18,87,57,48,84,28,42,29,56,65,40,96,31,39,46,45,14,65,7,51,63,70,3,39,43,15,59,98,45,33,5,74,7,33,6,71,12,33,8,39,5,76,29,30,42,87,47,63,93,29,18,7,88,80,27,91,85,39,84,40,58,66,62,14,47,7,38,72,58,94,85,51,72,68,29,40,53,70,57,68,4,92,39,58,76,15,67,30,86,70,6,53,99,51,82,99,49,28,65,72,15,87,22,58,18,74,74,88,50,11,42,99,55,20,6,73,35,28,24,86,25,35,15,83,82,44,20,63,31,10,26,58,46,83,1,19,94,26,93,23,4,44,42,45,15,74,56,60,6,63,89,75,40,12,67,92,43,90,52,29,48,41,66,42,51,6,84,46,79,71,14,82,62,88,32,61,33,86,97,36,8,12,10,26,67,53,99,2,76,44,85,16,57,9,33,95,10,15,7,44,27,80,34,82,8,52,33,68,5,21,19,15,29,13,17,5,97,1,1,5,24,73,32,71,27,91,84,48,80,8,78,90,37,20,68,39,68,73,81,62,73,44,91,97,59,58,36,11,63,43,98,79,33,6,91,2,70,20,16,95,77,17,37,25,37,13,77,12,62,24,97,18,45,80,29,62,16,11,72,48,88,66,57,69,22,7,48,27,97,22,88,25,49,9,21,82,87,98,35,45,57,32,82,88,8,79,8,47,41
235,34,54,84,90,46,54,96,95,11,44,69,54,21,3,92,11,88,76,76,82,14,58,78,74,49,3,26,56,64,74,1,23,12,58,34,76,14,34,57,24,64,40,19,39,69,22,9,89,75,69,41,79,82,63,76,48,89,35,82,1,48,68,29,37,48,43,15,88,87,20,20,84,33,75,33,26,87,2,50,93,68,47,23,66,35,36,29,20,37,36,96,97,2,36,63,49,93,22,26,72,3,21,68,27,99,72,47,92,24,57,16,49,17,53,80,70,29,5,69,40,61,80,77,22,30,57,30,61,45,3,90,74,33,12,39,41,80,90,99,93,98,68,2,8,11,41,86,28,46,91,1,22,80,26,62,16,1,43,54,63,29,49,11,96,10,19,44,84,99,90,1,9,77,64,18,60,88,57,69,27,28,97,96,36,30,42,61,80,15,38,25,29,76,79,92,80,25,97,35,66,15,20,2,20,61,79,13,42,4,77,53,14,32,31,4,49,68,28,5,4,74,32,41,19,53,86,64,85,4,87,48,14,89,38,92,19,85,38,31,27,8,86,24,52,56,92,5,51,39,88,29,49,72,36,21,3,14,47,78,54,38,40,40,91,65,58,70,3,89,18,21,97,10,17,58,60,82,94,86,1,96,30,53,47,27,39,93,5,32,72,90,95,94,40,27,18,75,61,76,87,28,4,94,16,28,45,77,48,58,50,69,11,5,40,46,62,24,2,87,92,53,54,39,53,69,16,45,29,31,63,56,58,81,25,47,56,54,7,81,94,89,54,97,93,28,47,80,75,63,33,81,22,94,9,66,46,28,96,14,15,32,4,16,20,47,30,15,15,25,54,47,29,16,60,21,74,43,69,31,12,42,77,41,91,70,48,79,53,27,28,96,33,78,59,46,61,98,89,68,77
236,59,59,16,30,13,88,22,75,92,16,23,45,6,41,1,79,45,36,76,62,2,5,80,52,68,72,99,84,57,59,30,10,67,4,1,49,14,35,6,23,57,67,60,39,1,65,83,5,71,65,82,62,80,74,28,80,2,95,21,4,67,59,24,85,65,96,19,39,99,46,68,87,41,38,55,60,47,19,26,28,69,45,88,91,14,16,27,22,7,37,48,61,63,61,48,88,11,36,44,30,10,57,25,96,35,3,86,26,87,58,74,62,95,75,29,92,20,1,17,29,6,15,63,41,52,17,47,6,85,56,59,90,57,36,11,45,31,58,58,36,48,51,29,15,43,30,18,85,83,32,71,50,72,67,47,56,2,34,25,23,13,57,94,34,67,22,46,44,63,80,61,63,36,78,98,22,54,66,38,56,76,94,42,28,51,31,13,17,4,98,82,9,31,78,75,25,17,6,87,54,43,43,73,4,11,35,94,38,18,53,73,5,14,36,8,24,32,18,87,30,3,26,85,6,90,34,24,69,95,37,29,4,92,64,6,12,56,33,26,68,10,42,52,29,59,83,49,2,37,69,7,15,19,40,77,28,14,13,2,67,94,91,97,24,86,40,70,24,28,40,79,26,60,65,41,96,95,26,94,87,55,10,10,30,43,7,36,87,53,33,16,8,65,69,10,18,66,54,29,92,13,41,50,10,62,91,52,83,90,59,60,54,22,5,75,22,50,43,65,62,97,77,45,3,71,45,96,56,4,44,24,12,39,32,63,11,70,35,93,14,48,85,4,88,76,32,21,44,25,95,9,51,82,37,32,79,98,86,46,4,24,67,45,28,33,86,28,42,98,55,58,39,35,24,97,42,86,20,14,3,83,47,42,76,40,79,38,53,97,97,97,75,17,57,73,29,50,77,2,81
237,42,13,43,63,70,4,64,15,97,2,95,48,53,79,82,99,71,13,3,54,8,57,88,94,50,72,89,71,63,64,19,84,99,1,16,21,90,20,91,23,6,19,7,14,98,22,23,1,60,98,76,12,8,68,66,50,50,53,36,69,40,19,20,29,66,59,3,71,38,48,14,40,37,74,73,29,23,62,24,48,12,71,85,70,51,11,54,96,53,91,98,65,89,74,72,56,85,1,60,28,15,18,4,52,13,16,95,11,7,96,7,77,55,74,89,69,10,13,77,63,76,48,4,94,21,61,79,2,18,73,52,20,19,94,16,37,61,15,18,22,57,14,3,65,56,59,73,10,98,78,55,64,22,9,71,76,33,12,59,86,31,25,46,74,71,75,34,14,48,99,73,51,31,73,74,35,70,74,13,45,55,24,41,69,18,91,39,87,12,79,61,51,33,36,5,76,34,72,29,91,95,80,51,96,59,8,36,57,55,7,11,48,40,71,94,68,17,93,97,11,69,55,69,57,54,60,44,11,94,27,31,65,52,55,13,35,15,98,39,25,98,43,55,32,48,63,14,73,86,45,54,92,58,62,38,57,75,83,75,99,87,90,18,77,32,10,63,46,15,21,20,34,49,44,27,23,38,14,52,39,76,98,8,67,70,24,59,82,23,38,2,83,34,99,36,68,15,43,78,28,36,39,25,83,84,64,86,52,22,67,8,16,78,59,2,9,9,15,58,89,81,88,57,86,48,54,41,97,71,76,10,70,3,5,72,42,28,23,34,67,95,12,94,48,50,82,55,67,52,80,67,22,54,10,20,98,21,21,85,74,72,7,81,8,33,77,26,86,93,90,91,71,47,58,65,77,73,63,19,15,25,25,43,7,29,27,57,46,43,62,38,7,47,22,17,90,13,83,18,54
238,60,73,61,69,14,98,8,77,39,42,8,87,72,30,63,60,40,39,73,63,75,72,26,15,29,62,30,63,1,51,9,63,7,76,71,82,17,26,73,61,43,57,1,29,97,68,84,80,94,63,51,27,30,10,40,17,70,27,77,78,12,72,32,18,76,65,37,43,61,8,42,8,37,75,23,92,83,13,12,75,39,97,54,60,84,30,2,72,36,74,17,32,57,12,29,77,36,23,34,11,7,66,94,19,51,50,95,79,85,6,46,57,46,72,44,34,62,21,35,72,57,20,85,79,54,92,35,2,97,48,52,23,30,21,34,98,46,67,87,60,41,8,16,81,62,25,67,66,56,41,50,1,64,60,19,51,28,93,97,38,25,70,22,39,1,33,50,46,5,35,55,20,23,56,74,53,80,24,36,34,53,25,13,57,39,12,71,65,24,74,21,52,23,25,18,75,49,67,31,42,14,63,85,44,31,40,72,94,53,32,85,36,78,79,16,48,50,86,93,70,67,67,99,43,52,80,29,57,77,2,35,90,89,11,89,68,29,11,1,59,26,68,89,38,39,36,85,89,48,93,71,74,89,57,32,89,88,82,48,18,90,78,54,35,51,55,67,76,22,51,9,25,54,46,95,4,76,77,5,91,50,18,15,31,62,1,80,26,88,45,8,2,80,48,94,84,46,38,88,86,64,23,71,84,23,84,71,42,77,95,24,85,70,83,11,5,90,23,6,43,53,52,64,66,85,27,85,92,7,90,3,32,12,80,97,99,44,51,89,4,19,95,63,58,62,65,43,8,5,67,88,61,98,45,20,57,69,51,21,14,29,25,61,49,10,92,82,13,73,84,77,60,68,61,67,41,39,93,16,59,17,38,21,34,81,20,36,24,9,67,88,86,32,62,95,58,93,72,2,58
239,51,29,63,4,15,38,5,6,56,70,18,52,55,86,7,37,58,2,27,87,43,47,30,49,88,92,81,47,85,17,89,96,14,18,33,88,5,61,96,88,96,52,98,33,16,33,57,80,23,96,58,82,68,84,70,65,17,2,12,71,43,58,75,83,68,88,79,14,94,67,63,28,10,37,17,7,81,2,71,3,34,55,83,16,97,60,89,16,19,12,17,25,48,25,3,67,5,95,84,93,72,67,25,58,16,57,97,31,76,43,87,75,62,71,26,56,15,46,3,51,71,25,1,8,57,15,76,56,26,98,2,11,50,15,84,64,83,80,46,79,59,39,99,93,12,79,46,11,50,48,2,4,48,75,52,69,35,69,53,14,47,53,92,39,53,83,40,41,47,21,62,18,96,82,39,79,38,26,98,8,40,7,81,12,10,8,12,73,2,27,48,31,32,69,81,43,67,15,37,20,42,86,22,84,8,82,68,2,3,5,98,23,35,89,5,80,89,53,53,27,45,10,62,24,26,53,73,18,35,83,82,55,11,96,80,92,33,15,16,79,44,73,4,19,76,11,73,56,28,55,50,22,25,82,87,68,25,33,46,11,64,3,92,57,26,77,9,88,96,44,97,59,90,51,76,34,37,41,26,23,80,98,56,44,2,3,7,43,61,59,70,35,99,96,64,40,31,52,11,98,48,98,89,60,71,5,85,72,59,27,68,12,94,78,69,87,87,70,94,83,39,43,72,6,48,32,58,9,96,56,39,38,99,42,67,69,48,63,24,3,78,77,31,64,12,68,97,96,63,51,98,42,74,51,35,39,14,23,11,43,88,33,43,61,79,56,92,42,71,72,9,94,9,34,87,77,48,13,88,48,29,82,14,48,2,41,83,26,23,63,2,88,21,80,2,54,66,36,81,88
240,29,30,39,14,78,15,2,94,66,31,91,62,58,58,5,80,83,95,99,32,6,40,13,33,40,94,89,71,77,90,17,6,61,60,58,76,63,34,35,74,43,30,54,2,52,75,72,31,9,93,42,96,22,40,62,52,42,17,6,3,58,54,98,91,85,68,16,66,42,11,34,58,57,54,68,95,94,67,93,12,23,20,92,11,39,13,44,18,47,63,35,77,23,1,99,76,99,19,51,57,10,32,25,72,98,87,28,78,23,46,43,65,76,39,32,80,30,46,47,37,57,88,24,89,72,16,20,41,66,80,35,12,37,69,91,82,67,75,92,28,7,2,32,25,34,67,36,36,45,84,58,20,71,46,42,90,24,58,76,76,89,55,44,58,23,55,40,2,72,53,11,39,69,77,4,19,68,18,89,95,48,82,40,14,38,16,3,5,46,47,90,91,65,76,25,48,94,15,24,60,65,72,20,36,9,57,29,65,55,26,68,14,48,47,22,59,64,24,27,89,85,13,63,77,63,27,86,59,55,22,13,8,21,95,88,17,8,43,85,93,29,34,82,41,91,11,1,94,94,49,42,74,65,11,32,48,75,50,29,32,63,58,43,33,69,79,44,85,61,60,99,15,58,52,47,40,72,56,55,42,91,51,4,39,23,60,48,79,58,13,77,30,44,77,83,34,43,96,83,66,85,34,70,22,91,59,49,17,54,4,30,3,75,81,68,8,73,9,87,54,6,86,79,99,46,17,47,26,27,68,61,51,64,28,4,1,53,26,71,61,58,8,49,60,95,27,93,78,19,72,3,49,37,63,76,26,36,63,14,9,69,16,5,12,12,39,63,4,81,62,74,99,99,95,72,42,30,43,36,23,67,76,53,24,66,58,94,21,51,66,40,24,12,37,82,19,11,65,55,73
241,84,64,64,33,53,77,73,65,98,48,92,51,84,64,58,12,76,5,93,11,29,38,81,10,70,24,55,43,55,22,22,48,92,38,36,92,62,20,79,64,51,37,45,66,43,75,79,94,31,73,87,69,31,10,52,49,38,76,87,11,11,38,32,16,28,64,29,12,68,18,85,15,25,45,58,62,24,87,27,22,15,51,47,82,79,45,16,92,68,60,60,64,37,1,17,49,13,55,28,2,28,55,43,14,17,90,29,66,46,71,45,5,16,98,90,25,16,55,1,49,29,26,81,82,29,74,56,81,4,79,16,89,80,79,78,96,13,77,47,39,38,87,98,80,5,5,47,56,69,74,81,8,16,34,88,64,57,84,53,33,90,19,29,71,8,31,50,52,96,30,96,15,37,40,42,69,16,73,14,63,39,81,25,44,59,78,84,25,14,66,82,12,6,20,61,66,31,65,38,63,59,7,23,64,86,48,39,9,65,16,41,63,91,14,99,27,63,38,99,20,16,12,67,30,24,7,12,86,66,45,15,50,78,28,89,31,79,24,56,89,71,15,27,30,86,41,45,88,35,7,47,37,34,43,41,87,79,46,33,78,58,14,80,76,97,13,99,40,94,91,26,20,73,37,84,94,26,36,54,79,10,22,70,52,38,89,83,52,11,85,82,10,43,18,91,86,7,45,65,30,69,57,76,1,35,56,7,27,47,29,84,83,66,41,22,29,8,78,31,59,47,84,81,17,88,35,38,65,74,21,89,41,88,86,57,18,85,60,40,78,46,44,54,87,61,60,93,48,65,23,28,76,66,51,49,84,47,91,42,64,47,23,21,16,66,65,3,54,26,86,34,47,48,31,12,48,66,98,39,29,23,41,4,66,33,42,30,57,47,79,30,6,15,28,8,65,98,33,97,25
242,56,62,68,51,35,26,94,4,88,47,33,38,19,4,64,40,22,50,27,69,21,19,4,89,50,80,56,90,11,45,26,59,81,43,76,27,78,2,77,50,8,61,9,6,57,93,39,75,96,87,3,73,32,62,2,98,16,36,60,17,28,50,50,79,40,14,91,18,93,41,14,3,97,52,47,12,40,13,10,26,11,67,11,91,79,33,6,48,65,32,5,56,3,27,46,76,37,29,58,53,57,17,85,54,1,48,99,92,25,33,78,70,79,54,1,27,62,58,78,67,27,68,9,97,10,57,32,14,21,75,28,27,52,57,68,40,56,92,53,71,49,99,28,64,30,44,62,57,61,80,46,67,50,45,41,57,98,13,60,87,70,89,68,67,25,2,72,92,27,7,23,30,34,9,74,67,50,35,82,85,19,66,67,92,3,24,57,22,74,88,91,11,66,20,43,76,59,43,52,86,74,82,53,64,89,83,53,25,1,85,66,62,78,53,8,39,89,53,54,52,5,81,89,12,53,74,23,11,78,90,82,18,77,99,63,53,14,78,7,66,90,69,84,49,83,70,22,24,63,28,73,90,81,74,57,81,98,67,37,95,89,85,10,90,72,32,87,47,44,9,24,22,83,44,12,98,89,80,25,41,53,21,44,21,18,31,34,20,73,1,12,19,75,16,37,53,22,13,46,71,86,30,41,34,5,52,4,15,22,75,70,30,81,80,21,26,70,54,26,1,21,93,52,32,92,49,73,91,63,61,16,73,81,39,77,64,82,49,85,84,77,39,49,50,80,42,66,5,16,22,26,38,6,54,95,89,54,61,73,74,23,96,83,93,98,1,81,75,15,44,47,3,12,88,99,92,30,8,89,85,18,12,66,16,54,13,10,85,73,18,50,53,10,18,5,3,28,51,94,91
243,36,65,27,95,26,86,13,84,60,13,32,48,89,17,71,13,32,56,21,69,30,64,11,80,78,97,8,95,99,53,69,98,5,6,81,74,79,76,95,89,42,55,87,40,35,65,88,65,43,67,31,67,46,1,96,75,90,19,73,79,8,67,49,94,55,24,60,69,59,44,97,18,1,49,25,63,6,70,36,69,16,63,84,73,28,98,34,51,81,81,65,2,59,75,72,36,31,68,19,33,18,45,39,4,64,94,47,1,29,58,83,90,1,42,83,8,77,88,81,1,45,39,39,74,78,16,93,87,60,16,76,16,47,8,62,92,32,47,86,81,33,88,85,52,10,37,3,17,69,49,64,59,40,60,25,24,29,78,48,76,28,48,57,67,11,16,26,62,86,62,51,92,21,76,56,52,54,77,3,90,2,34,36,52,82,96,43,22,88,15,41,13,16,41,44,29,5,37,39,25,81,3,9,99,51,68,47,72,47,6,87,89,97,34,41,24,81,11,58,28,30,41,78,69,6,99,10,23,99,76,95,64,17,23,88,67,96,40,92,9,26,54,49,53,74,45,16,2,89,23,12,47,36,52,19,37,17,50,95,46,25,60,87,95,21,25,54,51,72,97,94,78,13,53,69,48,19,88,36,82,49,48,58,15,97,93,4,3,54,42,67,32,65,80,53,48,85,25,50,78,33,81,94,83,64,6,75,41,35,71,51,85,3,37,89,32,70,46,23,41,51,78,16,39,6,8,23,47,67,34,88,27,17,87,35,64,26,65,94,56,21,63,40,37,75,26,28,73,17,75,26,37,59,59,74,21,37,98,25,30,62,8,80,99,48,22,99,91,16,49,5,2,50,35,83,41,89,78,11,38,7,58,57,33,9,56,34,37,73,79,43,47,51,53,52,90,3,48,30,47
244,23,19,46,45,63,10,40,89,61,56,85,37,98,36,38,68,49,44,94,38,82,91,12,87,92,1,21,70,74,9,69,57,20,68,41,34,27,46,63,25,57,51,31,27,83,20,65,63,9,18,21,45,6,88,4,67,3,20,83,27,49,70,47,67,96,51,6,35,71,17,60,12,36,7,93,54,59,97,54,49,23,45,69,52,53,65,80,28,55,8,13,27,1,92,99,31,38,76,89,52,84,14,9,58,72,19,44,39,34,77,61,4,51,53,35,65,64,12,8,59,20,45,44,13,45,85,11,44,76,15,77,87,46,85,10,60,45,28,3,36,46,41,3,94,11,31,81,53,72,78,50,19,75,86,2,11,82,57,71,30,23,85,67,26,90,76,41,83,83,25,66,97,64,29,72,58,15,32,93,61,37,47,37,12,54,56,41,63,29,79,49,59,34,73,45,52,92,88,12,45,33,31,98,74,27,76,93,50,13,5,92,25,16,20,32,21,70,44,9,45,56,76,80,96,76,56,38,73,88,53,84,27,48,39,63,5,9,52,23,4,74,50,98,24,40,67,2,84,56,52,32,2,52,20,66,81,33,41,40,68,3,31,77,20,82,26,85,44,18,83,64,23,99,23,52,32,62,39,14,18,68,48,55,84,25,31,18,50,45,86,76,99,26,38,74,72,59,16,6,11,49,26,72,38,77,27,10,87,47,68,7,39,25,78,61,60,60,45,42,10,26,46,31,51,81,57,75,39,57,76,88,20,5,92,93,23,14,4,39,5,14,74,22,30,19,13,31,60,13,93,99,25,70,10,64,23,45,45,2,18,51,15,22,58,15,25,15,54,82,16,75,15,8,71,18,14,75,22,88,23,44,89,33,36,21,41,58,54,36,77,80,57,22,50,16,75,46,65,75,77
245,55,60,94,12,2,17,34,35,32,7,4,67,55,93,94,83,33,84,99,6,74,59,14,99,64,81,3,29,56,78,74,13,67,69,67,46,31,84,98,14,26,70,95,80,2,27,1,18,41,68,49,17,84,93,28,12,44,60,37,54,25,52,13,20,54,94,1,59,21,45,23,32,7,41,7,55,6,6,37,67,42,93,90,93,93,91,76,2,12,84,84,30,23,52,33,25,14,44,52,48,38,15,41,17,45,8,98,85,70,4,62,22,62,4,48,71,5,77,82,78,15,59,37,7,17,12,31,96,77,86,32,53,79,94,39,45,33,12,10,43,34,87,4,54,53,91,45,14,82,42,94,49,56,28,20,66,99,49,71,28,45,63,3,78,61,65,26,32,4,35,30,91,30,66,5,49,68,19,40,11,62,7,71,46,3,38,8,81,91,43,97,5,39,15,29,35,61,78,50,16,78,79,77,17,14,2,63,42,29,15,74,11,88,47,93,9,80,46,77,31,13,73,34,22,49,95,38,80,21,88,12,4,2,51,46,24,30,85,64,12,35,23,83,41,50,6,16,63,20,13,83,59,57,69,54,77,73,32,54,55,10,52,49,16,54,1,66,54,53,6,63,86,15,65,55,52,11,8,76,53,83,92,18,60,67,24,66,98,95,25,79,43,64,17,9,22,28,67,22,54,11,7,43,97,45,55,73,37,73,79,14,46,18,59,60,27,40,38,98,43,67,9,3,43,31,85,83,60,6,3,11,97,23,89,1,97,69,71,40,9,94,18,97,3,59,68,42,88,45,3,47,38,75,93,79,23,69,50,12,19,53,68,9,39,7,78,29,10,18,88,28,32,59,61,59,29,93,24,12,94,73,50,77,59,67,83,15,33,38,7,53,49,76,63,3,73,20,93,6,8
246,48,53,83,18,65,7,81,63,10,50,44,58,12,22,72,82,46,1,49,36,4,69,51,42,17,23,63,20,60,78,30,50,50,1,11,18,92,50,58,60,12,16,95,18,72,15,21,94,69,14,82,91,68,14,40,98,21,25,74,41,74,58,1,55,13,56,87,22,41,37,87,3,65,85,54,98,6,59,73,60,77,68,22,38,9,30,49,70,33,29,60,55,14,71,99,79,52,73,4,2,59,2,92,75,31,75,4,15,86,36,4,34,21,9,22,66,65,55,26,86,49,44,8,25,21,77,83,32,52,99,64,65,42,75,68,10,23,77,35,94,49,14,25,38,38,10,62,85,95,94,74,4,55,93,83,20,28,5,68,7,12,63,58,46,8,63,73,77,40,2,22,28,83,16,7,35,57,31,17,46,59,85,17,14,43,70,6,38,44,52,62,43,69,70,26,35,47,85,1,82,27,54,16,7,46,16,51,13,59,99,23,12,92,35,51,78,48,81,97,10,63,19,67,26,72,82,15,47,18,22,38,85,84,23,74,20,83,13,69,42,16,27,88,13,25,16,69,54,12,88,42,98,60,50,31,72,51,70,25,22,76,19,39,17,89,31,88,67,59,23,34,65,26,85,12,50,17,99,88,86,92,83,2,52,86,38,96,87,78,62,53,67,7,69,69,34,76,13,92,37,79,62,51,8,85,3,66,33,22,17,1,21,51,20,17,31,80,3,43,71,21,26,81,37,52,50,47,38,26,40,21,43,57,23,48,18,11,52,84,54,19,73,89,80,90,1,97,64,25,24,14,86,79,41,81,32,71,93,52,22,96,49,42,59,50,59,15,74,59,48,55,99,91,7,49,88,39,93,25,83,49,22,21,75,23,79,13,96,69,65,20,53,28,56,26,6,24,4,33,16
247,8,17,90,92,76,69,62,80,27,61,64,83,48,79,88,70,1,49,67,47,95,97,15,80,72,57,64,69,50,19,51,32,15,80,5,71,48,82,73,81,87,5,50,40,6,58,78,65,62,1,85,94,19,12,36,35,68,28,5,53,46,42,94,1,38,71,14,47,71,13,75,64,7,82,62,48,68,1,24,83,48,98,41,47,56,60,45,60,45,39,99,51,21,33,63,52,12,63,81,70,73,34,1,94,39,33,18,24,53,34,15,15,43,98,84,27,75,36,91,92,6,56,42,13,57,63,49,60,30,16,80,36,98,9,96,38,46,39,53,89,52,1,34,33,74,43,71,57,99,84,97,60,85,55,34,27,68,28,91,25,96,19,10,93,71,65,98,21,57,76,1,13,75,62,20,95,7,43,25,28,51,93,12,96,90,58,63,21,20,2,43,87,53,42,26,82,36,95,88,52,93,58,61,79,12,1,99,66,10,5,34,53,4,28,2,88,90,47,98,4,78,73,15,66,94,75,44,6,86,94,55,46,1,63,59,31,97,99,18,59,62,6,61,37,44,96,12,24,69,18,14,48,3,28,3,33,64,66,25,72,76,55,49,34,62,70,48,50,21,51,27,8,62,95,4,97,63,30,18,72,49,35,54,52,91,77,7,76,58,16,51,16,9,56,23,75,17,50,81,79,42,91,6,1,82,64,23,48,68,48,82,76,45,12,65,4,3,7,87,35,30,60,40,13,10,17,90,30,72,14,18,24,91,35,83,17,39,62,50,30,28,63,92,64,73,61,11,82,31,31,38,65,74,94,90,89,1,91,36,34,17,1,74,77,2,36,54,17,73,56,20,93,7,37,41,13,32,35,14,31,30,15,6,74,9,25,23,21,12,81,40,61,80,49,78,6,97,39,48,17
248,73,59,48,4,71,65,46,68,2,38,37,58,17,19,55,30,45,89,78,2,55,27,34,8,61,90,95,61,82,24,71,85,10,43,51,92,99,32,92,88,23,15,21,31,89,16,75,31,60,67,30,86,38,58,56,26,7,97,39,96,63,77,91,55,51,82,8,89,52,17,23,93,88,80,39,4,66,3,65,27,73,34,11,62,11,18,67,32,39,40,54,28,47,73,61,66,62,44,17,60,71,94,66,95,53,75,55,37,30,55,88,65,72,51,43,18,21,61,16,2,92,98,50,91,72,80,28,60,28,90,22,12,39,55,34,64,48,79,92,14,34,22,49,42,15,19,92,93,74,27,74,8,77,74,5,52,47,83,11,63,97,76,34,48,22,23,77,20,20,33,76,43,63,37,92,81,15,39,6,36,77,52,34,14,80,86,83,53,61,39,6,39,49,78,8,7,57,17,29,98,12,82,82,76,91,53,45,73,78,25,38,2,35,72,70,92,64,80,64,83,9,71,29,90,30,62,85,15,19,44,38,29,77,52,46,3,18,44,61,58,61,76,92,58,55,17,81,29,61,27,97,19,36,96,74,95,78,87,75,71,28,52,91,6,83,9,9,82,86,97,38,46,6,75,77,98,20,69,5,84,75,4,54,41,50,88,11,74,51,72,11,31,69,97,52,98,78,22,1,90,42,95,38,51,94,2,41,48,48,75,4,22,26,33,53,5,9,86,12,57,3,9,12,59,81,3,32,88,31,76,3,73,10,99,6,69,39,58,46,52,11,77,62,45,70,43,93,18,40,89,93,21,73,58,28,14,73,45,83,92,2,78,54,73,42,67,5,91,51,26,40,10,65,35,23,90,13,33,69,53,55,88,36,29,43,33,83,18,45,55,34,23,82,35,21,12,59,35,28,73
249,27,16,4,44,85,70,80,77,34,61,76,62,13,45,41,46,15,93,2,57,45,49,65,86,47,57,89,93,23,99,75,59,76,62,89,47,65,97,81,76,11,99,61,6,62,60,72,79,44,41,76,20,77,61,80,36,61,97,9,18,8,46,96,86,36,11,50,23,23,47,29,94,57,68,68,8,70,2,63,25,58,58,70,5,37,47,86,90,24,59,20,36,87,50,84,23,33,47,58,79,19,66,88,85,58,77,79,55,85,46,48,43,10,11,21,38,48,76,91,69,7,25,18,94,95,39,3,39,5,38,69,7,93,58,57,24,38,19,19,90,33,43,10,42,46,82,37,33,79,63,84,66,80,85,58,72,51,81,57,18,63,64,51,61,98,57,84,22,42,99,23,84,2,33,94,92,13,81,63,57,24,26,17,17,38,84,27,26,20,3,56,62,78,11,47,83,27,1,96,71,81,68,12,9,28,12,23,19,27,28,77,70,91,77,17,39,39,99,8,1,22,33,89,27,74,69,98,36,36,2,73,75,40,36,98,94,44,26,97,49,77,5,98,63,14,20,26,52,84,28,22,53,50,66,70,77,65,10,63,6,62,34,99,23,8,61,71,14,49,35,44,63,10,45,77,1,87,14,90,44,48,92,96,72,48,2,45,9,11,33,98,25,2,57,94,87,56,3,30,95,22,95,71,3,26,7,15,3,18,84,24,52,38,56,97,2,34,59,53,27,38,81,93,87,38,56,55,41,55,74,22,84,13,21,85,94,32,89,50,97,33,27,97,28,29,19,12,39,6,61,47,41,50,75,23,35,45,45,60,18,3,82,78,61,84,90,37,77,18,61,19,79,14,15,46,61,35,18,82,5,7,21,9,19,81,27,74,21,4,37,97,91,91,48,49,36,75,29,83,16
250,5,54,32,3,87,52,34,2,28,96,33,56,35,32,85,97,81,30,50,9,48,55,4,8,37,28,71,12,95,60,16,90,21,87,50,66,8,30,8,29,84,67,46,41,8,64,18,5,62,25,46,75,16,87,41,26,64,84,88,38,67,16,39,15,97,82,71,49,52,97,14,93,1,5,13,66,86,59,31,39,46,55,10,51,84,57,19,82,3,79,33,4,55,56,84,98,52,1,2,34,59,14,61,55,76,71,52,21,48,53,47,32,82,7,87,94,75,73,82,54,15,89,86,68,83,72,2,77,87,4,74,90,67,58,43,73,67,55,46,56,49,28,45,38,98,94,68,55,62,86,98,92,4,8,9,54,47,77,66,5,42,41,48,40,9,19,88,5,24,20,71,44,99,86,46,65,16,68,70,66,10,75,10,33,54,34,86,73,49,55,79,47,99,33,91,7,14,61,2,96,71,79,84,50,45,30,7,36,19,68,86,11,69,36,94,34,18,9,92,36,49,39,74,69,38,32,45,18,41,44,72,47,71,76,7,1,16,42,63,74,6,87,96,71,32,38,35,82,40,40,60,80,46,88,54,18,47,71,57,65,32,4,12,13,18,86,43,78,74,33,49,54,44,77,87,45,31,17,38,29,20,81,15,50,95,25,71,89,13,53,5,27,18,24,45,36,32,62,35,80,74,77,10,23,85,91,13,10,1,49,10,13,4,85,96,46,8,26,33,76,92,85,61,91,77,20,43,31,87,55,68,33,45,8,16,72,41,96,38,35,82,7,46,60,44,66,69,92,24,70,74,55,64,80,82,67,52,3,24,7,65,30,42,86,28,61,30,64,15,72,6,45,15,87,38,3,14,26,34,30,29,55,32,18,40,2,58,68,17,83,81,37,83,86,8,1,43,82,12,73
251,53,43,69,99,8,37,2,29,6,82,14,4,13,96,12,44,23,2,1,21,43,41,95,22,65,64,40,80,89,62,71,15,58,34,81,48,16,53,30,85,72,37,39,3,61,65,86,54,60,97,90,40,51,14,41,68,89,80,99,79,87,46,69,83,68,87,28,55,13,15,28,40,73,95,59,35,56,64,84,27,73,70,21,71,25,1,61,99,79,61,50,46,82,31,90,33,61,74,50,72,6,15,94,84,49,39,5,34,8,51,54,87,24,78,90,69,56,11,41,9,26,15,9,18,14,93,92,68,7,16,72,13,39,69,8,94,63,87,84,89,90,65,24,44,18,48,59,73,70,77,81,18,53,2,71,75,52,88,13,91,71,43,63,19,2,84,13,58,75,52,44,4,38,26,55,53,92,91,18,72,13,11,10,18,38,40,75,8,67,97,65,56,9,69,5,94,13,60,38,8,6,86,57,62,11,85,94,64,68,67,53,9,70,74,66,5,56,14,12,74,41,18,94,82,84,85,46,43,63,70,84,40,69,36,89,33,56,29,77,36,61,34,51,76,78,93,20,61,77,95,42,45,27,26,1,73,62,44,8,8,4,42,21,95,9,48,38,68,44,59,51,51,36,89,61,64,4,54,76,60,43,7,57,22,16,14,77,32,13,1,81,54,90,55,28,38,59,45,44,4,47,46,8,40,28,46,62,43,95,76,87,46,37,70,67,84,97,41,28,11,47,70,96,11,92,25,28,9,23,34,9,39,46,23,93,95,91,59,45,15,27,46,6,66,42,45,94,24,85,6,60,95,1,76,38,37,72,64,64,28,14,29,3,15,98,2,58,2,94,97,72,6,73,31,71,48,77,86,13,54,4,33,38,99,90,74,28,73,45,67,48,47,39,93,90,13,76,80,65,45
252,85,10,29,38,93,15,10,80,13,54,24,69,71,23,13,68,76,15,54,63,6,99,21,55,94,48,89,44,23,56,64,42,56,83,91,68,90,85,98,77,32,79,27,85,52,70,39,5,47,47,62,59,37,81,93,15,99,50,71,46,52,66,70,80,35,79,52,62,59,56,39,53,97,17,36,83,30,9,29,20,28,70,51,15,53,52,47,8,15,27,63,90,21,63,22,16,70,88,42,64,52,90,62,36,83,90,43,14,80,29,35,90,79,41,90,8,85,21,50,13,63,45,72,61,88,22,54,58,48,12,48,17,6,74,18,32,18,6,40,15,57,62,12,25,1,18,16,17,61,75,59,71,47,20,80,65,85,18,63,88,73,11,13,61,43,4,84,75,33,2,2,15,13,43,13,19,99,42,59,46,13,47,73,66,77,46,50,95,26,83,20,30,49,2,60,51,72,5,48,56,23,44,42,98,20,77,4,57,48,19,68,24,24,60,5,4,6,54,81,45,87,78,61,43,48,79,91,11,56,94,78,59,66,1,24,67,56,34,9,4,65,57,38,70,86,48,45,45,98,61,39,97,3,44,70,24,89,32,20,17,95,74,23,45,98,32,98,62,12,4,95,98,83,31,35,61,10,80,6,53,93,31,73,77,60,13,14,1,41,50,22,47,18,8,78,61,14,69,30,3,39,99,50,55,93,67,6,34,50,39,49,41,51,23,81,56,30,85,69,55,27,32,74,73,45,37,53,21,48,3,65,91,49,49,7,96,1,43,18,59,2,10,89,29,7,99,27,70,9,32,55,35,99,38,7,61,56,44,81,19,27,5,91,80,98,36,69,37,30,33,14,81,9,39,93,68,23,96,20,73,4,73,44,25,62,66,43,40,90,89,86,98,5,62,52,92,92,34,39,9
253,68,80,72,96,96,5,42,38,10,18,4,54,4,56,29,80,73,10,98,79,90,77,9,25,83,33,83,47,80,80,73,60,85,17,57,47,2,31,87,15,23,72,58,42,76,80,75,23,9,80,1,76,46,79,64,70,1,72,75,50,10,5,22,86,57,30,36,15,46,97,98,75,50,55,13,57,75,46,68,48,50,79,44,9,24,27,77,75,59,9,5,78,33,3,77,36,63,97,83,52,26,81,53,60,59,66,69,78,2,46,86,71,22,80,90,88,63,14,95,6,92,97,93,22,90,13,6,47,64,20,20,46,41,39,15,14,45,77,60,44,55,93,57,14,56,76,53,2,84,46,52,17,31,52,71,79,74,39,80,94,2,86,14,37,6,30,93,8,27,86,91,9,53,91,21,50,57,76,81,35,46,84,25,7,25,62,3,40,15,87,98,63,66,84,15,78,26,32,9,66,86,70,46,78,42,43,4,75,41,24,98,99,28,52,39,69,81,12,5,33,56,75,94,3,86,54,33,98,24,43,10,81,13,3,27,16,77,18,25,10,41,37,80,17,17,31,65,14,38,99,45,64,97,89,34,68,64,64,49,15,22,7,34,98,69,49,53,49,10,57,54,66,7,64,35,4,47,12,58,57,56,53,18,21,66,86,86,51,10,71,60,90,97,20,54,8,21,34,24,70,43,30,70,82,89,40,11,79,66,66,95,94,49,42,74,59,6,84,7,83,34,15,58,81,21,99,66,42,42,84,69,62,92,34,51,84,21,2,80,32,12,80,81,61,20,33,40,37,1,26,43,38,77,15,90,13,77,96,61,20,79,22,66,58,64,52,8,69,52,7,51,62,56,41,88,17,41,95,22,21,24,37,91,64,5,40,60,56,56,85,80,41,88,2,44,55,6,87,88,87
254,13,93,89,12,77,17,10,87,24,23,29,72,24,64,13,44,97,88,61,29,6,96,52,79,92,88,99,72,42,7,20,6,80,14,70,5,21,21,11,88,32,12,16,3,43,67,74,57,65,95,80,64,18,52,29,64,9,34,96,23,46,38,7,4,48,13,49,75,32,29,43,89,97,4,70,53,1,86,23,89,34,29,66,15,76,84,93,38,78,19,76,9,23,39,42,13,29,21,18,49,57,46,78,23,20,87,18,3,81,3,8,76,87,82,54,64,60,21,87,82,80,91,62,35,21,37,76,81,83,2,98,76,93,37,71,42,73,5,88,16,97,82,42,73,70,17,67,89,85,21,36,64,14,7,75,5,89,61,5,29,85,19,54,3,73,43,20,94,99,18,24,49,8,88,46,74,25,72,14,78,11,62,62,50,45,92,27,17,22,1,66,43,98,6,53,77,34,71,50,77,79,43,41,38,32,73,18,88,39,30,2,5,88,59,55,28,98,69,31,82,17,3,84,34,30,6,87,5,45,1,36,51,39,14,15,73,66,12,41,45,22,32,8,44,45,25,96,53,97,87,7,2,16,68,41,40,39,78,67,21,25,43,48,31,18,70,13,82,48,96,31,93,56,44,15,79,61,49,48,76,70,3,54,66,82,30,12,6,33,53,76,19,95,81,43,42,29,36,68,60,80,57,63,67,89,39,71,53,53,14,99,19,57,48,84,29,82,32,26,66,92,34,21,19,35,6,96,46,32,6,85,52,40,35,89,75,75,88,54,9,68,32,36,2,59,75,34,37,12,54,1,94,79,71,34,19,73,79,63,24,80,12,74,3,5,72,36,6,59,9,83,36,12,84,13,77,34,4,14,32,52,32,12,58,72,1,62,41,13,26,34,51,7,30,82,49,54,16,62,14
255,96,92,84,55,74,45,57,3,1,78,1,99,92,39,61,32,1,48,74,45,78,95,49,24,85,31,19,34,39,44,90,23,37,9,87,50,72,97,70,16,65,84,55,84,69,97,74,92,28,99,5,39,2,2,21,21,66,95,95,80,88,59,7,6,11,69,53,36,86,59,15,47,58,9,15,38,40,8,22,58,82,23,76,46,34,7,8,85,82,11,9,61,22,81,6,12,77,44,69,45,94,39,33,21,14,60,88,36,86,20,7,9,94,50,50,24,91,85,44,84,63,30,53,42,43,72,73,94,69,9,81,20,86,21,3,57,63,24,78,76,94,2,82,71,2,39,25,55,40,37,10,4,34,56,52,46,50,10,12,72,95,16,17,34,13,94,47,60,99,81,90,46,41,81,35,34,33,2,44,85,98,14,83,75,21,53,99,83,71,32,69,47,43,37,32,79,13,50,82,12,15,8,6,81,60,87,81,44,69,80,15,23,67,33,9,48,48,16,22,25,68,39,62,98,65,10,3,47,92,91,66,16,67,81,78,49,23,1,6,66,98,77,38,25,48,16,29,41,80,73,75,99,31,71,55,54,14,54,75,20,19,28,27,35,92,42,31,70,28,19,51,24,50,21,60,21,46,11,17,28,32,35,96,75,92,84,26,12,1,12,21,11,60,82,90,3,3,9,2,37,11,62,52,31,53,54,43,17,49,75,92,21,42,50,4,47,13,83,25,7,67,96,70,50,99,76,20,75,35,75,40,20,25,55,42,50,22,62,41,46,95,56,27,10,39,39,66,37,58,62,2,89,36,16,55,98,74,34,93,66,89,47,92,21,85,35,19,86,99,23,24,16,18,48,56,60,39,46,30,47,43,56,25,41,64,75,5,75,72,2,84,95,67,99,70,99,10,28,49,6
256,38,37,53,93,47,89,45,56,48,84,33,96,41,1,77,95,31,64,2,30,53,79,76,67,85,36,40,9,24,60,17,47,1,26,68,67,31,64,40,13,22,8,91,77,30,13,57,13,5,49,67,5,4,87,1,13,35,42,2,97,38,5,1,80,73,5,6,29,24,75,87,24,17,67,19,84,24,87,83,87,7,70,89,17,35,34,99,85,41,73,19,27,89,70,29,1,54,15,27,85,16,25,94,87,62,15,29,81,14,75,46,20,92,27,9,29,42,67,46,17,6,21,93,86,27,53,47,51,4,74,5,81,34,66,95,22,46,79,87,39,23,55,1,19,42,95,57,83,14,82,14,80,27,82,39,39,40,17,60,36,85,52,95,54,72,97,50,85,63,49,86,71,71,60,88,13,75,61,88,73,62,90,6,9,57,95,77,17,70,50,69,36,74,58,13,20,27,84,7,60,37,10,31,10,55,54,77,80,67,17,65,25,83,27,52,89,40,77,30,89,92,11,71,38,26,95,22,84,6,31,85,94,87,1,16,79,73,93,63,95,12,6,94,33,42,68,83,34,79,29,51,27,75,94,39,37,92,73,34,78,3,61,4,54,37,13,4,25,79,49,76,85,55,38,27,73,23,41,85,87,87,75,49,51,26,65,23,11,2,63,76,79,29,31,96,61,6,55,5,56,70,63,72,82,37,21,16,26,10,95,1,56,70,38,91,79,90,64,80,70,33,52,31,32,33,41,17,81,78,13,20,54,88,22,94,81,29,29,80,74,49,40,40,93,72,49,25,87,4,92,57,18,93,18,40,89,61,64,58,61,56,48,16,66,12,7,94,82,16,83,99,87,16,77,63,67,37,22,86,54,14,99,15,94,30,74,60,85,71,12,60,88,39,45,26,27,84,95,2,88
257,10,40,28,49,85,30,85,77,92,95,95,61,59,5,66,43,49,33,81,14,47,57,28,54,12,13,71,76,72,48,54,14,40,8,47,51,58,35,75,19,2,85,32,11,86,77,12,59,8,35,3,95,66,46,99,25,51,98,86,6,84,39,12,90,48,16,82,63,43,69,49,23,85,10,11,97,90,49,91,9,74,10,3,2,76,19,95,94,84,50,55,99,60,9,43,81,18,55,53,54,10,80,13,23,17,32,51,14,50,76,60,32,23,67,8,21,38,98,8,6,48,81,76,62,54,88,82,91,61,45,20,72,5,28,43,83,84,25,31,67,53,23,18,90,60,57,3,17,71,18,56,41,66,46,32,79,12,43,74,43,7,56,19,68,86,47,41,54,84,72,15,3,80,64,26,39,7,44,43,13,89,82,57,15,89,29,14,97,45,15,54,59,85,64,37,49,44,54,20,57,53,94,8,32,50,82,64,81,45,65,65,57,24,19,12,38,71,24,93,62,78,34,55,86,95,71,75,92,92,23,52,72,6,38,70,99,64,30,62,92,18,47,86,32,69,77,46,9,26,21,36,22,9,16,87,98,28,25,41,95,92,61,90,2,26,91,49,84,71,26,56,93,26,39,55,56,90,70,73,56,16,74,63,26,69,58,62,30,69,69,82,15,55,80,26,26,74,66,10,17,81,61,71,16,92,45,44,40,13,12,44,34,72,68,28,42,61,84,50,92,38,30,77,32,13,61,31,68,69,57,18,39,94,85,79,94,8,53,2,17,61,11,41,33,91,52,94,33,15,2,6,28,10,19,5,54,12,80,24,79,49,27,80,36,70,20,51,91,99,16,64,9,29,93,19,62,41,94,37,56,30,20,11,50,87,73,57,69,96,10,74,95,58,3,33,32,99,23,65,21
258,7,40,30,17,97,27,11,90,95,79,23,30,7,5,27,17,57,91,5,17,46,91,25,15,50,89,5,77,86,20,17,54,66,99,11,97,77,14,3,21,46,30,45,93,82,42,28,11,5,98,85,20,28,20,14,49,21,85,32,85,79,15,77,68,6,81,26,89,15,14,14,11,58,83,72,40,74,92,96,39,51,10,95,69,69,79,82,90,51,83,79,55,21,86,25,47,39,12,59,19,50,82,33,9,60,13,81,45,3,84,78,62,80,14,34,28,56,31,26,32,37,45,42,27,26,8,41,34,43,82,62,30,82,14,50,70,41,16,3,53,86,93,23,68,78,62,10,47,34,45,62,19,40,61,22,94,15,21,15,36,30,88,60,81,22,91,9,39,54,53,17,19,21,75,86,37,7,81,88,89,17,18,7,26,53,35,78,85,42,88,40,91,70,14,85,41,48,47,93,17,72,99,58,49,14,60,73,56,1,81,54,95,38,76,9,82,54,85,67,51,44,52,97,81,95,84,51,60,53,10,68,93,92,22,55,79,14,54,85,11,50,41,24,63,98,56,55,28,3,67,31,82,90,98,1,62,71,89,52,73,32,17,89,49,42,29,41,18,2,73,86,78,71,49,67,38,14,59,7,63,94,91,28,63,65,25,25,7,80,60,26,72,59,31,60,67,91,49,90,84,46,20,94,85,18,8,51,61,64,93,65,38,54,33,39,98,14,38,34,56,67,40,90,14,31,74,97,60,65,78,21,74,86,29,49,28,96,51,25,5,35,39,65,14,63,64,49,43,83,72,40,5,55,9,29,27,3,69,24,18,41,94,33,56,47,74,74,80,17,33,3,27,19,55,7,25,94,50,80,94,83,94,4,7,39,19,19,60,81,3,44,84,96,27,33,25,55,41,23,39
259,14,92,91,92,54,45,48,65,20,15,12,33,88,70,83,4,73,48,46,63,19,79,26,50,63,37,27,13,22,54,72,54,1,49,41,64,41,47,66,8,97,65,17,4,23,51,4,83,72,86,72,29,21,61,60,67,81,37,28,3,63,17,64,61,30,11,39,58,24,34,70,72,57,89,89,24,99,37,6,31,47,17,83,69,11,1,32,74,35,34,34,26,13,40,76,48,50,28,53,4,66,74,91,22,7,78,74,64,5,49,60,79,30,26,44,30,3,8,3,57,31,54,53,49,74,69,47,62,52,31,90,70,4,20,88,64,19,51,24,91,63,55,43,90,53,59,45,98,2,8,67,93,82,38,18,57,22,39,7,56,18,34,45,62,17,98,25,71,10,79,52,20,27,56,27,21,47,52,76,39,75,75,53,68,40,31,33,67,40,87,28,19,4,61,25,31,15,20,77,98,85,41,55,52,30,55,47,17,60,20,21,29,29,87,37,24,67,28,46,19,7,98,25,40,7,74,98,17,9,26,5,85,71,15,38,75,88,9,25,12,50,43,96,67,47,18,37,62,47,21,53,30,60,94,89,20,18,58,8,16,21,37,16,84,76,55,14,60,82,23,56,43,58,44,58,91,70,95,10,35,64,36,49,18,81,37,60,60,82,62,63,53,57,58,49,17,42,48,33,86,23,32,29,38,13,60,4,75,7,28,90,1,14,70,97,70,14,17,96,92,53,88,69,66,65,66,57,92,30,55,20,45,83,79,40,65,46,18,46,35,88,47,26,62,19,30,91,58,80,11,64,22,79,78,35,34,19,90,26,10,39,84,56,81,45,3,87,36,47,4,40,79,66,61,53,15,7,33,61,69,98,79,42,54,55,79,55,86,77,41,23,80,81,88,89,48,3,84,31,11
260,16,33,6,38,50,59,48,20,3,73,12,23,64,2,14,19,38,87,84,11,75,31,93,91,94,84,69,50,94,73,45,30,33,6,43,76,65,1,40,65,81,56,22,45,56,55,93,86,17,58,64,2,78,5,56,67,55,28,72,98,79,30,93,82,82,43,62,78,69,85,57,54,38,39,55,20,83,72,53,80,47,89,89,66,68,40,62,52,56,28,72,99,98,1,27,67,31,23,75,48,22,61,38,94,67,47,9,17,89,44,44,84,99,14,36,58,96,42,73,46,39,44,68,40,44,44,70,40,9,29,40,60,35,42,1,3,30,6,38,65,99,85,76,85,28,16,7,63,26,68,60,33,86,59,49,55,77,2,98,47,92,18,40,51,29,93,41,79,56,39,23,82,16,54,67,36,4,79,96,71,42,56,39,27,49,83,37,95,14,47,50,3,64,24,19,54,48,40,7,58,26,55,39,76,95,17,92,27,61,34,20,9,19,38,90,77,85,76,81,1,39,50,78,51,36,52,3,6,29,72,86,53,6,35,72,42,28,96,92,30,61,52,77,35,77,19,99,79,87,85,91,18,10,96,94,93,82,73,94,62,39,23,37,95,28,16,37,32,96,78,22,62,48,5,92,6,19,78,53,7,48,33,93,10,92,80,85,71,62,65,59,52,49,75,22,70,20,69,15,17,6,8,24,46,8,67,31,33,87,51,26,42,56,50,54,46,4,44,11,25,95,2,75,33,39,33,82,53,46,66,96,46,81,92,19,50,4,7,9,18,83,40,49,77,43,12,90,93,96,77,38,89,33,37,44,71,74,14,20,34,28,55,81,98,12,58,10,44,60,66,40,77,23,36,37,43,51,80,63,1,57,69,61,71,88,8,22,45,55,66,65,29,37,78,55,96,66,48,33,38
261,87,58,60,8,70,99,14,62,83,20,7,67,67,48,5,73,44,88,25,47,73,28,83,30,18,18,14,34,18,32,63,19,14,9,40,18,79,58,22,31,68,95,2,6,8,24,44,59,22,42,17,16,41,96,93,84,13,82,24,33,19,19,97,64,54,97,81,97,13,24,50,23,41,40,31,12,24,70,62,87,61,35,46,15,68,70,77,81,58,5,81,86,85,40,63,88,62,88,15,2,73,87,18,26,30,50,11,61,76,71,9,55,28,16,4,74,70,47,54,38,76,50,7,29,19,11,58,38,55,26,6,59,12,99,9,67,71,59,29,78,6,76,11,87,10,8,90,39,71,13,96,42,86,80,42,66,83,31,76,51,42,3,65,42,95,18,55,88,91,64,83,72,1,61,59,88,39,54,75,48,64,61,35,44,86,2,76,30,72,75,42,92,83,50,24,95,94,70,61,13,44,65,31,63,93,94,17,34,17,36,60,67,96,26,55,37,50,38,80,48,88,41,90,62,62,15,82,62,15,48,82,2,12,35,47,77,66,91,99,5,41,71,44,28,93,68,31,82,6,84,28,38,29,88,45,8,65,81,87,74,52,77,49,40,57,44,21,66,42,73,8,69,11,8,22,55,56,23,27,17,99,69,57,14,88,17,95,61,8,18,36,88,4,89,72,23,7,2,97,5,25,69,54,79,20,77,87,11,10,50,62,2,7,92,64,47,51,63,66,12,9,12,69,87,64,68,30,56,30,85,7,64,41,15,64,49,56,26,26,54,5,64,75,55,52,76,76,32,7,45,44,15,23,13,66,16,91,2,15,43,74,63,74,10,93,60,38,7,4,62,99,10,39,9,57,25,54,37,80,92,95,27,53,86,7,25,60,45,5,99,81,79,78,82,88,62,92,47,70,83
262,60,80,87,15,39,94,22,73,63,22,12,86,13,43,56,93,22,9,76,24,3,16,91,89,65,7,93,50,68,73,40,6,3,6,92,53,55,33,39,75,38,6,79,81,11,42,85,90,58,51,34,28,55,44,10,97,89,33,77,9,57,44,21,73,38,56,66,2,66,36,2,65,23,2,32,84,52,34,37,15,43,77,36,10,64,60,49,1,50,51,43,38,47,71,22,73,20,97,27,9,32,74,2,38,12,54,12,93,57,75,19,44,24,50,68,31,90,68,63,8,37,51,12,58,60,6,16,26,52,18,27,84,44,38,56,7,66,46,62,45,84,62,42,71,85,74,72,89,42,59,99,61,83,69,38,47,4,5,76,54,23,60,36,46,13,78,94,95,52,57,96,40,53,30,26,69,36,82,94,19,5,24,62,2,61,64,21,84,77,18,89,36,83,19,69,66,72,23,3,7,60,71,90,74,42,44,53,82,2,7,46,99,47,62,72,51,2,25,85,80,84,38,73,69,58,21,29,47,51,70,32,22,64,46,42,46,45,24,27,85,32,43,61,73,59,15,58,41,99,94,29,52,65,9,11,48,22,33,76,84,7,3,97,79,79,2,10,51,43,33,86,66,81,89,52,99,49,44,53,63,24,51,5,62,96,88,61,10,20,95,4,11,45,86,52,86,47,10,41,96,57,66,7,35,28,66,73,33,1,48,14,5,97,65,98,91,41,81,39,66,90,7,30,66,4,33,67,83,94,73,36,76,58,34,55,35,99,48,8,73,79,64,50,91,22,84,65,49,38,60,43,1,44,4,64,4,73,25,45,39,62,78,11,18,24,2,69,35,31,51,67,27,74,87,27,82,98,53,90,60,20,18,49,54,61,97,24,64,37,71,47,99,16,2,30,61,58,79,72,43
263,71,75,2,76,32,48,87,3,79,88,27,48,41,31,81,87,44,52,48,29,25,41,9,12,92,84,28,45,26,63,74,56,14,43,44,43,96,76,74,48,6,34,52,24,93,41,93,79,62,51,12,60,81,10,10,93,6,85,92,78,56,86,83,61,77,48,85,16,61,92,52,60,38,46,75,19,72,72,87,11,1,4,32,12,52,69,57,18,82,42,55,21,91,80,70,63,23,57,81,59,36,21,70,28,67,93,86,84,28,6,90,51,83,31,88,36,11,92,54,86,84,80,18,27,30,4,87,31,61,91,23,61,33,62,74,38,98,65,10,36,21,51,94,63,62,56,42,83,61,39,77,2,33,37,81,49,35,96,84,28,99,81,55,83,83,45,18,74,3,27,74,31,90,50,8,3,12,85,38,44,33,19,9,79,79,95,34,32,49,76,43,19,28,17,74,83,38,62,34,87,41,87,22,21,23,75,23,31,5,89,9,86,18,94,87,29,69,31,24,4,49,18,3,5,48,30,10,27,94,89,66,27,24,56,6,2,31,79,66,39,81,87,34,74,76,35,57,69,40,52,25,17,9,40,79,84,90,88,30,91,80,70,90,17,13,44,8,42,92,28,66,81,8,51,49,47,78,35,28,84,49,64,50,49,70,16,38,29,87,10,24,76,18,70,57,72,60,77,98,41,98,80,40,35,67,12,72,25,70,54,21,55,62,65,68,37,64,47,32,18,47,96,41,80,63,53,22,22,11,75,22,13,27,25,81,11,20,42,23,91,72,45,91,88,59,48,49,89,39,88,33,39,62,88,22,3,89,37,94,90,69,34,54,21,28,42,26,36,31,96,65,20,72,37,72,6,9,71,83,6,1,36,91,1,95,15,8,69,1,33,20,30,18,86,26,35,99,97,99,57
264,35,47,90,93,63,59,22,57,40,89,84,15,83,37,58,10,61,25,71,94,91,59,81,82,95,95,74,76,71,39,6,44,3,25,49,80,7,74,98,50,97,30,60,16,99,19,28,20,40,52,17,88,77,34,12,75,64,99,95,80,1,76,22,59,87,88,12,7,66,20,40,80,6,79,42,9,97,14,44,3,9,7,3,59,5,10,40,2,72,73,38,22,84,7,19,33,85,59,1,43,89,76,5,37,42,69,86,6,13,69,33,33,36,43,87,83,93,42,49,78,90,37,35,4,8,9,64,77,67,16,31,75,40,50,51,55,26,2,25,94,26,35,81,36,37,44,53,7,97,60,27,54,93,9,79,44,30,94,7,18,84,47,8,83,72,13,19,84,32,18,19,88,90,39,37,97,75,49,6,80,75,29,91,73,2,9,43,82,23,20,44,39,91,80,71,10,20,76,18,83,19,29,61,18,74,65,31,50,33,68,83,75,91,93,69,26,46,33,32,24,54,67,67,48,62,71,88,68,30,9,41,5,8,85,34,53,67,27,94,18,40,73,61,12,60,95,39,97,46,68,81,8,7,54,62,91,71,75,70,53,87,35,6,48,10,86,88,24,63,55,81,57,89,80,58,96,38,65,77,85,11,2,8,10,54,25,7,57,14,90,97,10,7,56,15,9,45,21,34,93,31,41,49,95,49,9,74,46,17,73,4,88,42,74,63,62,29,78,21,28,95,89,5,34,49,81,16,74,57,80,4,57,14,79,93,77,90,34,42,49,68,13,29,68,85,25,75,49,51,81,59,12,55,33,44,61,37,96,37,62,40,73,45,42,85,40,1,40,7,59,31,38,24,95,16,35,20,55,19,2,72,13,20,25,79,53,40,42,16,93,58,4,94,27,11,67,19,6,91,34
265,87,1,33,49,11,92,93,23,65,8,37,95,83,57,23,45,47,92,80,44,56,99,97,63,96,20,37,78,92,81,62,10,28,43,80,65,1,52,10,10,66,19,30,61,81,59,32,30,80,12,32,73,30,74,80,46,15,41,52,58,45,11,37,87,79,97,93,32,8,3,59,65,27,74,27,73,97,93,66,13,52,63,79,32,65,3,82,69,82,15,25,7,98,26,64,52,75,4,64,11,64,37,23,54,24,7,80,84,87,38,17,53,20,15,45,52,19,5,72,85,34,10,45,83,68,26,58,36,81,34,48,4,9,58,13,19,80,5,18,82,53,71,15,45,17,21,46,29,63,39,97,31,71,62,87,76,93,27,22,83,16,15,53,64,58,31,34,85,20,87,41,72,9,69,59,60,80,87,74,96,13,14,93,29,20,39,9,82,24,63,25,92,96,54,41,13,44,83,72,48,25,50,59,49,19,52,25,1,24,14,6,87,33,68,15,60,84,39,30,27,30,57,81,68,30,31,36,61,96,2,46,59,83,87,40,57,93,1,25,66,36,36,70,6,81,10,30,90,4,88,3,8,30,17,59,2,31,19,48,63,87,99,14,68,79,88,68,85,39,39,32,43,57,17,19,82,86,5,49,1,69,13,68,89,62,71,84,53,56,72,27,99,43,48,30,29,42,29,76,37,70,40,2,17,88,66,58,9,10,45,12,35,28,31,70,40,10,82,63,91,6,41,95,10,59,38,43,41,63,28,90,50,84,63,76,1,62,4,42,38,75,24,34,94,16,49,83,6,15,42,11,90,85,85,97,7,91,79,83,15,81,81,41,92,35,37,12,85,7,82,55,21,25,20,77,3,20,73,22,7,59,16,58,40,17,83,77,59,76,9,46,41,82,77,96,61,56,34,52,33
266,42,31,63,86,2,1,9,40,85,81,4,81,90,17,46,98,8,38,61,38,13,59,75,62,78,69,93,78,91,16,29,53,69,88,68,94,40,40,9,46,82,82,7,70,24,33,34,68,56,9,96,20,33,3,12,27,21,3,67,55,18,42,77,22,1,48,16,55,60,78,92,41,45,31,19,3,10,78,53,78,4,17,24,37,11,66,30,23,12,64,12,49,48,55,48,18,42,67,93,60,22,76,8,3,20,56,63,47,23,71,68,11,22,88,46,24,29,50,9,94,41,27,69,28,83,26,82,67,62,87,34,34,46,60,31,77,87,19,92,16,56,26,99,84,20,74,6,42,26,72,20,60,6,9,6,50,56,41,45,35,94,21,11,24,2,14,27,12,60,5,91,45,74,26,33,24,23,5,29,34,18,29,44,88,95,66,1,70,80,6,93,3,47,59,21,36,16,81,27,56,66,65,75,45,89,88,17,42,3,51,38,55,89,93,21,84,20,75,64,31,43,9,85,28,52,62,19,92,41,85,30,24,86,25,24,69,95,69,27,62,74,56,95,10,28,95,4,61,99,25,1,46,16,82,65,96,14,21,56,3,80,42,58,18,77,28,59,17,67,56,96,37,15,88,80,90,12,17,65,8,87,91,26,95,16,64,37,37,49,51,43,33,7,86,84,81,93,77,52,49,73,38,10,42,41,33,19,23,85,89,83,1,38,88,32,11,27,46,11,17,28,75,47,61,11,5,44,31,53,85,80,33,42,76,29,24,30,61,11,62,92,88,1,70,81,54,63,18,66,4,97,4,17,45,74,84,37,68,37,17,23,48,33,80,39,6,30,33,25,24,57,19,42,76,16,88,82,98,10,34,59,43,19,82,14,89,98,75,31,62,93,95,23,19,58,13,96,84,71,60
267,16,28,56,27,95,25,57,47,11,65,92,33,19,57,1,83,64,74,46,4,86,39,13,94,98,33,65,76,73,81,40,85,72,82,80,45,34,85,76,92,91,29,77,9,32,31,46,34,56,32,38,58,72,79,54,80,47,22,47,14,45,35,87,70,45,34,83,30,54,81,90,69,97,64,37,89,98,25,48,37,82,99,12,33,86,29,65,19,25,49,42,20,9,1,57,63,78,50,72,96,54,77,56,54,16,46,79,8,50,41,79,31,41,83,55,85,29,98,79,9,88,87,94,21,75,91,81,48,71,37,21,83,41,76,73,21,44,13,55,74,48,8,64,49,49,39,12,4,39,21,5,3,77,4,52,45,23,72,58,47,3,67,51,87,2,99,37,94,62,38,90,45,99,37,62,41,9,7,32,23,60,38,77,54,3,5,25,7,17,82,10,8,87,78,59,86,6,40,25,72,33,86,70,17,42,66,80,25,13,95,17,56,15,6,62,18,59,2,80,52,19,55,79,14,87,74,33,89,79,68,32,37,44,25,3,23,43,11,90,59,71,17,16,37,54,90,44,18,80,14,51,28,17,91,25,13,50,81,38,92,71,89,92,91,37,35,26,46,93,36,87,95,77,3,19,24,60,20,88,1,95,73,94,35,71,17,22,47,27,19,49,1,81,81,65,49,23,33,91,78,31,99,89,48,14,36,63,59,10,36,15,96,88,97,80,73,47,58,69,91,53,38,99,14,92,26,20,99,89,73,99,30,32,56,25,20,86,31,4,89,51,92,85,57,64,97,52,8,57,60,84,79,70,9,73,79,9,20,63,21,68,34,52,52,39,85,51,99,72,94,82,35,12,37,3,99,58,62,94,92,34,8,51,85,51,67,99,35,1,4,77,91,69,43,62,29,62,94,51,51
268,54,74,21,86,10,27,16,90,99,22,42,14,16,17,98,78,75,62,88,99,90,58,36,21,60,68,15,95,15,37,96,75,25,52,22,63,86,18,15,4,85,84,25,71,24,97,64,70,93,9,98,57,90,74,93,34,81,90,13,44,49,98,4,31,53,22,47,17,40,40,41,74,59,51,69,8,15,39,36,35,45,1,38,41,21,41,3,14,43,54,86,13,85,64,81,60,89,15,87,64,65,41,10,89,38,24,25,15,53,5,29,14,5,24,45,95,17,55,97,8,42,56,30,5,69,18,9,33,11,84,22,65,10,50,18,11,35,43,7,89,83,60,17,9,36,49,31,25,86,48,5,86,93,37,26,72,99,75,35,95,88,26,22,14,86,57,22,76,78,22,62,62,92,89,81,73,89,63,25,73,5,37,95,3,5,51,38,72,11,58,61,61,9,41,67,6,8,55,86,97,35,4,69,76,6,56,99,16,28,99,27,9,41,62,25,19,8,72,40,72,87,65,3,98,23,48,47,33,22,28,53,44,78,40,79,88,2,74,74,13,36,84,60,41,19,32,70,63,60,57,55,48,68,26,16,40,26,15,33,71,72,10,26,26,92,55,57,72,43,80,5,97,37,73,84,44,96,23,68,93,91,41,6,67,6,70,9,25,11,45,44,85,64,77,2,53,57,85,7,97,67,26,81,70,40,73,14,93,12,82,42,6,24,79,96,96,30,70,45,50,18,25,64,70,33,16,17,75,76,14,28,78,5,22,70,63,15,95,7,32,55,59,46,8,36,41,5,68,27,91,14,4,39,93,1,7,42,15,73,27,91,10,58,83,66,86,59,26,61,72,38,62,25,72,1,83,7,94,50,97,50,90,77,34,88,54,55,26,94,11,58,28,16,92,46,67,29,99,54,99
269,2,27,69,95,46,36,37,21,23,99,9,61,38,22,90,46,57,78,37,70,78,27,1,91,81,56,97,68,76,82,95,47,73,7,16,14,46,32,57,34,41,43,60,68,97,66,22,66,77,84,35,17,51,7,7,16,52,28,42,62,82,86,39,99,28,13,3,56,49,12,92,95,38,11,23,17,94,68,7,36,15,40,89,77,99,49,70,68,30,23,34,80,93,3,24,16,48,59,8,59,10,6,48,35,50,93,12,65,44,32,45,52,84,29,3,90,4,49,61,77,31,30,63,56,98,53,48,30,71,79,34,87,7,43,16,2,47,25,44,72,69,21,94,88,51,6,25,1,83,45,20,53,87,42,56,28,73,19,37,1,97,18,17,95,1,37,64,39,14,65,35,11,20,49,74,68,55,27,28,79,1,15,81,32,42,13,41,58,27,86,71,28,98,51,95,51,22,29,30,59,6,67,42,69,88,32,13,77,44,14,33,78,55,76,35,70,3,63,1,41,93,93,71,99,44,39,98,94,12,99,50,32,81,73,46,40,14,70,79,58,70,76,50,79,28,69,53,59,5,34,39,43,35,84,52,10,21,18,15,34,68,63,3,70,34,72,91,6,6,20,76,81,44,7,38,10,99,10,2,20,20,52,26,90,88,80,41,54,53,44,15,26,22,74,72,47,63,3,72,77,68,16,58,79,45,9,91,27,41,48,46,92,89,19,31,59,67,96,76,67,57,41,20,57,7,15,54,49,79,45,42,75,83,33,50,57,59,21,73,29,23,12,88,70,95,85,66,14,41,42,99,79,82,65,1,69,16,52,53,9,80,72,15,28,47,28,24,36,43,49,31,9,24,1,23,94,73,41,11,21,47,73,32,75,69,38,4,8,11,21,54,3,62,50,25,7,56,5,6,53
270,86,56,91,67,67,19,43,26,15,49,41,18,83,77,35,34,16,81,37,54,67,78,2,69,3,52,70,5,17,85,61,41,43,43,12,19,14,32,85,64,17,49,27,75,13,21,9,16,97,86,29,72,43,93,6,43,12,19,21,94,5,79,26,84,8,61,76,77,49,63,73,10,66,50,47,92,39,14,69,82,28,44,56,85,8,50,28,47,90,46,3,63,76,15,68,74,35,89,78,2,20,96,74,27,31,70,45,90,11,10,49,30,79,63,4,96,5,22,14,67,24,84,66,10,95,5,23,16,7,13,76,19,52,90,35,88,64,34,79,60,2,23,99,96,57,57,40,26,97,20,1,29,14,60,66,22,80,96,98,80,49,90,35,35,96,42,63,60,37,81,94,44,40,55,73,80,42,31,80,38,21,83,38,98,2,24,51,93,27,33,79,55,36,79,81,23,50,45,49,52,53,97,99,46,66,20,76,56,46,28,91,1,98,79,35,18,10,35,14,65,53,76,64,6,32,29,71,39,68,32,3,70,8,79,48,71,50,85,88,60,89,32,12,27,43,21,86,50,30,72,39,88,25,26,47,92,17,43,54,86,78,54,94,49,64,8,15,91,78,18,5,69,63,17,43,17,38,56,46,2,36,38,96,59,20,8,70,91,14,19,54,37,59,52,52,24,38,92,68,65,78,81,24,23,91,15,8,55,90,62,91,80,55,75,31,40,50,88,40,59,44,62,47,8,60,65,59,35,71,24,39,78,73,55,44,9,33,69,29,40,3,40,55,49,69,69,23,71,18,75,57,37,29,12,82,15,5,60,60,53,63,77,7,10,63,31,18,80,13,42,2,89,88,46,59,65,99,79,90,39,18,85,61,22,48,79,47,16,68,65,38,51,42,53,37,56,27,41,88,90
271,40,90,2,71,88,43,23,26,84,32,64,18,7,97,93,81,82,77,44,64,62,21,72,71,43,87,53,76,86,31,7,57,23,13,12,4,94,35,26,62,70,2,37,90,60,29,71,80,42,32,56,85,7,29,52,34,2,71,39,2,14,91,13,91,44,83,16,32,87,37,62,25,91,17,4,1,62,21,3,85,37,50,59,42,41,13,27,17,73,35,73,29,33,94,90,50,56,37,88,65,48,74,35,54,50,84,33,22,99,73,11,46,40,96,69,55,23,7,4,84,42,55,59,46,34,29,49,92,80,21,60,83,29,2,1,60,25,35,3,53,66,8,39,41,25,46,44,74,13,7,37,89,96,15,19,6,91,75,42,92,95,91,3,38,37,98,15,9,12,36,44,54,53,24,74,95,8,73,17,75,28,75,64,33,2,54,56,19,2,14,87,53,34,37,50,11,25,50,40,74,23,89,92,22,10,85,51,68,45,94,51,35,39,64,99,27,48,65,5,47,91,60,2,15,20,52,76,75,36,67,48,96,32,60,94,98,22,57,76,40,51,41,97,15,62,30,89,2,65,94,34,30,72,84,68,96,51,70,10,69,73,89,41,92,46,15,57,12,66,37,59,99,64,33,76,71,4,34,51,41,34,5,87,37,48,93,6,98,54,62,96,4,22,70,98,85,58,44,92,90,98,26,67,58,98,90,13,24,60,44,68,90,23,84,26,33,43,72,2,57,67,12,80,12,50,77,80,55,88,71,2,96,64,8,38,69,67,22,56,52,63,18,63,97,7,34,51,56,67,88,44,76,97,28,10,99,81,33,24,20,53,38,53,54,63,48,25,52,30,12,71,64,7,47,27,91,12,79,2,37,15,99,75,10,8,61,9,26,87,77,61,83,59,50,94,57,5,10,18,67
272,32,2,90,76,19,98,73,61,8,95,99,11,93,58,16,40,33,26,80,80,32,33,14,47,23,42,76,57,34,15,22,70,19,24,7,19,16,77,69,12,86,99,82,37,36,32,69,64,49,40,66,31,97,36,30,59,33,19,38,10,76,36,44,94,55,48,21,95,9,35,2,58,49,80,50,54,71,46,92,80,59,32,43,37,98,18,20,6,48,60,43,57,67,34,32,45,79,19,6,8,72,29,70,26,78,34,23,1,78,85,95,72,24,2,75,43,24,53,12,19,28,71,41,5,30,72,16,1,1,68,91,64,63,30,88,2,14,45,35,64,85,80,5,80,50,5,42,49,72,30,54,35,9,4,75,1,8,85,8,54,25,97,83,75,62,83,23,69,22,64,77,32,76,80,50,89,81,9,44,55,75,99,4,12,63,43,88,99,91,6,81,46,2,54,7,89,55,7,99,34,43,35,79,6,34,99,63,69,7,20,12,45,30,31,5,26,67,21,68,25,74,19,35,59,61,55,83,23,94,43,53,70,82,43,39,84,33,90,64,68,12,50,29,33,35,13,49,80,92,10,60,88,3,7,35,28,52,79,28,81,7,52,47,45,25,18,60,29,18,45,50,83,23,27,11,11,2,73,99,78,7,80,81,83,35,52,15,47,98,44,1,88,73,85,33,82,54,64,94,66,67,25,62,2,48,59,57,10,92,80,54,55,60,51,33,74,97,72,68,45,89,92,91,65,96,18,34,72,79,41,98,39,95,16,90,16,86,12,7,5,61,58,25,45,55,80,99,11,87,88,32,81,70,9,30,14,61,96,41,6,37,73,87,95,37,82,41,55,33,31,58,15,97,86,99,15,78,4,32,50,2,43,15,85,19,34,32,33,50,87,55,14,21,53,84,84,1,65,1,60
273,20,18,94,97,49,33,8,85,12,33,74,89,95,27,72,32,24,81,59,42,98,87,85,93,72,71,44,63,15,63,64,25,10,28,51,97,22,18,12,60,38,12,79,79,72,76,43,42,15,56,94,96,90,81,20,83,38,83,22,44,55,53,14,23,5,24,34,99,31,75,48,82,71,60,51,24,48,67,75,46,21,56,52,52,83,77,99,49,50,59,20,26,16,27,24,13,62,87,46,58,86,90,78,93,82,26,42,4,75,74,98,7,53,93,26,86,63,75,74,85,70,14,16,22,11,47,12,64,89,98,72,50,98,16,17,56,64,99,11,50,34,2,60,48,27,44,72,73,1,24,71,94,93,30,33,64,86,32,51,27,2,10,62,59,47,57,36,12,83,48,70,79,90,21,64,59,31,26,3,86,54,56,17,74,33,40,26,7,51,92,57,6,19,48,84,24,15,56,97,69,78,81,64,15,34,12,45,43,69,56,1,75,29,84,32,7,71,49,47,24,99,18,72,97,83,33,74,79,16,79,29,6,23,20,95,23,52,22,6,74,4,71,21,98,35,55,67,39,53,14,26,62,54,48,7,82,39,83,16,13,97,53,98,30,90,14,67,36,29,24,3,68,94,91,46,52,29,28,26,88,88,65,14,64,64,88,17,95,19,95,42,10,58,91,15,71,1,65,45,74,39,5,20,48,14,93,45,75,62,24,15,97,15,31,39,53,67,91,76,91,63,16,43,9,61,15,13,79,52,29,86,38,86,49,82,87,52,20,66,55,49,72,41,69,70,7,28,97,7,26,87,51,35,82,43,39,14,72,57,50,91,13,6,90,76,12,53,49,65,12,55,90,47,98,4,26,99,19,90,96,59,20,22,75,25,3,46,89,32,48,26,83,10,70,45,63,31,8,86,6
274,18,73,20,24,27,30,59,59,12,41,35,98,61,76,7,68,67,96,34,35,78,28,15,96,6,1,40,74,23,15,74,1,58,20,19,78,64,80,93,33,65,77,54,51,77,33,9,57,25,97,82,41,41,86,72,27,80,86,17,93,62,81,49,92,76,38,41,96,61,46,54,95,15,8,57,83,13,87,99,99,89,67,49,53,69,66,78,62,75,39,50,31,39,7,24,85,10,57,44,11,37,63,40,21,75,21,53,54,83,25,28,22,91,45,57,47,84,26,70,25,22,43,86,50,43,16,47,38,68,47,35,33,13,63,59,61,49,40,55,74,14,18,69,23,93,34,98,28,2,54,63,32,77,53,58,26,81,54,7,32,37,74,21,33,30,84,15,73,11,11,95,72,26,24,43,25,2,54,38,70,87,76,75,94,47,71,79,25,67,86,34,99,74,42,51,29,54,48,28,91,62,92,47,12,22,76,58,2,20,61,94,74,83,65,73,89,23,23,43,55,23,3,22,16,85,14,39,41,97,18,6,94,42,53,14,26,18,93,81,8,88,62,95,7,52,9,5,14,23,17,15,4,80,22,50,36,58,53,55,78,36,70,77,29,10,80,92,50,87,19,53,44,5,18,88,21,67,96,44,36,97,44,95,50,64,93,48,36,72,62,12,93,17,70,25,62,43,91,68,2,51,82,92,19,85,31,78,40,58,2,34,52,42,93,14,44,95,23,88,84,23,4,46,95,86,16,47,96,12,76,32,70,82,97,55,37,12,28,25,58,60,67,61,18,57,56,57,30,45,6,4,28,90,87,69,36,26,28,77,50,22,77,58,31,22,10,59,27,63,48,66,56,40,15,44,30,83,51,97,51,54,4,56,27,79,46,93,15,11,5,22,15,20,28,41,50,67,40,27,62
275,18,16,63,35,22,8,24,24,2,15,81,90,19,48,66,55,15,35,84,17,27,97,70,83,39,96,96,45,31,8,33,24,28,41,64,7,82,74,88,25,4,79,1,86,79,40,14,76,4,74,74,39,50,89,64,72,53,43,45,56,51,67,88,32,58,41,33,73,87,17,38,86,29,11,8,64,12,64,49,91,63,58,8,69,97,62,9,91,53,89,80,66,29,3,40,78,31,45,17,59,42,18,35,94,62,24,17,97,61,75,11,81,76,53,85,43,69,20,3,3,6,67,13,24,98,70,98,34,73,93,41,81,62,58,41,82,55,12,24,80,91,59,78,68,31,73,34,55,14,47,75,38,33,24,25,32,18,61,65,41,7,15,5,25,86,7,63,47,34,46,91,56,71,92,67,50,68,41,95,63,70,71,28,17,9,55,41,16,42,70,46,88,43,53,56,19,62,68,52,95,51,52,73,69,86,70,8,93,84,7,73,80,37,15,85,9,65,45,78,85,31,29,84,54,43,43,55,22,45,23,78,25,2,55,25,49,61,46,59,1,60,68,63,76,43,79,96,35,49,92,55,34,6,16,46,61,86,14,41,57,6,50,23,35,12,11,88,28,23,76,24,31,27,23,78,65,26,94,34,34,17,84,15,24,63,72,83,51,21,74,45,14,67,23,53,88,17,13,69,52,3,76,12,49,93,7,88,12,59,38,33,19,22,45,84,16,94,80,79,42,60,14,71,79,17,8,35,14,92,27,40,98,76,70,86,68,43,88,84,70,76,54,96,61,14,10,5,17,32,98,39,46,68,70,46,44,53,34,37,44,78,39,15,31,74,84,9,67,58,60,54,80,26,84,48,17,39,23,7,68,53,74,85,24,21,84,45,44,27,57,87,49,8,25,23,7,37,57,45,59
276,9,49,90,11,8,31,27,36,61,80,66,82,71,84,88,83,49,11,75,2,31,52,23,84,3,86,52,34,86,70,40,95,87,20,12,45,18,30,69,66,97,91,57,98,72,43,42,21,94,3,88,98,2,57,23,27,93,5,67,12,83,71,61,56,67,95,38,47,51,94,26,56,9,79,38,84,70,63,29,82,10,11,12,5,95,38,47,72,85,68,47,13,9,37,54,22,66,41,37,65,93,7,92,65,98,79,94,77,33,71,33,92,45,52,62,97,2,83,36,71,94,27,74,17,64,64,9,7,96,95,85,17,1,75,15,3,78,65,71,89,62,89,88,43,29,28,6,34,20,76,55,72,53,11,87,50,21,78,93,58,42,14,76,15,99,45,53,26,16,90,30,91,19,38,83,59,26,22,21,91,72,70,74,58,33,46,72,62,1,25,13,96,89,72,89,63,84,41,69,3,86,34,67,4,20,37,40,6,26,44,36,43,16,62,64,66,84,97,24,39,65,97,20,73,95,64,36,78,80,99,10,55,69,5,9,23,66,48,21,75,83,3,45,68,5,76,61,53,30,89,98,10,96,41,85,97,69,69,39,15,77,61,23,49,2,21,88,41,20,87,99,38,19,66,31,81,19,89,88,84,64,29,79,50,10,19,8,56,30,89,86,47,44,34,98,61,30,34,71,59,33,25,13,10,94,38,38,61,48,29,87,22,80,93,82,3,22,18,51,94,54,89,66,56,57,33,66,10,94,56,47,39,52,20,75,85,15,49,33,82,67,44,89,66,3,89,46,9,50,82,11,83,30,13,39,21,34,45,87,55,20,70,79,7,6,38,59,23,45,79,31,22,3,84,36,60,14,48,82,7,69,76,90,82,12,4,29,18,24,19,92,19,24,19,35,14,67,19,65,82
277,96,2,26,37,59,16,98,63,48,11,97,35,31,20,59,8,95,67,23,15,92,63,74,98,64,4,57,19,57,24,88,65,8,86,34,75,48,2,84,42,56,41,3,68,38,92,6,53,7,77,49,49,83,25,37,34,90,28,42,60,74,42,15,30,52,34,79,10,51,8,95,21,50,46,45,61,20,45,56,30,42,69,21,61,42,49,9,21,44,96,56,47,35,70,5,79,71,58,29,59,20,14,87,35,16,98,71,29,27,90,54,61,6,43,54,32,66,58,35,4,9,5,72,51,86,61,26,69,79,24,88,15,29,62,30,47,1,52,57,87,1,61,97,70,76,63,5,4,27,64,64,45,81,43,8,71,5,31,17,86,18,68,27,69,45,71,32,42,24,3,68,63,38,14,61,39,90,47,8,76,63,15,19,53,13,85,23,94,72,40,86,89,92,5,36,8,90,1,24,99,94,3,10,77,58,41,43,31,83,74,7,88,71,80,32,8,93,50,96,74,19,52,42,21,18,3,70,74,8,1,94,59,82,19,76,93,49,44,57,43,15,85,79,30,34,85,68,16,60,73,80,33,25,30,32,63,75,9,18,40,2,2,15,17,18,55,49,27,36,44,33,51,10,52,18,10,71,48,31,47,60,8,33,99,26,72,76,40,20,74,97,43,9,72,75,2,57,76,55,39,43,37,94,75,44,70,61,15,19,5,34,51,59,87,43,22,67,56,38,8,59,50,93,79,53,35,24,79,51,9,89,34,24,31,98,8,29,14,49,85,61,42,13,97,29,97,55,85,63,21,5,64,65,15,6,33,57,81,49,31,60,65,12,17,24,32,92,7,22,54,79,16,44,86,48,30,62,28,44,54,2,50,16,52,98,21,4,16,25,67,31,76,25,66,38,91,3,5,73,84
278,51,58,19,31,86,83,19,32,45,60,76,32,3,66,95,77,27,7,96,65,61,12,70,45,3,50,49,92,48,40,14,7,44,95,48,99,16,51,70,91,30,3,92,62,56,60,82,98,27,98,89,19,47,11,48,92,56,50,22,19,2,66,98,58,94,68,84,40,94,98,68,93,28,20,83,51,53,25,3,46,61,3,95,79,29,15,2,56,21,73,52,98,8,85,68,97,41,86,40,93,41,51,81,49,89,8,8,33,87,8,28,25,94,42,14,11,96,20,90,1,82,59,94,68,97,43,21,87,45,39,8,92,85,25,44,81,36,1,6,82,67,52,73,17,59,1,65,46,4,36,89,94,50,71,62,7,65,68,77,49,58,13,3,82,19,9,95,13,76,99,81,84,17,21,33,26,83,47,5,14,55,25,18,18,79,6,30,48,39,97,37,60,2,99,4,57,13,72,82,39,39,78,95,44,77,70,74,60,40,41,49,22,13,65,75,56,80,79,16,7,31,99,51,71,58,59,53,41,24,83,27,76,30,46,6,86,95,96,13,5,50,18,42,96,75,8,65,75,38,38,62,38,44,93,13,9,91,20,46,42,27,91,27,10,52,24,62,13,10,42,82,36,80,7,91,46,48,19,93,62,49,98,47,99,15,38,18,20,20,4,45,82,38,53,18,80,85,95,44,47,1,98,1,19,94,5,12,9,31,53,69,18,29,62,75,94,56,67,89,63,51,44,73,39,16,78,67,55,25,94,95,93,2,30,18,37,79,92,83,53,38,39,46,86,98,47,94,4,75,16,20,29,30,13,84,48,12,59,25,75,14,5,94,54,78,17,54,46,15,50,61,94,87,44,94,48,34,63,97,54,88,83,73,2,81,41,36,76,47,23,24,57,20,11,8,65,87,62,79,73
279,69,71,40,26,1,30,30,21,87,16,3,43,23,46,7,94,90,13,22,84,69,17,15,48,11,77,33,49,73,26,98,88,19,47,49,21,81,38,76,44,85,87,54,30,9,23,51,7,40,1,84,79,57,99,58,26,66,30,22,88,73,82,79,85,16,43,1,65,19,13,62,32,33,57,85,79,22,20,39,41,85,43,95,45,85,9,70,48,96,65,2,3,78,90,61,52,85,38,83,69,77,44,87,76,20,8,20,89,43,31,51,28,56,99,31,57,11,81,42,96,71,15,6,25,39,36,58,14,83,1,17,2,60,94,72,25,9,6,52,61,9,89,92,43,77,13,12,63,70,13,86,88,62,7,13,73,22,39,49,73,63,77,52,49,52,91,67,85,93,8,38,6,5,57,43,66,81,41,10,77,88,63,56,40,68,90,56,91,40,84,31,36,6,96,5,25,45,92,80,71,48,33,57,47,20,43,25,32,57,72,8,70,15,30,47,91,53,11,47,60,48,11,70,81,91,46,73,29,57,11,52,99,94,54,57,79,86,87,96,48,88,38,1,43,71,19,35,44,76,95,25,81,84,90,20,83,95,76,79,32,90,22,62,29,75,40,66,53,11,33,5,59,22,89,25,72,11,93,50,28,48,2,29,70,58,46,48,20,75,8,68,81,21,43,4,17,77,19,99,31,35,90,53,16,61,82,61,14,6,56,21,60,55,52,82,23,24,43,70,63,53,93,54,34,72,67,17,46,41,54,77,13,85,36,27,76,91,69,11,73,68,56,67,81,49,56,69,54,20,95,23,92,67,11,39,45,94,16,86,65,5,35,95,31,3,73,28,91,14,19,56,92,1,25,36,31,30,17,10,74,11,38,81,58,89,36,9,89,7,42,72,9,47,66,52,36,67,98,27,63
280,63,16,80,22,79,61,22,49,91,34,37,35,37,59,77,80,51,41,86,96,55,50,64,79,69,85,67,6,63,60,21,35,54,93,45,74,18,87,89,80,86,33,50,23,81,84,96,52,87,23,3,49,72,78,83,95,39,66,15,72,2,38,18,82,86,1,20,25,85,41,85,90,86,60,88,32,10,32,42,93,56,81,17,27,5,75,74,31,57,5,15,65,95,22,82,23,10,16,8,87,62,71,85,31,29,90,48,52,7,80,70,40,7,98,75,97,36,24,26,31,64,59,51,25,73,52,69,44,83,36,61,99,22,8,63,99,68,25,9,18,1,35,69,24,58,35,59,29,1,20,26,13,74,42,4,81,46,48,82,92,27,79,63,55,86,28,35,5,27,7,70,16,14,96,49,30,4,98,48,36,34,99,12,95,13,29,43,2,80,17,22,75,75,17,58,20,65,81,23,57,8,54,55,46,41,13,25,34,89,49,58,79,19,83,27,7,84,85,46,64,1,43,52,74,81,31,63,15,1,68,59,71,74,24,39,2,43,40,50,29,97,35,12,42,56,15,37,33,19,45,34,66,40,39,63,51,60,14,17,39,79,73,66,6,91,37,82,47,70,68,84,39,53,1,91,8,18,22,67,61,86,29,39,46,23,21,85,25,55,51,34,58,40,13,85,52,77,56,39,36,5,8,50,82,81,66,66,22,87,61,42,46,38,53,32,99,84,66,21,94,42,17,88,79,60,27,51,66,57,36,65,26,22,23,41,73,94,55,3,99,71,48,20,95,84,48,65,48,11,62,91,15,98,39,81,78,27,34,57,62,94,83,78,61,56,91,33,86,8,12,1,95,54,51,6,32,72,37,23,30,11,11,80,46,93,87,6,49,27,75,77,77,10,6,20,41,91,7,49,21
281,65,23,68,56,46,78,28,76,43,4,88,82,30,60,16,99,60,79,51,6,57,47,36,98,6,69,66,20,60,93,65,76,82,3,36,37,36,3,26,12,60,71,36,6,92,16,39,27,92,77,34,57,10,28,68,17,15,68,21,71,80,20,46,28,54,81,7,95,17,54,45,86,52,7,21,89,93,18,74,86,43,7,4,5,96,39,71,62,24,96,85,48,30,42,16,83,24,50,37,18,19,87,3,39,84,44,97,94,43,16,94,73,12,82,1,82,53,71,49,80,1,68,94,24,10,3,96,9,76,28,66,40,4,60,29,7,31,4,47,60,10,7,5,2,39,72,78,8,30,77,99,59,35,72,43,75,49,62,4,89,11,70,77,74,37,74,4,6,24,55,35,68,47,47,91,57,13,65,1,14,57,42,90,7,66,69,9,23,68,54,90,10,88,73,45,66,68,43,57,26,75,44,85,78,26,50,48,11,83,57,61,76,52,95,94,12,49,12,75,11,49,85,39,93,60,96,45,96,38,53,14,82,19,88,94,39,76,99,37,92,6,21,54,52,93,31,78,92,27,80,54,9,86,78,99,6,12,74,95,5,18,20,67,80,99,74,26,54,52,23,92,57,7,29,56,30,60,72,8,77,60,76,72,6,17,66,63,89,28,87,65,94,30,2,45,69,37,24,66,47,96,18,82,42,62,39,38,33,64,50,29,1,86,76,2,98,19,72,64,10,2,28,16,70,64,21,5,70,95,48,13,75,3,34,20,88,96,6,6,50,78,55,30,30,12,2,80,84,20,15,1,13,47,12,58,21,23,63,99,19,81,94,84,19,1,46,88,95,12,17,75,14,23,53,58,82,46,66,30,24,48,50,87,12,28,52,10,5,66,81,4,90,34,11,4,9,69,27,58,25
282,67,30,28,61,45,3,11,75,74,86,95,44,67,59,34,66,7,1,40,77,92,58,53,17,17,35,81,26,50,80,93,78,65,83,24,33,49,4,64,47,36,63,44,88,2,65,82,17,83,25,8,91,51,3,89,22,27,11,7,64,98,97,6,49,4,95,12,83,59,75,87,25,91,65,56,28,16,78,27,41,67,43,86,31,51,51,64,43,87,33,92,2,12,57,34,76,84,98,73,14,40,68,27,92,38,54,92,35,17,70,18,17,75,65,5,79,57,78,60,26,23,56,7,61,50,32,37,28,37,58,48,70,20,54,44,7,73,52,72,57,93,38,75,21,41,99,90,51,30,35,58,5,18,28,64,14,40,44,66,38,19,28,35,97,60,39,70,28,38,58,64,58,48,48,78,80,30,14,59,16,33,14,61,80,97,7,84,41,53,76,41,35,20,25,56,66,59,19,25,13,98,41,94,69,24,80,60,64,52,51,84,7,26,93,58,22,30,42,37,48,75,74,43,82,5,67,65,58,20,65,41,63,99,93,62,2,31,9,97,57,79,79,22,76,50,26,42,25,50,65,63,18,31,76,76,80,40,66,78,99,68,85,74,57,25,79,94,38,56,22,2,55,20,77,86,35,60,78,8,17,16,89,40,11,72,9,99,2,55,89,84,25,7,28,7,46,12,9,94,76,63,96,25,74,6,41,12,4,10,75,74,71,49,83,43,81,52,11,47,53,44,71,8,15,98,15,34,71,85,50,22,69,81,49,34,10,40,92,99,38,80,94,43,83,80,49,43,50,45,2,58,50,58,17,51,59,61,70,22,8,95,67,25,1,67,26,19,80,79,53,36,46,28,7,19,15,95,18,19,93,64,60,44,35,16,80,51,28,3,56,11,83,33,24,4,87,1,38,12,16
283,12,30,19,22,71,21,27,47,59,49,70,87,15,31,76,62,18,90,20,90,82,78,80,31,18,11,38,52,70,92,7,54,16,34,36,29,30,63,64,66,4,36,80,64,14,33,38,53,23,57,72,31,50,28,64,63,90,46,84,12,1,2,95,17,28,40,92,45,32,74,61,29,27,49,28,41,62,5,66,94,44,46,72,97,15,96,12,33,55,4,66,44,91,24,48,86,69,83,61,20,33,88,9,90,73,71,46,44,84,2,93,53,69,43,62,58,2,34,58,60,96,83,88,76,59,31,32,59,62,35,61,63,51,84,3,25,42,40,13,73,13,15,51,72,52,59,93,4,86,4,45,77,34,9,31,12,28,29,39,8,95,25,28,16,12,84,85,21,30,27,1,44,80,93,42,80,41,76,50,95,91,10,41,4,24,64,41,74,44,54,4,37,96,14,16,16,58,48,35,19,46,4,88,29,4,75,17,72,58,49,43,1,35,89,93,91,96,29,29,27,79,56,14,36,30,92,17,72,44,84,14,62,82,37,8,8,40,56,58,10,83,31,78,18,14,16,66,10,17,49,98,75,63,83,61,23,51,95,71,66,92,96,92,35,94,47,49,62,30,75,17,90,4,82,65,47,32,85,96,39,16,74,2,19,13,25,50,42,56,47,78,74,35,73,80,3,83,67,77,92,98,42,73,99,21,26,39,15,19,45,88,99,94,45,91,61,90,61,90,13,56,93,91,92,21,45,32,75,82,69,61,12,91,33,65,33,78,60,67,60,29,70,18,34,64,23,83,5,73,91,32,6,79,4,67,13,39,59,17,23,7,42,7,30,24,84,72,74,58,50,42,30,89,70,58,61,19,96,54,52,96,15,98,31,94,27,94,24,78,20,79,18,3,15,70,83,69,80,40,29
284,65,74,71,12,71,99,37,65,98,37,3,67,42,75,59,38,98,58,59,30,48,91,76,40,94,9,5,86,25,46,53,75,12,81,58,37,95,53,42,55,74,98,20,31,55,76,91,87,19,30,33,8,51,4,90,88,64,26,85,65,95,44,61,83,42,56,19,46,39,9,34,14,47,48,90,2,97,14,63,98,43,45,71,26,28,34,40,55,66,94,53,68,21,24,48,72,28,65,85,19,55,96,5,72,75,34,57,17,57,84,19,19,33,26,17,66,32,91,25,99,6,68,35,72,60,69,31,71,44,19,46,31,65,16,58,38,78,69,62,84,23,22,90,42,79,54,41,86,94,33,53,55,61,36,62,94,6,37,39,3,13,67,71,84,85,88,96,11,10,98,77,44,37,46,25,11,69,43,47,60,97,85,16,96,78,10,39,94,6,21,68,64,55,23,51,41,30,67,7,33,80,17,12,80,24,77,16,40,7,23,60,79,79,36,19,24,41,71,28,77,69,17,76,23,47,39,81,63,70,13,4,51,34,10,38,48,50,41,32,7,48,22,48,69,93,60,62,51,61,31,81,35,83,8,3,40,61,58,77,35,24,27,36,96,61,50,61,88,44,21,87,78,45,69,40,2,52,14,70,88,25,90,12,34,55,92,77,98,52,14,40,54,19,32,82,93,81,67,42,29,66,59,57,64,61,42,70,11,67,88,64,68,8,8,95,8,28,92,95,16,82,88,6,16,64,26,81,1,5,78,28,6,85,80,85,39,9,97,27,42,23,10,56,58,75,4,98,83,70,70,80,23,93,60,89,23,69,58,54,49,30,35,22,84,93,34,86,84,75,48,43,1,57,70,67,67,81,86,54,28,85,7,46,52,61,85,86,51,66,14,58,77,8,40,97,70,8,23,47,86
285,81,49,88,37,23,37,13,28,96,82,52,36,46,8,59,59,34,1,11,49,70,13,76,26,21,25,78,33,32,76,37,19,39,37,63,28,10,49,68,21,51,9,86,91,52,62,18,99,48,61,50,45,6,30,51,20,61,21,86,59,79,33,29,89,9,32,88,59,33,3,6,68,1,45,65,37,3,86,16,93,78,88,33,77,25,30,32,77,3,46,41,75,49,49,16,42,8,77,78,70,25,87,32,42,97,12,50,99,16,50,88,87,84,88,35,11,92,47,3,96,30,25,78,8,40,93,28,93,58,4,88,12,14,85,83,90,50,99,23,49,84,59,71,29,85,35,76,7,34,38,64,64,34,84,27,79,45,28,39,83,31,98,73,35,52,61,32,66,72,78,67,11,52,51,20,95,20,49,68,48,55,75,37,48,51,93,98,88,61,62,69,22,68,57,13,9,29,21,21,59,81,5,34,53,52,5,97,91,36,53,8,3,65,73,88,92,68,74,71,49,57,88,92,36,56,15,97,89,30,71,43,37,94,1,39,94,19,96,81,76,82,59,7,10,31,8,18,67,1,28,70,19,20,74,43,87,81,28,25,75,95,3,12,34,81,61,57,71,24,75,19,31,49,33,28,28,26,12,27,59,86,30,78,3,14,92,52,67,89,34,44,58,67,42,52,88,10,78,75,26,87,72,87,24,11,16,32,62,24,10,57,45,96,61,63,39,66,91,54,91,7,31,52,72,29,73,70,47,69,3,4,31,66,58,75,27,60,74,1,98,32,88,38,76,36,78,26,46,57,85,86,47,61,75,28,42,83,50,39,25,16,32,18,72,77,66,7,80,69,91,94,4,89,5,96,40,4,47,42,9,30,77,18,57,3,3,52,30,31,84,75,91,73,90,47,43,2,83,32,24
286,22,16,99,89,56,5,33,64,66,47,76,13,95,52,20,82,39,34,22,48,81,37,36,65,92,8,99,53,33,54,45,88,32,40,85,95,30,26,71,95,73,75,37,58,24,12,53,31,94,6,34,19,89,37,48,88,32,18,39,73,77,99,88,5,16,94,19,26,43,6,64,85,78,11,38,63,47,50,68,60,48,49,76,79,73,99,11,56,84,64,16,3,64,19,29,3,27,97,56,6,85,77,73,14,75,28,38,94,50,75,93,46,83,97,7,35,20,32,42,46,87,56,3,11,6,79,61,19,74,95,2,76,36,1,32,11,87,90,2,54,93,62,15,46,86,93,33,86,90,88,90,27,57,44,57,93,32,97,19,10,75,72,61,92,55,50,66,74,3,90,79,7,48,67,51,41,56,90,92,67,63,10,63,90,13,80,3,12,82,20,66,51,24,4,77,33,99,7,69,49,88,78,29,55,62,2,25,75,67,9,54,48,6,89,38,96,73,27,63,64,66,35,71,61,12,39,97,2,79,70,22,15,47,74,39,18,31,45,74,15,38,89,39,67,62,59,9,84,45,77,19,57,63,99,4,14,6,85,86,85,47,74,4,35,18,88,7,18,64,97,91,7,66,97,60,21,94,69,85,82,47,19,43,31,90,77,91,85,63,71,62,89,45,17,93,32,38,6,10,24,48,93,44,4,37,39,72,65,93,95,27,31,62,82,93,61,8,98,96,70,30,10,52,98,6,95,31,69,49,84,91,17,48,35,3,12,74,69,18,65,4,17,33,45,96,12,27,88,72,11,4,27,69,97,51,87,45,42,72,35,92,4,24,34,68,41,45,33,14,25,89,14,34,90,26,73,43,26,42,68,26,85,55,68,5,15,39,3,19,96,12,83,8,16,54,31,91,72,78,65
287,39,78,74,81,62,44,2,56,1,5,41,57,22,78,33,13,93,82,82,8,69,95,87,9,61,51,91,83,21,62,23,83,33,50,73,32,42,70,38,3,50,72,59,47,97,5,56,38,27,80,87,58,9,65,40,13,92,92,3,2,79,88,56,51,25,82,61,62,65,78,98,53,10,82,60,32,9,54,69,29,77,22,17,64,36,86,80,8,90,57,55,6,94,44,34,59,60,41,87,98,94,8,29,48,35,96,85,55,9,49,49,77,12,7,26,31,49,63,99,17,68,9,80,97,39,38,57,49,24,92,54,72,25,72,49,53,85,86,9,10,5,66,52,32,58,54,85,63,36,88,38,31,28,30,56,3,35,11,55,35,5,61,29,23,22,22,9,99,19,81,27,49,11,53,99,25,67,62,39,83,11,77,75,38,4,5,1,26,25,92,91,43,51,67,87,32,65,55,93,2,50,47,20,73,78,80,89,93,78,13,70,43,23,42,73,84,96,4,65,93,26,52,17,13,8,96,5,14,4,54,9,68,31,88,74,85,91,13,50,17,94,70,4,33,79,89,55,47,50,27,46,4,27,92,39,95,66,32,56,22,32,72,33,31,2,89,74,92,12,72,67,90,27,17,86,60,57,37,86,68,38,57,63,37,26,28,40,53,42,94,94,88,80,10,80,30,56,29,33,7,32,26,14,18,53,17,73,48,69,26,27,93,74,24,42,63,99,70,63,54,97,85,64,47,81,85,82,31,38,9,92,50,78,87,46,11,24,65,95,31,58,96,44,15,76,58,23,82,18,52,41,92,93,45,82,49,8,33,29,93,9,24,40,19,3,23,31,4,4,40,86,52,3,20,69,30,86,93,59,72,56,78,96,51,25,33,94,66,40,82,4,95,32,7,16,14,8,80,18,18
288,40,75,23,42,56,31,49,36,3,49,15,38,72,57,69,65,63,66,69,60,81,9,37,9,62,1,51,37,56,14,19,59,45,39,88,35,30,18,74,39,42,45,89,23,5,43,70,1,70,36,7,31,60,30,7,74,36,26,91,95,75,57,17,91,23,28,54,99,21,48,21,44,51,3,60,54,44,28,45,9,6,24,89,18,84,51,2,56,73,53,22,22,59,43,50,31,76,42,12,63,67,82,69,42,10,43,6,89,47,49,75,2,24,99,48,39,67,51,22,60,94,18,96,18,72,63,60,47,89,39,94,94,86,74,87,9,42,58,59,45,97,97,82,11,46,83,65,58,5,94,27,42,63,91,78,96,41,15,17,39,41,80,24,93,65,28,56,3,24,63,66,16,63,72,82,56,49,92,75,41,27,89,18,20,25,15,40,99,22,48,35,61,31,55,67,20,17,70,98,56,74,45,50,91,76,49,85,36,56,45,39,68,89,13,51,36,69,75,1,52,34,42,33,80,57,89,15,19,37,15,9,26,47,55,69,55,41,34,10,68,7,7,17,92,95,49,14,62,46,81,78,5,46,4,94,70,13,77,81,65,80,49,97,55,79,92,14,4,7,75,52,50,59,67,12,27,95,41,64,43,4,64,54,47,48,43,99,45,84,80,24,44,73,22,59,3,41,57,97,91,12,22,10,59,70,24,44,73,36,67,8,93,19,70,30,18,89,33,32,83,24,38,88,5,89,27,40,5,99,32,29,98,71,92,99,64,31,23,52,79,32,30,12,89,48,91,25,98,70,59,25,97,83,94,79,27,43,49,82,65,12,50,87,52,94,32,13,86,84,55,44,73,62,84,3,1,13,71,54,8,48,35,94,45,27,54,63,22,18,75,71,54,87,71,36,6,43,91,74,43
289,63,48,12,68,83,27,6,19,98,58,87,93,2,22,61,20,87,76,81,10,11,20,2,2,19,42,4,20,4,98,17,18,35,97,72,31,98,92,83,43,94,40,25,23,7,72,82,93,29,17,58,30,33,86,39,48,4,2,13,57,40,98,37,70,96,35,88,77,13,28,78,79,51,59,19,12,29,92,78,1,42,98,16,25,68,61,84,89,35,6,97,27,95,19,11,28,81,75,92,61,91,55,47,45,89,67,24,83,48,69,97,89,31,90,62,77,35,39,97,94,22,6,19,31,20,5,40,61,76,4,69,15,79,34,92,51,80,1,10,16,68,78,93,66,25,32,19,5,93,72,54,95,18,85,14,1,56,84,98,64,19,25,79,3,92,76,36,5,22,81,9,55,20,75,11,25,12,83,72,92,60,48,34,7,2,31,88,41,83,34,13,17,88,38,42,23,64,5,69,7,56,54,48,68,36,12,62,46,28,36,51,62,5,37,86,14,49,88,88,13,59,77,36,29,80,88,2,93,50,24,68,48,37,83,15,73,32,78,25,74,15,8,34,98,82,64,89,80,71,85,84,85,7,46,2,89,76,25,59,19,90,12,97,90,37,44,3,76,39,50,59,25,95,90,72,85,47,9,26,3,38,48,28,2,59,73,18,33,15,1,21,63,32,91,31,68,75,74,15,14,81,74,11,54,53,59,43,70,57,37,13,47,55,70,8,53,64,59,44,28,66,95,45,35,37,77,85,25,80,83,45,58,14,70,23,48,34,88,57,55,15,71,19,3,39,69,55,32,7,4,20,11,44,40,5,67,3,89,87,68,82,20,38,32,90,38,80,11,5,71,90,89,58,39,72,72,3,44,82,73,69,71,86,41,86,26,77,65,95,44,2,67,83,53,9,37,85,63,23,73
290,64,79,8,51,92,31,72,33,78,72,77,52,35,58,29,66,95,73,99,68,15,47,65,90,91,25,91,82,66,18,87,83,39,34,8,55,27,61,26,57,44,6,87,52,12,87,72,79,70,49,94,95,26,94,9,7,68,66,8,55,81,41,38,28,24,92,10,99,63,10,10,34,65,21,36,91,96,9,65,7,27,38,10,3,65,11,42,37,83,43,60,41,65,60,55,39,77,35,27,56,46,30,50,76,52,29,73,53,44,64,19,72,51,28,23,10,33,38,18,46,13,97,14,5,11,33,80,62,6,37,64,77,54,93,67,28,28,17,67,42,25,48,52,36,82,97,20,14,51,77,33,38,50,48,78,83,38,58,32,70,47,15,95,20,4,15,69,63,72,90,71,25,17,93,96,14,42,24,27,38,94,23,44,79,20,24,29,27,11,32,5,59,31,24,41,7,17,84,9,26,23,15,55,72,81,11,48,43,35,58,54,45,59,97,89,14,78,96,64,6,76,68,25,13,40,61,2,29,2,50,63,23,71,9,65,16,54,80,84,19,45,81,93,36,57,40,18,68,70,30,54,14,96,89,53,25,37,9,30,26,52,31,10,50,11,69,7,79,69,15,61,96,90,13,91,95,1,83,45,54,6,11,86,26,71,44,64,18,33,55,40,91,5,46,79,98,38,21,96,86,61,35,15,59,1,77,54,26,35,11,52,82,98,47,51,1,33,67,36,88,98,37,69,70,29,8,30,22,94,62,52,49,60,26,24,43,74,9,26,29,69,77,35,60,66,96,19,22,68,59,97,62,66,38,56,63,84,80,2,76,24,2,9,38,5,1,21,5,59,16,60,29,5,22,14,39,85,55,80,10,89,1,19,2,36,35,15,18,91,77,84,38,62,53,7,57,24,20,76,22
291,74,75,2,82,66,38,31,87,33,78,27,83,63,47,17,17,77,56,91,69,29,91,24,88,93,13,11,23,63,96,2,15,76,18,54,36,71,45,85,36,5,73,97,67,62,97,10,76,5,98,4,91,13,19,1,89,42,66,69,34,16,50,80,80,5,58,30,94,80,48,14,83,49,44,39,23,89,19,18,71,11,1,48,35,57,35,72,21,95,7,91,60,83,24,40,83,96,22,16,92,29,19,89,34,22,26,67,93,66,13,85,12,95,58,68,53,32,57,64,26,33,81,18,73,62,23,12,58,5,20,22,78,31,15,5,84,7,48,39,58,29,73,36,32,72,3,45,5,63,51,15,87,63,68,16,78,99,66,37,94,81,82,41,35,54,30,31,48,46,9,35,90,12,59,47,55,24,47,52,38,61,18,4,77,15,63,80,81,71,77,80,73,48,83,50,70,52,5,94,82,41,44,36,20,66,88,34,30,94,93,44,33,24,88,63,74,5,73,49,56,52,14,71,67,27,68,37,12,25,63,64,36,31,78,15,84,79,71,13,32,65,62,28,29,49,29,5,85,59,47,17,46,85,68,4,22,7,71,3,6,85,73,62,73,8,92,47,76,97,40,7,61,71,59,51,93,3,38,39,70,45,80,6,41,77,8,25,20,26,86,49,7,3,47,59,41,18,86,83,21,88,21,95,54,13,18,9,16,17,88,64,78,8,43,91,29,86,64,53,2,65,98,67,46,81,55,90,52,89,29,38,91,12,50,70,63,75,10,41,90,3,77,73,65,22,63,74,90,87,20,83,82,37,39,26,5,99,54,96,8,63,46,4,16,46,98,88,28,17,7,24,78,50,74,57,24,56,17,88,23,57,47,83,38,25,96,45,61,56,36,34,90,98,8,71,82,81,66,54,43
292,2,95,64,52,17,65,73,7,61,82,1,60,40,96,44,84,6,26,79,90,32,6,57,58,74,48,49,69,37,83,47,61,87,16,94,20,71,36,96,24,74,17,65,14,31,10,60,26,95,52,13,97,99,77,64,87,6,39,81,67,69,12,2,36,50,44,97,60,81,24,88,25,89,46,70,86,30,64,92,98,44,71,37,33,89,37,54,74,93,60,72,59,71,90,54,70,3,96,12,30,80,99,52,43,38,43,21,38,94,87,67,13,39,15,99,14,22,46,55,79,61,96,65,27,94,40,68,74,63,44,77,53,37,60,53,78,51,14,5,34,55,53,17,50,29,21,29,89,60,60,49,53,25,15,44,91,86,12,33,85,7,74,62,82,46,9,22,22,1,4,7,35,67,81,36,12,14,27,74,25,46,5,84,68,94,85,72,31,74,96,71,36,3,83,97,38,22,89,61,48,57,4,20,32,67,70,82,33,39,8,70,98,28,45,12,30,90,38,89,93,81,77,51,71,68,15,65,63,29,84,50,82,26,60,7,53,40,47,46,44,1,10,92,83,56,86,29,18,6,53,23,73,59,5,22,19,95,54,70,25,27,21,92,79,77,64,14,30,54,16,75,15,41,52,9,41,95,51,15,23,50,43,29,68,76,43,57,51,4,40,91,56,47,95,13,92,42,22,25,3,43,50,59,56,72,54,96,69,42,3,85,52,59,27,81,28,89,50,95,95,17,74,88,61,63,72,28,16,54,25,88,3,6,24,57,41,67,27,23,6,43,65,33,30,71,73,26,4,91,84,4,72,41,86,79,75,20,75,68,49,5,42,53,64,31,83,33,81,48,76,52,78,18,39,73,76,43,1,4,81,75,96,37,40,35,43,65,95,25,59,25,38,77,9,24,66,67,99,25,35
293,5,44,61,29,24,91,33,18,30,21,91,34,62,93,74,72,4,8,82,78,61,75,45,28,36,87,33,1,94,56,78,99,45,2,50,6,44,49,60,54,23,47,29,31,85,67,50,44,10,82,69,33,40,32,88,18,46,8,44,14,95,38,43,69,75,28,84,47,44,62,53,21,56,76,51,18,5,69,45,15,15,21,42,75,18,55,27,12,63,92,30,55,82,10,48,64,16,95,11,94,84,59,30,88,75,53,50,13,73,29,58,46,71,32,3,2,95,46,30,38,32,42,79,5,99,4,1,52,96,20,17,69,41,93,99,23,15,2,20,93,83,52,97,53,28,39,72,94,61,92,22,84,48,84,8,6,55,98,50,35,86,9,85,27,50,26,50,30,55,98,1,97,5,14,33,14,94,96,95,72,39,68,57,74,77,79,36,15,24,5,63,9,81,80,1,79,54,7,24,75,46,65,58,81,40,96,50,94,78,35,50,30,96,13,9,46,23,27,63,5,73,62,49,55,57,56,52,5,48,48,5,49,34,45,60,35,1,67,92,50,73,86,9,79,41,7,85,58,89,63,15,42,81,83,31,90,44,97,80,32,25,83,55,51,79,34,42,40,82,51,73,71,6,30,98,27,60,77,24,73,9,38,53,56,53,90,74,52,69,8,82,3,51,76,66,27,9,19,89,86,53,55,60,41,59,92,54,3,82,76,48,6,33,35,38,77,15,20,38,61,11,51,55,62,47,92,92,66,82,91,82,70,64,30,37,11,71,59,44,98,24,86,16,68,60,79,64,16,72,67,12,61,43,90,60,76,64,62,18,97,99,43,34,77,93,31,37,49,98,89,92,22,73,54,82,78,8,66,67,96,88,94,11,28,10,80,77,52,71,9,67,48,17,34,54,85,13,7,57,44
294,9,29,95,78,80,7,82,42,71,16,28,92,29,46,14,80,6,7,76,52,32,59,59,37,24,15,64,74,78,36,68,42,94,90,89,16,82,18,73,30,4,83,79,51,12,48,4,73,17,30,32,58,77,38,47,68,78,90,94,2,93,59,67,36,93,83,53,18,16,71,23,9,48,78,21,41,24,70,64,53,21,85,93,33,82,7,46,90,23,35,22,55,21,82,69,4,32,43,67,52,67,30,55,50,69,20,13,68,74,11,69,6,62,38,92,63,28,9,13,12,74,64,23,67,94,13,59,28,90,96,86,77,59,85,90,95,74,29,51,24,60,82,40,89,94,79,73,26,80,57,45,7,53,65,10,99,52,88,1,66,13,45,43,77,48,99,30,30,93,49,21,5,93,89,15,69,78,61,71,83,41,62,45,34,19,53,82,43,26,83,83,28,30,8,6,44,91,12,77,56,61,72,10,57,50,94,30,28,30,80,5,63,57,77,72,5,17,37,76,36,90,17,25,59,90,83,51,64,6,51,3,81,99,82,24,23,82,38,28,61,9,20,67,83,43,35,76,50,64,3,58,17,65,47,15,58,54,95,20,71,41,44,13,68,33,26,32,5,7,76,70,69,45,8,94,31,76,90,19,19,86,74,60,94,77,75,79,42,23,60,41,20,53,61,85,26,87,31,24,40,58,1,73,73,52,93,13,88,52,96,92,35,79,5,89,8,11,47,26,47,89,32,1,52,29,15,55,39,76,34,86,36,31,27,27,10,95,15,87,37,46,44,76,79,99,27,32,20,6,33,87,14,78,64,11,1,74,77,19,74,7,91,63,17,69,22,82,97,88,17,59,87,22,73,9,97,80,93,55,19,11,59,21,2,39,78,89,60,59,31,60,95,87,58,78,95,52,98,26,23
295,62,17,97,10,58,33,72,73,3,59,15,47,17,65,75,41,12,81,59,41,66,91,48,18,14,39,3,76,84,54,79,14,14,52,94,24,22,68,40,62,62,60,80,86,16,64,59,15,35,10,8,1,27,61,62,25,70,13,29,12,84,70,79,3,77,51,57,13,5,46,84,41,45,39,65,56,31,51,15,82,20,34,3,13,38,59,90,37,27,19,23,12,25,53,8,14,25,84,8,5,74,26,97,74,5,74,45,37,74,82,63,7,84,22,80,97,54,9,97,72,23,50,45,14,77,20,29,37,96,49,62,59,94,60,35,84,73,21,52,19,14,99,78,5,12,68,77,42,90,53,20,73,57,69,21,17,19,58,47,11,12,30,53,42,46,34,20,76,76,84,42,36,61,54,24,70,62,7,37,68,67,49,81,93,88,69,67,48,82,3,38,47,21,55,63,64,39,92,85,93,76,21,14,16,3,63,3,25,93,66,5,40,64,87,26,18,34,84,29,21,29,20,42,3,42,5,13,13,96,51,80,35,97,3,85,73,23,74,74,25,36,58,45,12,86,70,82,60,20,63,80,32,17,34,57,2,14,28,49,17,93,20,22,39,85,68,91,88,70,4,93,83,60,67,87,18,42,32,45,97,56,78,25,79,49,1,84,14,99,8,98,88,70,28,97,21,29,45,37,60,1,93,38,49,36,45,75,88,90,57,57,37,59,62,18,62,93,93,11,34,32,51,9,38,95,26,27,77,89,4,95,16,34,35,24,70,78,14,37,85,32,66,93,93,90,56,89,43,27,99,82,21,11,64,53,37,50,76,84,94,52,35,18,52,53,55,85,99,23,28,92,20,30,38,87,50,20,49,70,48,76,55,56,2,58,82,5,91,16,77,41,86,83,14,55,40,59,81,38,63
296,90,60,9,21,2,75,55,53,76,94,6,29,21,77,78,76,54,20,58,94,14,26,27,85,85,44,27,90,48,95,46,90,36,93,27,75,63,65,52,91,79,32,46,30,43,33,53,89,10,57,53,27,86,63,19,93,54,77,31,51,54,81,41,19,24,51,65,53,7,50,31,69,38,46,62,14,15,65,88,56,74,86,28,66,35,35,75,64,57,65,2,31,30,95,76,25,99,43,41,98,39,19,70,64,72,1,2,38,22,56,66,37,15,85,63,46,42,91,79,62,98,63,32,90,45,63,15,81,54,89,12,93,66,45,96,58,30,80,22,66,85,4,79,16,77,4,25,23,60,53,19,81,90,78,90,15,37,51,60,8,98,45,66,30,47,77,2,80,95,96,36,84,72,30,61,4,53,66,90,6,33,99,97,57,85,86,94,46,1,88,89,78,98,32,9,91,6,3,6,57,10,79,11,48,58,18,8,91,26,77,83,42,62,35,94,49,64,72,59,50,31,49,15,10,44,67,80,17,95,99,8,35,70,52,10,5,1,99,16,67,11,97,99,19,67,52,80,82,48,34,44,39,2,64,75,69,50,21,13,80,45,11,76,93,29,71,28,84,93,28,62,66,20,78,89,17,41,23,59,50,44,96,81,86,80,78,36,19,29,29,2,71,86,90,23,82,80,32,84,22,53,76,85,53,63,63,68,47,6,61,74,98,95,91,10,12,23,56,55,31,38,74,36,92,91,31,99,6,90,38,96,15,17,79,64,36,65,97,28,23,58,31,99,76,75,90,38,52,12,93,86,92,74,31,35,49,28,93,75,12,29,63,49,72,1,52,21,35,96,88,57,97,11,84,15,70,7,71,65,24,63,58,96,88,46,73,34,15,30,65,37,11,94,59,3,20,56,60,74,10
297,15,91,98,83,32,28,16,50,69,13,1,56,23,8,14,90,50,75,64,9,71,5,22,9,49,61,39,35,7,1,70,60,24,8,70,55,23,19,21,25,45,14,47,70,43,17,18,55,26,71,31,73,32,4,42,2,74,96,52,61,98,69,27,54,69,74,96,52,71,35,78,33,61,52,7,2,23,93,63,80,78,83,7,46,13,72,49,42,77,46,83,14,27,86,31,89,76,85,80,20,68,70,59,42,84,80,84,64,29,81,98,68,65,40,76,7,10,41,51,61,13,8,89,26,37,95,84,13,31,66,7,72,35,7,18,21,18,78,62,79,49,22,89,9,40,15,67,46,78,54,52,39,2,97,8,60,52,4,17,5,79,86,80,94,62,30,52,98,33,94,17,56,50,10,54,87,55,51,67,80,50,10,14,16,1,90,58,85,44,94,52,28,13,78,62,4,94,82,79,71,33,94,20,52,32,61,63,37,31,62,80,50,31,18,70,55,31,45,17,28,50,7,92,28,15,97,33,42,51,49,69,42,23,39,52,58,21,57,30,98,50,14,21,90,87,28,27,77,41,33,85,82,58,63,28,33,7,67,77,64,34,87,85,42,18,17,75,20,56,95,93,75,57,76,60,11,31,55,71,16,36,5,40,44,18,25,89,58,23,64,86,58,99,71,35,11,8,68,86,21,31,99,46,64,83,92,63,83,25,90,57,49,79,99,28,94,46,52,50,50,55,65,61,24,13,11,7,67,35,89,12,61,25,28,99,45,76,3,4,19,77,57,26,56,79,64,77,13,56,84,74,23,94,50,52,63,23,55,17,88,48,41,41,72,14,97,85,52,43,90,95,30,25,56,70,68,45,75,76,64,85,3,53,3,72,19,59,97,38,50,75,97,26,89,42,97,67,40,36,88
298,19,54,32,9,45,14,18,88,62,73,37,76,53,20,10,74,18,87,17,18,95,30,44,77,97,30,62,61,6,83,9,2,73,42,71,2,6,48,50,63,19,84,73,17,65,18,42,9,25,60,23,69,24,2,84,94,31,32,67,53,9,20,59,68,56,97,83,71,17,46,84,31,34,18,67,71,46,11,46,26,89,27,14,87,92,68,1,97,58,9,67,15,75,63,41,94,48,70,81,82,2,83,33,31,98,48,40,24,33,16,88,40,24,54,65,10,76,45,73,62,80,16,14,27,19,25,79,7,16,31,2,12,19,38,35,9,54,9,44,13,73,81,47,23,31,77,37,23,24,88,39,53,56,67,8,23,25,9,58,2,47,14,25,57,49,13,39,25,4,10,20,77,45,7,80,68,15,24,73,73,6,4,70,34,11,42,23,37,32,73,87,92,63,2,34,99,4,88,69,33,9,43,59,30,43,53,81,86,35,65,15,60,80,96,46,75,26,72,79,32,35,17,49,82,49,63,18,8,96,64,24,85,91,4,90,83,63,26,62,81,69,92,45,60,95,23,47,8,51,57,96,12,48,2,75,23,30,12,16,93,1,52,44,9,63,84,16,22,31,22,62,59,24,77,80,53,17,65,25,49,67,30,67,52,97,74,36,27,88,36,50,54,53,45,63,47,70,58,79,43,47,29,9,47,99,64,79,89,94,17,73,15,85,6,62,13,18,64,17,77,87,91,70,75,18,27,86,53,57,10,72,6,26,20,25,6,71,73,91,4,77,56,86,10,63,6,3,19,3,60,51,10,33,58,9,62,32,80,74,72,5,46,44,8,54,46,80,47,92,17,16,99,6,37,88,46,68,23,49,72,98,26,7,43,22,79,86,12,97,35,15,69,55,95,57,20,88,80,54,28
299,39,80,67,23,20,60,76,42,92,93,79,65,85,14,37,26,47,65,35,12,29,18,53,57,67,19,44,17,48,99,2,78,52,84,21,76,12,19,87,30,21,60,6,34,38,95,36,2,21,48,98,47,19,40,82,54,99,44,29,28,23,36,84,64,42,79,73,41,98,77,37,5,80,25,29,34,66,29,31,93,53,86,39,63,94,63,90,62,8,87,90,50,13,22,63,13,80,36,42,9,38,72,25,89,56,55,6,28,93,19,55,13,71,46,32,49,23,25,18,59,43,96,54,43,3,30,84,16,18,72,14,1,99,83,1,48,90,97,1,54,1,76,21,33,36,30,27,42,95,40,6,79,71,60,7,14,14,96,93,53,73,3,86,41,64,65,58,50,48,82,50,54,28,25,66,98,55,59,8,40,57,44,60,81,26,59,34,20,27,41,68,44,1,81,43,20,85,61,64,4,10,96,37,99,24,4,22,69,35,20,15,98,4,27,2,67,72,38,22,86,19,98,99,93,36,36,29,62,19,99,36,56,15,22,24,58,10,63,11,89,24,22,97,74,61,26,22,21,32,46,72,26,2,40,30,7,68,95,79,21,27,29,29,6,81,19,67,82,28,43,86,18,37,66,94,31,24,98,80,9,28,37,84,66,18,62,54,2,58,5,35,61,64,55,85,83,89,25,55,81,45,80,96,81,26,79,61,85,61,78,2,90,7,1,8,52,42,18,4,23,45,75,2,65,62,17,44,3,94,95,98,86,73,8,79,51,21,72,4,47,92,58,57,48,12,79,41,70,93,52,36,69,67,14,19,95,34,39,54,75,57,40,81,86,29,70,10,44,30,93,91,13,93,26,89,12,32,65,46,46,54,98,95,80,40,9,59,87,40,36,12,36,65,73,2,90,25,98,83,29
